time,load,solar,runoff
2021-03-01 07:00:00,7.751905356134685,34.314,35.33768147230148
2021-03-01 08:00:00,8.097902218500773,52.144,35.43388485908508
2021-03-01 09:00:00,9.174488099416097,65.285,35.53008824586868
2021-03-01 10:00:00,5.833899398644764,65.416,35.62629163265228
2021-03-01 11:00:00,4.169671694437663,61.733,35.72249501943588
2021-03-01 12:00:00,5.446452331542971,55.202,35.81869840621948
2021-03-01 13:00:00,5.590958444277447,45.206,35.91490179300308
2021-03-01 14:00:00,7.846495056152345,29.355,36.01110517978668
2021-03-01 15:00:00,10.384824450810749,11.441,36.10730856657028
2021-03-01 16:00:00,10.574769798914591,0.417,36.20351195335388
2021-03-01 17:00:00,7.46877748966217,0.0,36.29971534013748
2021-03-01 18:00:00,7.033352565765384,0.0,36.39591872692108
2021-03-01 19:00:00,9.714845466613763,0.0,36.49212211370468
2021-03-01 20:00:00,10.10372626781464,0.0,36.58832550048828
2021-03-01 21:00:00,7.152088300387066,0.0,36.68452888727188
2021-03-01 22:00:00,5.655382601420085,0.0,36.78073227405548
2021-03-01 23:00:00,4.126849619547526,0.0,36.87693566083908
2021-03-02 00:00:00,2.8432011167208353,0.0,36.97313904762268
2021-03-02 01:00:00,2.867398039499918,0.0,36.70518979430199
2021-03-02 02:00:00,2.782735629876455,0.0,36.43724054098129
2021-03-02 03:00:00,3.096017936865489,0.0,36.1692912876606
2021-03-02 04:00:00,3.9507936398188264,3.277,35.901342034339905
2021-03-02 05:00:00,4.375585456689198,26.817,35.63339278101921
2021-03-02 06:00:00,7.40723180770874,49.083,35.36544352769852
2021-03-02 07:00:00,5.779046130180359,65.535,35.09749427437782
2021-03-02 08:00:00,6.667007303237913,76.319,34.82954502105713
2021-03-02 09:00:00,4.82930021683375,81.726,34.561595767736435
2021-03-02 10:00:00,4.513218331336974,81.764,34.29364651441574
2021-03-02 11:00:00,5.0282035827636715,76.402,34.02569726109505
2021-03-02 12:00:00,4.118083739280701,67.587,33.75774800777435
2021-03-02 13:00:00,3.9090927958488466,49.535,33.48979875445366
2021-03-02 14:00:00,6.65873704751333,25.502,33.221849501132965
2021-03-02 15:00:00,4.635100531578065,8.605,32.95390024781227
2021-03-02 16:00:00,4.162133034070333,0.304,32.68595099449158
2021-03-02 17:00:00,6.136745103200277,0.0,32.41800174117088
2021-03-02 18:00:00,7.187279438972473,0.0,32.15005248785019
2021-03-02 19:00:00,10.14059970378876,0.0,31.8821032345295
2021-03-02 20:00:00,10.270548343658444,0.0,31.614153981208798
2021-03-02 21:00:00,8.76171809832255,0.0,31.346204727888107
2021-03-02 22:00:00,5.662681388854981,0.0,31.078255474567417
2021-03-02 23:00:00,3.890891178448996,0.0,30.810306221246716
2021-03-03 00:00:00,2.848941644032797,0.0,30.542356967926025
2021-03-03 01:00:00,2.9207249720891313,0.0,30.302816629409786
2021-03-03 02:00:00,2.814470609029134,0.0,30.06327629089356
2021-03-03 03:00:00,4.355472433567048,0.0,29.82373595237732
2021-03-03 04:00:00,7.314413611094157,3.254,29.584195613861084
2021-03-03 05:00:00,6.382086062431335,20.947,29.34465527534485
2021-03-03 06:00:00,6.489640879631041,43.004,29.105114936828613
2021-03-03 07:00:00,4.682758128643035,60.427,28.865574598312378
2021-03-03 08:00:00,7.739265648523972,71.486,28.626034259796143
2021-03-03 09:00:00,4.83182708422343,76.735,28.386493921279907
2021-03-03 10:00:00,4.564046812057496,77.34,28.146953582763672
2021-03-03 11:00:00,4.870623540878295,71.521,27.907413244247437
2021-03-03 12:00:00,4.343428782622019,59.978,27.6678729057312
2021-03-03 13:00:00,2.3543105999628704,43.856,27.428332567214966
2021-03-03 14:00:00,2.280546621481578,25.661,27.18879222869873
2021-03-03 15:00:00,2.8693963766098016,9.334,26.949251890182495
2021-03-03 16:00:00,5.19494500954946,0.251,26.70971155166626
2021-03-03 17:00:00,6.8222759485244735,0.0,26.470171213150024
2021-03-03 18:00:00,6.97295152346293,0.0,26.23063087463379
2021-03-03 19:00:00,10.930841088294985,0.0,25.991090536117554
2021-03-03 20:00:00,9.47564764022827,0.0,25.75155019760132
2021-03-03 21:00:00,7.737768077850342,0.0,25.512009859085083
2021-03-03 22:00:00,6.5119258483250935,0.0,25.272469520568848
2021-03-03 23:00:00,3.714472659428915,0.0,25.032929182052612
2021-03-04 00:00:00,3.695066090424855,0.0,24.793388843536377
2021-03-04 01:00:00,3.590575349330901,0.0,24.617123305797577
2021-03-04 02:00:00,3.2221069931983948,0.0,24.440857768058777
2021-03-04 03:00:00,3.0726939757664997,0.0,24.264592230319977
2021-03-04 04:00:00,3.662629246711731,3.237,24.088326692581177
2021-03-04 05:00:00,4.2001560966173805,26.243,23.912061154842377
2021-03-04 06:00:00,7.956830263137815,47.753,23.735795617103577
2021-03-04 07:00:00,5.9612172007560735,63.203,23.559530079364777
2021-03-04 08:00:00,5.838484529654185,73.334,23.383264541625977
2021-03-04 09:00:00,5.611010090510052,78.495,23.206999003887177
2021-03-04 10:00:00,3.2157060623168947,79.145,23.030733466148376
2021-03-04 11:00:00,3.6186862111091616,75.33,22.854467928409576
2021-03-04 12:00:00,1.8204046130180365,66.921,22.678202390670776
2021-03-04 13:00:00,2.2768078466256454,53.532,22.501936852931976
2021-03-04 14:00:00,4.110275534788768,35.103,22.325671315193176
2021-03-04 15:00:00,5.409093026320141,13.696,22.149405777454376
2021-03-04 16:00:00,5.557507395744324,0.226,21.973140239715576
2021-03-04 17:00:00,7.426802889506022,0.0,21.796874701976776
2021-03-04 18:00:00,9.06223827203115,0.0,21.620609164237976
2021-03-04 19:00:00,10.166722583770756,0.0,21.444343626499176
2021-03-04 20:00:00,9.968221251169842,0.0,21.268078088760376
2021-03-04 21:00:00,7.61603443622589,0.0,21.091812551021576
2021-03-04 22:00:00,3.5420078158378607,0.0,20.915547013282776
2021-03-04 23:00:00,3.132029366493226,0.0,20.739281475543976
2021-03-05 00:00:00,3.1563813726107273,0.0,20.563015937805176
2021-03-05 01:00:00,3.258789451917013,0.0,20.435175076127052
2021-03-05 02:00:00,3.251125955581666,0.0,20.30733421444893
2021-03-05 03:00:00,2.920292842388153,0.0,20.179493352770805
2021-03-05 04:00:00,4.794426143169403,3.262,20.051652491092682
2021-03-05 05:00:00,5.91119613647461,23.093,19.92381162941456
2021-03-05 06:00:00,7.153988917668658,44.384,19.795970767736435
2021-03-05 07:00:00,5.858388964335123,60.021,19.66812990605831
2021-03-05 08:00:00,9.147401034832004,69.671,19.540289044380188
2021-03-05 09:00:00,6.202679928143819,74.979,19.412448182702065
2021-03-05 10:00:00,6.327939335505167,75.637,19.28460732102394
2021-03-05 11:00:00,6.6993945757548,70.553,19.156766459345818
2021-03-05 12:00:00,6.008478260040283,60.612,19.028925597667694
2021-03-05 13:00:00,6.014065965016683,47.33,18.90108473598957
2021-03-05 14:00:00,5.277909986178079,29.909,18.773243874311447
2021-03-05 15:00:00,3.9251174887021376,11.463,18.645403012633324
2021-03-05 16:00:00,4.972758285204568,0.184,18.5175621509552
2021-03-05 17:00:00,5.33075431982676,0.0,18.389721289277077
2021-03-05 18:00:00,5.028674419720968,0.0,18.261880427598953
2021-03-05 19:00:00,8.015630078315734,0.0,18.13403956592083
2021-03-05 20:00:00,9.003303718566894,0.0,18.006198704242706
2021-03-05 21:00:00,6.931785702705384,0.0,17.878357842564583
2021-03-05 22:00:00,4.036791106065115,0.0,17.75051698088646
2021-03-05 23:00:00,3.176173690954845,0.0,17.622676119208336
2021-03-06 00:00:00,3.0909252405166625,0.0,17.494835257530212
2021-03-06 01:00:00,3.107386747996013,0.0,17.438662722706795
2021-03-06 02:00:00,3.003451546033223,0.0,17.382490187883377
2021-03-06 03:00:00,2.999736126263937,0.0,17.32631765305996
2021-03-06 04:00:00,2.797240960597992,3.412,17.27014511823654
2021-03-06 05:00:00,2.9675432523091634,23.902,17.213972583413124
2021-03-06 06:00:00,4.651649200916291,44.668,17.157800048589706
2021-03-06 07:00:00,6.020072333017987,59.958,17.10162751376629
2021-03-06 08:00:00,5.326521098613738,69.55,17.04545497894287
2021-03-06 09:00:00,6.591462194919586,72.288,16.989282444119453
2021-03-06 10:00:00,5.699035839239757,70.043,16.933109909296036
2021-03-06 11:00:00,5.795685958862306,61.106,16.876937374472618
2021-03-06 12:00:00,7.485215735435488,48.264,16.8207648396492
2021-03-06 13:00:00,6.032285197575886,32.381,16.764592304825783
2021-03-06 14:00:00,5.827353199323019,18.524,16.708419770002365
2021-03-06 15:00:00,6.248660477002462,7.047,16.652247235178947
2021-03-06 16:00:00,6.441845266024272,0.091,16.59607470035553
2021-03-06 17:00:00,7.467062528928121,0.0,16.539902165532112
2021-03-06 18:00:00,9.072637510299687,0.0,16.483729630708694
2021-03-06 19:00:00,12.918859426180523,0.0,16.427557095885277
2021-03-06 20:00:00,10.71324832439423,0.0,16.37138456106186
2021-03-06 21:00:00,6.9493226369222,0.0,16.31521202623844
2021-03-06 22:00:00,4.6949271996816,0.0,16.259039491415024
2021-03-06 23:00:00,4.365408551692962,0.0,16.202866956591606
2021-03-07 00:00:00,2.998870491981507,0.0,16.14669442176819
2021-03-07 01:00:00,2.9836174488067626,0.0,16.113765686750412
2021-03-07 02:00:00,2.9558200955390936,0.0,16.080836951732635
2021-03-07 03:00:00,2.8134507099787394,0.0,16.04790821671486
2021-03-07 04:00:00,3.494734859466553,3.047,16.014979481697083
2021-03-07 05:00:00,3.8292150298754377,20.636,15.982050746679308
2021-03-07 06:00:00,3.9089627305666608,38.461,15.94912201166153
2021-03-07 07:00:00,4.95754699309667,54.809,15.916193276643751
2021-03-07 08:00:00,8.29953926404317,68.837,15.883264541625978
2021-03-07 09:00:00,7.5092782974243155,73.791,15.8503358066082
2021-03-07 10:00:00,6.4390474160512285,71.287,15.817407071590422
2021-03-07 11:00:00,7.486866362889609,66.883,15.784478336572649
2021-03-07 12:00:00,5.351854538917541,54.093,15.75154960155487
2021-03-07 13:00:00,5.530682675043743,35.682,15.718620866537092
2021-03-07 14:00:00,4.951399739583333,24.446,15.68569213151932
2021-03-07 15:00:00,6.29180306593577,12.442,15.652763396501541
2021-03-07 16:00:00,5.7610708077748605,0.137,15.619834661483763
2021-03-07 17:00:00,6.773395244280499,0.0,15.58690592646599
2021-03-07 18:00:00,6.944570926825208,0.0,15.553977191448212
2021-03-07 19:00:00,10.496105861663818,0.0,15.521048456430433
2021-03-07 20:00:00,8.043575159708658,0.0,15.48811972141266
2021-03-07 21:00:00,6.833342011769611,0.0,15.455190986394882
2021-03-07 22:00:00,4.83690672715505,0.0,15.422262251377104
2021-03-07 23:00:00,3.4125013391176866,0.0,15.389333516359331
2021-03-08 00:00:00,3.207385873794556,0.0,15.356404781341553
2021-03-08 01:00:00,3.3050222635269164,0.0,15.322184748947622
2021-03-08 02:00:00,3.2485650857289636,0.0,15.287964716553686
2021-03-08 03:00:00,3.3251403888066604,0.0,15.253744684159756
2021-03-08 04:00:00,5.761114696661633,2.991,15.219524651765825
2021-03-08 05:00:00,6.215650316079458,13.997,15.18530461937189
2021-03-08 06:00:00,6.102480208873749,27.956,15.151084586977959
2021-03-08 07:00:00,6.981400350729625,48.564,15.116864554584028
2021-03-08 08:00:00,7.896196917692822,61.359,15.082644522190092
2021-03-08 09:00:00,6.945564766724903,71.468,15.048424489796162
2021-03-08 10:00:00,8.58058722019196,73.152,15.014204457402231
2021-03-08 11:00:00,9.186832153797146,66.12,14.979984425008297
2021-03-08 12:00:00,7.259244290987651,49.829,14.945764392614365
2021-03-08 13:00:00,7.225557724634807,27.36,14.911544360220432
2021-03-08 14:00:00,5.9585640112559,21.607,14.8773243278265
2021-03-08 15:00:00,4.610493381818135,10.695,14.843104295432568
2021-03-08 16:00:00,6.60043801466624,0.136,14.808884263038635
2021-03-08 17:00:00,8.5929264942805,0.0,14.774664230644703
2021-03-08 18:00:00,10.495503107706702,0.0,14.74044419825077
2021-03-08 19:00:00,10.661091033617652,0.0,14.706224165856838
2021-03-08 20:00:00,7.895614767074586,0.0,14.672004133462906
2021-03-08 21:00:00,5.779772086938223,0.0,14.637784101068974
2021-03-08 22:00:00,3.0795846064885457,0.0,14.603564068675041
2021-03-08 23:00:00,2.734716121355692,0.0,14.569344036281109
2021-03-09 00:00:00,2.5794964710871384,0.0,14.535124003887177
2021-03-09 01:00:00,2.595372374852498,0.0,14.5021952688694
2021-03-09 02:00:00,2.6979657808939614,0.0,14.469266533851624
2021-03-09 03:00:00,2.6096408764521275,0.0,14.436337798833847
2021-03-09 04:00:00,3.985742215315502,1.621,14.40340906381607
2021-03-09 05:00:00,4.303769028186798,12.326,14.370480328798294
2021-03-09 06:00:00,4.868972818056743,24.45,14.337551593780518
2021-03-09 07:00:00,4.991581583023072,44.162,14.304622858762741
2021-03-09 08:00:00,6.8540174484252905,65.428,14.271694123744965
2021-03-09 09:00:00,4.822379674514136,73.943,14.238765388727188
2021-03-09 10:00:00,3.0053563356399535,78.465,14.205836653709412
2021-03-09 11:00:00,4.095563836892446,72.351,14.172907918691635
2021-03-09 12:00:00,4.464080174763997,68.749,14.139979183673859
2021-03-09 13:00:00,5.912612422307333,49.227,14.107050448656082
2021-03-09 14:00:00,5.7497231205304455,29.491,14.074121713638306
2021-03-09 15:00:00,5.192521770795186,10.736,14.04119297862053
2021-03-09 16:00:00,6.686435317993164,0.06,14.008264243602753
2021-03-09 17:00:00,6.248211864630383,0.0,13.975335508584976
2021-03-09 18:00:00,8.07268486022949,0.0,13.9424067735672
2021-03-09 19:00:00,10.830287702878314,0.0,13.909478038549423
2021-03-09 20:00:00,7.726710939407349,0.0,13.876549303531647
2021-03-09 21:00:00,7.421029607454935,0.0,13.84362056851387
2021-03-09 22:00:00,3.901545075575511,0.0,13.810691833496094
2021-03-09 23:00:00,2.2888882557551065,0.0,13.777763098478317
2021-03-10 00:00:00,2.2436323126157123,0.0,13.74483436346054
2021-03-10 01:00:00,2.232945895195007,0.0,13.698346763849258
2021-03-10 02:00:00,2.2678630371888473,0.0,13.651859164237976
2021-03-10 03:00:00,3.1480575243632,0.0,13.605371564626694
2021-03-10 04:00:00,4.654890795548757,2.581,13.558883965015411
2021-03-10 05:00:00,5.901536492506662,18.356,13.512396365404129
2021-03-10 06:00:00,5.883224427700042,34.892,13.465908765792847
2021-03-10 07:00:00,4.780553869406382,51.881,13.419421166181564
2021-03-10 08:00:00,7.75171250899633,61.767,13.372933566570282
2021-03-10 09:00:00,6.5630529483159386,72.475,13.326445966959
2021-03-10 10:00:00,4.965535660584767,79.226,13.279958367347717
2021-03-10 11:00:00,4.439664808909098,78.952,13.233470767736435
2021-03-10 12:00:00,3.805603392918905,70.398,13.186983168125153
2021-03-10 13:00:00,4.795238447189333,55.881,13.14049556851387
2021-03-10 14:00:00,4.813858918348947,36.202,13.094007968902588
2021-03-10 15:00:00,5.479493737220764,13.662,13.047520369291306
2021-03-10 16:00:00,5.789976731936137,0.076,13.001032769680023
2021-03-10 17:00:00,8.401505708694456,0.0,12.95454517006874
2021-03-10 18:00:00,6.263396890958151,0.0,12.908057570457458
2021-03-10 19:00:00,8.77634514172872,0.0,12.861569970846176
2021-03-10 20:00:00,8.507720859845477,0.0,12.815082371234894
2021-03-10 21:00:00,5.578058830897015,0.0,12.768594771623611
2021-03-10 22:00:00,3.326021003723145,0.0,12.722107172012329
2021-03-10 23:00:00,2.7685486396153767,0.0,12.675619572401047
2021-03-11 00:00:00,2.3945854465166727,0.0,12.629131972789764
2021-03-11 01:00:00,2.112739431858063,0.0,12.581998705863953
2021-03-11 02:00:00,2.1713184475898744,0.0,12.53486543893814
2021-03-11 03:00:00,2.3049369812011724,0.0,12.487732172012329
2021-03-11 04:00:00,2.87605080207189,2.629,12.440598905086517
2021-03-11 05:00:00,3.9509876092274983,20.325,12.393465638160706
2021-03-11 06:00:00,5.090718487898508,47.239,12.346332371234894
2021-03-11 07:00:00,6.986441389719646,64.845,12.299199104309082
2021-03-11 08:00:00,11.36712641716004,75.406,12.25206583738327
2021-03-11 09:00:00,9.035896360874176,80.3,12.204932570457458
2021-03-11 10:00:00,7.39152885278066,80.592,12.157799303531647
2021-03-11 11:00:00,7.254922727743785,76.362,12.110666036605835
2021-03-11 12:00:00,4.559943854808808,67.513,12.063532769680023
2021-03-11 13:00:00,4.312513363361359,53.677,12.016399502754211
2021-03-11 14:00:00,6.496468285719554,34.743,11.9692662358284
2021-03-11 15:00:00,6.19311001698176,12.692,11.922132968902588
2021-03-11 16:00:00,4.132889346281688,0.038,11.874999701976776
2021-03-11 17:00:00,4.814184975624085,0.0,11.827866435050964
2021-03-11 18:00:00,5.49977042277654,0.0,11.780733168125153
2021-03-11 19:00:00,10.000351770718892,0.0,11.73359990119934
2021-03-11 20:00:00,7.954393227895101,0.0,11.686466634273529
2021-03-11 21:00:00,4.391708803176881,0.0,11.639333367347717
2021-03-11 22:00:00,4.342175145943959,0.0,11.592200100421906
2021-03-11 23:00:00,2.545948890844981,0.0,11.545066833496094
2021-03-12 00:00:00,2.2527463455994927,0.0,11.497933566570282
2021-03-12 01:00:00,2.2356858928998307,0.0,11.452737301588058
2021-03-12 02:00:00,2.2841730336348216,0.0,11.407541036605835
2021-03-12 03:00:00,2.0739284992218026,0.0,11.362344771623611
2021-03-12 04:00:00,2.0703514993190764,3.16,11.317148506641388
2021-03-12 05:00:00,3.7766417046387986,25.091,11.271952241659164
2021-03-12 06:00:00,6.700206387042997,46.233,11.226755976676941
2021-03-12 07:00:00,4.363693300882977,61.704,11.181559711694717
2021-03-12 08:00:00,7.567299644152324,71.849,11.136363446712494
2021-03-12 09:00:00,7.236371695995332,77.045,11.09116718173027
2021-03-12 10:00:00,6.660331416130068,77.583,11.045970916748047
2021-03-12 11:00:00,4.07474450667699,73.477,11.000774651765823
2021-03-12 12:00:00,3.032762304941813,64.298,10.9555783867836
2021-03-12 13:00:00,3.007536260286967,48.176,10.910382121801376
2021-03-12 14:00:00,3.0338213165601093,28.672,10.865185856819153
2021-03-12 15:00:00,4.177631529172261,9.771,10.81998959183693
2021-03-12 16:00:00,6.6767814954121905,0.0,10.774793326854706
2021-03-12 17:00:00,4.983585985501607,0.0,10.729597061872482
2021-03-12 18:00:00,6.439031616846721,0.0,10.684400796890259
2021-03-12 19:00:00,10.988175233205158,0.0,10.639204531908035
2021-03-12 20:00:00,10.800938137372336,0.0,10.594008266925812
2021-03-12 21:00:00,9.017450539271035,0.0,10.548812001943588
2021-03-12 22:00:00,5.466344348589579,0.0,10.503615736961365
2021-03-12 23:00:00,5.070006593068441,0.0,10.458419471979141
2021-03-13 00:00:00,4.725251146157583,0.0,10.413223206996918
2021-03-13 01:00:00,4.279926192760468,0.0,10.379003174602985
2021-03-13 02:00:00,4.217172567049662,0.0,10.344783142209053
2021-03-13 03:00:00,3.4355509082476297,0.0,10.31056310981512
2021-03-13 04:00:00,3.5611775279045106,2.03,10.276343077421188
2021-03-13 05:00:00,3.770750868320465,15.85,10.242123045027256
2021-03-13 06:00:00,4.816921877861024,43.806,10.207903012633324
2021-03-13 07:00:00,4.537942266464233,62.416,10.173682980239391
2021-03-13 08:00:00,7.446024036407473,73.701,10.139462947845459
2021-03-13 09:00:00,7.353807731469474,79.157,10.105242915451527
2021-03-13 10:00:00,6.207629199822744,79.899,10.071022883057594
2021-03-13 11:00:00,5.535452536741891,75.958,10.036802850663662
2021-03-13 12:00:00,6.635869689782463,66.922,10.00258281826973
2021-03-13 13:00:00,5.8134377678235385,52.141,9.968362785875797
2021-03-13 14:00:00,8.12630431254705,32.181,9.934142753481865
2021-03-13 15:00:00,4.861445287863415,10.472,9.899922721087933
2021-03-13 16:00:00,5.529529225826264,0.0,9.865702688694
2021-03-13 17:00:00,4.524056812127431,0.0,9.831482656300068
2021-03-13 18:00:00,9.276719892024992,0.0,9.797262623906136
2021-03-13 19:00:00,10.059373323122664,0.0,9.763042591512203
2021-03-13 20:00:00,8.387574585278829,0.0,9.72882255911827
2021-03-13 21:00:00,6.99574666817983,0.0,9.694602526724339
2021-03-13 22:00:00,5.313184301058452,0.0,9.660382494330406
2021-03-13 23:00:00,4.138450709978739,0.0,9.626162461936474
2021-03-14 00:00:00,3.7940750320752463,0.0,9.591942429542542
2021-03-14 01:00:00,3.8709022323290503,0.0,9.559013694524765
2021-03-14 02:00:00,3.436489526430765,0.0,9.526084959506989
2021-03-14 03:00:00,3.171181396643321,0.0,9.493156224489212
2021-03-14 04:00:00,3.161829622586568,2.569,9.460227489471436
2021-03-14 05:00:00,3.057994798819224,22.601,9.427298754453659
2021-03-14 06:00:00,3.542924058437348,47.745,9.394370019435883
2021-03-14 07:00:00,4.727127738793692,63.992,9.361441284418106
2021-03-14 08:00:00,6.078612701098124,74.196,9.32851254940033
2021-03-14 09:00:00,6.749145257472993,79.291,9.295583814382553
2021-03-14 10:00:00,6.480346790949503,79.785,9.262655079364777
2021-03-14 11:00:00,7.458993713061017,75.72,9.229726344347
2021-03-14 12:00:00,7.321267143885295,66.981,9.196797609329224
2021-03-14 13:00:00,5.808164827028912,53.208,9.163868874311447
2021-03-14 14:00:00,7.637349041302998,34.331,9.13094013929367
2021-03-14 15:00:00,7.420391988754277,12.301,9.098011404275894
2021-03-14 16:00:00,6.055991498629252,0.0,9.065082669258118
2021-03-14 17:00:00,6.922225419680278,0.0,9.032153934240341
2021-03-14 18:00:00,10.438106966018678,0.0,8.999225199222565
2021-03-14 19:00:00,8.865099096298216,0.0,8.966296464204788
2021-03-14 20:00:00,9.818602275848386,0.0,8.933367729187012
2021-03-14 21:00:00,5.582326165835061,0.0,8.900438994169235
2021-03-14 22:00:00,3.5250231424967446,0.0,8.867510259151459
2021-03-14 23:00:00,3.356036512056986,0.0,8.834581524133682
2021-03-15 00:00:00,3.2468030492464695,0.0,8.801652789115906
2021-03-15 01:00:00,3.263511061668396,0.0,8.807463757693768
2021-03-15 02:00:00,3.1466154058774323,0.0,8.81327472627163
2021-03-15 03:00:00,3.1930201252301544,0.0,8.819085694849491
2021-03-15 04:00:00,3.360483320554097,2.824,8.824896663427353
2021-03-15 05:00:00,5.104512560367585,22.852,8.830707632005215
2021-03-15 06:00:00,5.099238999684654,43.076,8.836518600583076
2021-03-15 07:00:00,7.218477590878805,59.672,8.842329569160938
2021-03-15 08:00:00,7.123602028687799,69.951,8.8481405377388
2021-03-15 09:00:00,10.845126231511436,75.072,8.853951506316662
2021-03-15 10:00:00,6.139399953683218,75.756,8.859762474894524
2021-03-15 11:00:00,4.971670683224997,71.791,8.865573443472385
2021-03-15 12:00:00,4.153119071324666,62.376,8.871384412050247
2021-03-15 13:00:00,6.644007798035941,48.926,8.877195380628109
2021-03-15 14:00:00,4.83525595664978,30.778,8.88300634920597
2021-03-15 15:00:00,5.218308679262799,9.894,8.888817317783833
2021-03-15 16:00:00,5.484973045190175,0.0,8.894628286361694
2021-03-15 17:00:00,3.922026252746582,0.0,8.900439254939556
2021-03-15 18:00:00,6.308498549461365,0.0,8.906250223517418
2021-03-15 19:00:00,8.708616121610005,0.0,8.91206119209528
2021-03-15 20:00:00,7.877474490801496,0.0,8.917872160673141
2021-03-15 21:00:00,6.808885415395104,0.0,8.923683129251003
2021-03-15 22:00:00,8.96457481384277,0.0,8.929494097828865
2021-03-15 23:00:00,8.773791913073833,0.0,8.935305066406727
2021-03-16 00:00:00,8.583009012304897,0.0,8.941116034984589
2021-03-16 01:00:00,8.39222611153596,0.0,8.946281298995018
2021-03-16 02:00:00,8.201443210767023,0.0,8.951446563005447
2021-03-16 03:00:00,8.010660309998087,0.0,8.956611827015877
2021-03-16 04:00:00,7.81987740922915,1.467,8.961777091026306
2021-03-16 05:00:00,7.629094508460214,13.818,8.966942355036736
2021-03-16 06:00:00,7.4383116076912765,35.086,8.972107619047165
2021-03-16 07:00:00,7.24752870692234,48.751,8.977272883057594
2021-03-16 08:00:00,7.056745806153404,60.966,8.982438147068024
2021-03-16 09:00:00,6.865962905384467,67.444,8.987603411078453
2021-03-16 10:00:00,6.67518000461553,66.07,8.992768675088882
2021-03-16 11:00:00,6.484397103846594,66.032,8.997933939099312
2021-03-16 12:00:00,6.293614203077657,52.419,9.003099203109741
2021-03-16 13:00:00,6.10283130230872,33.893,9.00826446712017
2021-03-16 14:00:00,5.912048401539783,17.484,9.0134297311306
2021-03-16 15:00:00,5.721265500770847,5.121,9.01859499514103
2021-03-16 16:00:00,5.5304826000019105,0.0,9.023760259151459
2021-03-16 17:00:00,5.339699699232973,0.0,9.028925523161888
2021-03-16 18:00:00,5.148916798464037,0.0,9.034090787172318
2021-03-16 19:00:00,4.958133897695101,0.0,9.039256051182747
2021-03-16 20:00:00,4.767350996926163,0.0,9.044421315193176
2021-03-16 21:00:00,4.576568096157227,0.0,9.049586579203606
2021-03-16 22:00:00,4.385785195388291,0.0,9.054751843214035
2021-03-16 23:00:00,4.1950022946193535,0.0,9.059917107224464
2021-03-17 00:00:00,4.004219393850417,0.0,9.065082371234894
2021-03-17 01:00:00,3.8134364930814804,0.0,9.040547274053097
2021-03-17 02:00:00,3.622653592312544,0.0,9.0160121768713
2021-03-17 03:00:00,3.4318706915436072,0.0,8.991477079689503
2021-03-17 04:00:00,3.2410877907746705,2.846,8.966941982507706
2021-03-17 05:00:00,3.050304890005734,25.78,8.942406885325909
2021-03-17 06:00:00,2.8595219892367973,47.98,8.917871788144112
2021-03-17 07:00:00,2.6687390884678606,64.263,8.893336690962315
2021-03-17 08:00:00,2.4779561876989242,74.941,8.868801593780518
2021-03-17 09:00:00,2.2871732869299874,80.017,8.84426649659872
2021-03-17 10:00:00,2.0963903861610507,80.153,8.819731399416924
2021-03-17 11:00:00,1.905607485392114,75.428,8.795196302235126
2021-03-17 12:00:00,1.7148245846231778,65.107,8.77066120505333
2021-03-17 13:00:00,2.8062767088413234,50.455,8.746126107871532
2021-03-17 14:00:00,3.4113019120459462,32.685,8.721591010689735
2021-03-17 15:00:00,2.930441527139573,11.866,8.697055913507938
2021-03-17 16:00:00,2.637500828504563,0.0,8.672520816326141
2021-03-17 17:00:00,4.673268735408782,0.0,8.647985719144344
2021-03-17 18:00:00,7.278215408325195,0.0,8.623450621962547
2021-03-17 19:00:00,8.842036370436354,0.0,8.59891552478075
2021-03-17 20:00:00,3.443912974993388,0.0,8.574380427598953
2021-03-17 21:00:00,2.5829364856084194,0.0,8.549845330417156
2021-03-17 22:00:00,1.5888811230659492,0.0,8.52531023323536
2021-03-17 23:00:00,1.3773744126160927,0.0,8.500775136053562
2021-03-18 00:00:00,1.9085273941357928,0.0,8.476240038871765
2021-03-18 01:00:00,1.8934032857418055,0.0,8.445248305797577
2021-03-18 02:00:00,1.737687063217163,0.0,8.414256572723389
2021-03-18 03:00:00,1.236160155137379,0.0,8.3832648396492
2021-03-18 04:00:00,1.093992120027541,2.496,8.352273106575012
2021-03-18 05:00:00,1.0617278297742203,23.758,8.321281373500824
2021-03-18 06:00:00,2.1758933862050376,45.857,8.290289640426636
2021-03-18 07:00:00,2.398346157868702,62.149,8.259297907352448
2021-03-18 08:00:00,2.2597739775975545,72.71,8.22830617427826
2021-03-18 09:00:00,1.952165921529134,78.176,8.197314441204071
2021-03-18 10:00:00,1.921050675710042,78.763,8.166322708129883
2021-03-18 11:00:00,3.3021642180050126,74.224,8.135330975055695
2021-03-18 12:00:00,4.499371353785198,62.677,8.104339241981506
2021-03-18 13:00:00,6.641365234057108,41.243,8.073347508907318
2021-03-18 14:00:00,5.864663298924765,20.48,8.04235577583313
2021-03-18 15:00:00,6.481070280075073,6.593,8.011364042758942
2021-03-18 16:00:00,5.933616002400717,0.0,7.980372309684754
2021-03-18 17:00:00,5.5536732912063576,0.0,7.949380576610564
2021-03-18 18:00:00,5.572522123654684,0.0,7.918388843536377
2021-03-18 19:00:00,11.83721725145976,0.0,7.88739711046219
2021-03-18 20:00:00,12.082632239659633,0.0,7.856405377388
2021-03-18 21:00:00,8.91843456427256,0.0,7.825413644313812
2021-03-18 22:00:00,5.69093561967214,0.0,7.794421911239625
2021-03-18 23:00:00,4.320743795235952,0.0,7.763430178165435
2021-03-19 00:00:00,3.878636638323466,0.0,7.732438445091248
2021-03-19 01:00:00,3.7592131018638617,0.0,7.70661197602749
2021-03-19 02:00:00,3.851164261500041,0.0,7.680785506963729
2021-03-19 03:00:00,3.8119660615921025,0.0,7.654959037899971
2021-03-19 04:00:00,3.893269499142965,1.299,7.629132568836213
2021-03-19 05:00:00,5.436739714940389,11.04,7.603306099772452
2021-03-19 06:00:00,5.758689582347868,27.908,7.5774796307086945
2021-03-19 07:00:00,4.29499501188596,52.067,7.5516531616449365
2021-03-19 08:00:00,2.8176134387652083,71.738,7.525826692581176
2021-03-19 09:00:00,4.2115899443626414,81.555,7.500000223517418
2021-03-19 10:00:00,4.10295953353246,83.336,7.474173754453659
2021-03-19 11:00:00,5.491805406411488,79.468,7.4483472853899
2021-03-19 12:00:00,4.505111697316168,70.319,7.422520816326141
2021-03-19 13:00:00,2.856594336032867,55.823,7.3966943472623825
2021-03-19 14:00:00,4.408246666193008,35.715,7.370867878198624
2021-03-19 15:00:00,6.877982159455619,11.968,7.345041409134865
2021-03-19 16:00:00,5.2631255269050605,0.0,7.319214940071106
2021-03-19 17:00:00,2.052662961681684,0.0,7.293388471007347
2021-03-19 18:00:00,2.529287890593211,0.0,7.267562001943588
2021-03-19 19:00:00,3.28182377020518,0.0,7.241735532879829
2021-03-19 20:00:00,3.9600973924001055,0.0,7.215909063816071
2021-03-19 21:00:00,3.7144959251085914,0.0,7.190082594752312
2021-03-19 22:00:00,2.0509721199671422,0.0,7.164256125688553
2021-03-19 23:00:00,1.613907716671626,0.0,7.138429656624794
2021-03-20 00:00:00,1.8421043654282885,0.0,7.112603187561035
2021-03-20 01:00:00,2.070006517569224,0.0,7.090005055069923
2021-03-20 02:00:00,2.044352596998214,0.0,7.067406922578812
2021-03-20 03:00:00,1.3263724962870287,0.0,7.0448087900877
2021-03-20 04:00:00,0.950430234273275,2.628,7.022210657596588
2021-03-20 05:00:00,0.926494625210762,25.147,6.999612525105476
2021-03-20 06:00:00,1.07767372628053,45.013,6.977014392614365
2021-03-20 07:00:00,1.2756256957848855,60.666,6.954416260123253
2021-03-20 08:00:00,2.45853310028712,70.286,6.931818127632141
2021-03-20 09:00:00,3.07943000793457,76.523,6.909219995141029
2021-03-20 10:00:00,1.955491455396016,78.782,6.886621862649918
2021-03-20 11:00:00,1.0601656575997669,75.973,6.864023730158806
2021-03-20 12:00:00,1.293597143888474,67.765,6.841425597667694
2021-03-20 13:00:00,0.9705960065126424,53.886,6.818827465176582
2021-03-20 14:00:00,4.144340425729752,34.672,6.796229332685471
2021-03-20 15:00:00,5.110458135604858,11.956,6.773631200194359
2021-03-20 16:00:00,5.119877938429514,0.0,6.751033067703247
2021-03-20 17:00:00,7.1667357126871725,0.0,6.728434935212135
2021-03-20 18:00:00,7.680919019381205,0.0,6.705836802721024
2021-03-20 19:00:00,7.863086430231732,0.0,6.683238670229912
2021-03-20 20:00:00,7.170221432050071,0.0,6.6606405377388
2021-03-20 21:00:00,7.096494094530743,0.0,6.638042405247688
2021-03-20 22:00:00,4.211544370651246,0.0,6.6154442727565765
2021-03-20 23:00:00,2.880350844065348,0.0,6.592846140265465
2021-03-21 00:00:00,2.127572665611903,0.0,6.570248007774353
2021-03-21 01:00:00,1.725946601231893,0.0,6.551523823291063
2021-03-21 02:00:00,1.7416250864664715,0.0,6.532799638807774
2021-03-21 03:00:00,1.7197281976540892,0.0,6.514075454324484
2021-03-21 04:00:00,1.6276858945687622,2.711,6.495351269841194
2021-03-21 05:00:00,1.598209526141485,25.716,6.476627085357904
2021-03-21 06:00:00,2.011185103654862,47.401,6.457902900874615
2021-03-21 07:00:00,2.2699917058149968,62.72,6.439178716391325
2021-03-21 08:00:00,3.618011798461278,72.549,6.420454531908035
2021-03-21 09:00:00,1.4419018089771272,77.66,6.401730347424746
2021-03-21 10:00:00,1.346075318257013,78.15,6.383006162941456
2021-03-21 11:00:00,1.6674286683400477,74.208,6.364281978458166
2021-03-21 12:00:00,4.10365171035131,65.659,6.345557793974876
2021-03-21 13:00:00,6.1171127438545225,52.088,6.326833609491587
2021-03-21 14:00:00,6.1569534500439955,33.37,6.308109425008297
2021-03-21 15:00:00,3.780939249197643,11.166,6.289385240525007
2021-03-21 16:00:00,4.99183739821116,0.0,6.2706610560417175
2021-03-21 17:00:00,5.046873307228088,0.0,6.251936871558428
2021-03-21 18:00:00,5.057271722952525,0.0,6.233212687075138
2021-03-21 19:00:00,10.387228353818262,0.0,6.214488502591848
2021-03-21 20:00:00,7.317461689313253,0.0,6.195764318108559
2021-03-21 21:00:00,4.872065921624501,0.0,6.177040133625269
2021-03-21 22:00:00,4.067527584234873,0.0,6.158315949141979
2021-03-21 23:00:00,2.5665450036525734,0.0,6.1395917646586895
2021-03-22 00:00:00,1.2790055513381955,0.0,6.1208675801754
2021-03-22 01:00:00,1.1589321662982306,0.0,6.105371713638306
2021-03-22 02:00:00,1.1179591496785484,0.0,6.0898758471012115
2021-03-22 03:00:00,1.1079696039358775,0.0,6.074379980564117
2021-03-22 04:00:00,1.0994970877965295,2.264,6.058884114027023
2021-03-22 05:00:00,1.0881413727998726,23.813,6.043388247489929
2021-03-22 06:00:00,1.6266291727622346,45.707,6.027892380952835
2021-03-22 07:00:00,2.0748707214991247,61.369,6.012396514415741
2021-03-22 08:00:00,2.7287461876869203,71.148,5.996900647878647
2021-03-22 09:00:00,6.875907667477928,76.234,5.981404781341553
2021-03-22 10:00:00,8.497783855597175,76.949,5.965908914804459
2021-03-22 11:00:00,7.967034804821016,73.229,5.9504130482673645
2021-03-22 12:00:00,4.178729335467021,64.864,5.93491718173027
2021-03-22 13:00:00,6.4588860710461935,51.401,5.919421315193176
2021-03-22 14:00:00,4.858136347929638,32.554,5.903925448656082
2021-03-22 15:00:00,4.142994419733683,10.413,5.888429582118988
2021-03-22 16:00:00,5.501911751429242,0.0,5.872933715581894
2021-03-22 17:00:00,6.616847062110903,0.0,5.8574378490448
2021-03-22 18:00:00,7.953796394666034,0.0,5.841941982507706
2021-03-22 19:00:00,12.342092514038088,0.0,5.826446115970612
2021-03-22 20:00:00,11.981325546900427,0.0,5.8109502494335175
2021-03-22 21:00:00,7.568182937304178,0.0,5.795454382896423
2021-03-22 22:00:00,4.473731251557668,0.0,5.779958516359329
2021-03-22 23:00:00,2.615480999151865,0.0,5.764462649822235
2021-03-23 00:00:00,2.621053234736125,0.0,5.748966783285141
2021-03-23 01:00:00,2.6464710553487145,0.0,5.770919267088175
2021-03-23 02:00:00,2.6271123290061955,0.0,5.792871750891209
2021-03-23 03:00:00,2.725342877705892,0.0,5.8148242346942425
2021-03-23 04:00:00,3.0383580684661866,1.675,5.836776718497276
2021-03-23 05:00:00,4.754189177354178,16.275,5.85872920230031
2021-03-23 06:00:00,6.745603124300639,29.002,5.880681686103344
2021-03-23 07:00:00,6.027978340784708,44.904,5.902634169906378
2021-03-23 08:00:00,8.374146986007691,61.096,5.924586653709412
2021-03-23 09:00:00,7.663414955139157,72.452,5.9465391375124454
2021-03-23 10:00:00,5.17797665198644,74.836,5.968491621315479
2021-03-23 11:00:00,4.9417741060256954,71.858,5.990444105118513
2021-03-23 12:00:00,4.816424367825191,58.392,6.012396588921547
2021-03-23 13:00:00,4.3518913586934405,36.883,6.034349072724581
2021-03-23 14:00:00,3.980923056602478,13.351,6.056301556527615
2021-03-23 15:00:00,8.102816216150922,2.783,6.078254040330648
2021-03-23 16:00:00,5.773351609706879,0.0,6.100206524133682
2021-03-23 17:00:00,8.695773434638976,0.0,6.122159007936716
2021-03-23 18:00:00,7.8954951763153085,0.0,6.14411149173975
2021-03-23 19:00:00,10.23802797794342,0.0,6.166063975542784
2021-03-23 20:00:00,9.428863159815473,0.0,6.188016459345818
2021-03-23 21:00:00,6.323522408803302,0.0,6.209968943148851
2021-03-23 22:00:00,3.7608485221862793,0.0,6.231921426951885
2021-03-23 23:00:00,3.2910337924957287,0.0,6.253873910754919
2021-03-24 00:00:00,3.018371148904164,0.0,6.275826394557953
2021-03-24 01:00:00,3.060384412606558,0.0,6.342329494655132
2021-03-24 02:00:00,3.1207897106806444,0.0,6.408832594752312
2021-03-24 03:00:00,4.7188850005467735,0.0,6.475335694849491
2021-03-24 04:00:00,4.807369613647461,1.127,6.5418387949466705
2021-03-24 05:00:00,5.836769211292268,14.032,6.60834189504385
2021-03-24 06:00:00,6.981768564383189,32.653,6.674844995141029
2021-03-24 07:00:00,4.43020248413086,48.225,6.741348095238209
2021-03-24 08:00:00,5.4339153170585615,68.85,6.807851195335388
2021-03-24 09:00:00,7.328927767276763,75.428,6.874354295432568
2021-03-24 10:00:00,5.305579638481141,75.718,6.940857395529747
2021-03-24 11:00:00,6.933353706200918,68.427,7.007360495626926
2021-03-24 12:00:00,4.55399172703425,48.937,7.073863595724106
2021-03-24 13:00:00,4.023782781759898,29.74,7.140366695821285
2021-03-24 14:00:00,4.109958477814993,17.77,7.206869795918465
2021-03-24 15:00:00,3.818170722325644,4.413,7.273372896015644
2021-03-24 16:00:00,5.219132173061371,0.0,7.3398759961128235
2021-03-24 17:00:00,6.0156394402186075,0.0,7.406379096210003
2021-03-24 18:00:00,6.953712793191273,0.0,7.472882196307182
2021-03-24 19:00:00,12.74236278533935,0.0,7.539385296404363
2021-03-24 20:00:00,10.556459871927895,0.0,7.60588839650154
2021-03-24 21:00:00,7.868228673934936,0.0,7.6723914965987206
2021-03-24 22:00:00,5.973401172955831,0.0,7.738894596695901
2021-03-24 23:00:00,3.861881085236867,0.0,7.8053976967930785
2021-03-25 00:00:00,3.983379785219827,0.0,7.871900796890259
2021-03-25 01:00:00,3.705577639738719,0.0,7.8957902640104285
2021-03-25 02:00:00,3.752687899271648,0.0,7.919679731130601
2021-03-25 03:00:00,3.5604483246803276,0.0,7.943569198250771
2021-03-25 04:00:00,3.530720818042754,0.681,7.96745866537094
2021-03-25 05:00:00,4.251706588268281,9.763,7.991348132491113
2021-03-25 06:00:00,5.893777322769165,21.073,8.015237599611282
2021-03-25 07:00:00,5.831705387433368,30.873,8.039127066731453
2021-03-25 08:00:00,7.552320007483163,41.391,8.063016533851624
2021-03-25 09:00:00,6.7733387152353925,49.906,8.086906000971794
2021-03-25 10:00:00,5.896290095647176,50.444,8.110795468091965
2021-03-25 11:00:00,5.420676191647846,45.555,8.134684935212135
2021-03-25 12:00:00,5.715384968121847,35.162,8.158574402332306
2021-03-25 13:00:00,4.925854150454203,25.364,8.182463869452477
2021-03-25 14:00:00,4.90133695602417,14.669,8.206353336572647
2021-03-25 15:00:00,5.596341768900553,4.138,8.230242803692818
2021-03-25 16:00:00,5.285813673337301,0.0,8.254132270812988
2021-03-25 17:00:00,4.788607291380564,0.0,8.278021737933159
2021-03-25 18:00:00,8.110725291570027,0.0,8.30191120505333
2021-03-25 19:00:00,11.125651931762691,0.0,8.3258006721735
2021-03-25 20:00:00,10.990357335408532,0.0,8.34969013929367
2021-03-25 21:00:00,5.39932540655136,0.0,8.373579606413841
2021-03-25 22:00:00,2.4901454647382115,0.0,8.397469073534012
2021-03-25 23:00:00,1.174600325028102,0.0,8.421358540654182
2021-03-26 00:00:00,0.9289564311504362,0.0,8.445248007774353
2021-03-26 01:00:00,1.0525042225917185,0.0,8.413610607385635
2021-03-26 02:00:00,1.2201811393102011,0.0,8.381973206996918
2021-03-26 03:00:00,1.2480427424112954,0.0,8.3503358066082
2021-03-26 04:00:00,2.988153195381164,1.177,8.318698406219482
2021-03-26 05:00:00,3.27437512477239,16.377,8.287061005830765
2021-03-26 06:00:00,4.21878087123235,36.399,8.255423605442047
2021-03-26 07:00:00,5.600399229923883,55.037,8.22378620505333
2021-03-26 08:00:00,7.84940901994705,64.278,8.192148804664612
2021-03-26 09:00:00,5.97784663438797,66.223,8.160511404275894
2021-03-26 10:00:00,6.814848872025808,58.15,8.128874003887177
2021-03-26 11:00:00,8.207233766714731,46.361,8.097236603498459
2021-03-26 12:00:00,6.611451236406962,34.862,8.065599203109741
2021-03-26 13:00:00,5.735760060946148,19.254,8.033961802721024
2021-03-26 14:00:00,4.703720088188465,9.507,8.002324402332306
2021-03-26 15:00:00,3.5727416197458903,2.116,7.970687001943588
2021-03-26 16:00:00,5.476383279009564,0.0,7.93904960155487
2021-03-26 17:00:00,3.901840946130585,0.0,7.907412201166154
2021-03-26 18:00:00,8.25277603069941,0.0,7.875774800777435
2021-03-26 19:00:00,13.357036606470746,0.0,7.844137400388717
2021-03-26 20:00:00,14.092550245920815,0.0,7.812500000000001
2021-03-26 21:00:00,12.134806537628178,0.0,7.780862599611282
2021-03-26 22:00:00,7.68462422688802,0.0,7.749225199222564
2021-03-26 23:00:00,4.448736699422201,0.0,7.717587798833848
2021-03-27 00:00:00,3.873674436410268,0.0,7.685950398445129
2021-03-27 01:00:00,3.634625021616618,0.0,7.661415282636881
2021-03-27 02:00:00,3.4876645684242247,0.0,7.636880166828632
2021-03-27 03:00:00,3.4544217785199485,0.0,7.612345051020384
2021-03-27 04:00:00,3.451418467362722,0.534,7.587809935212135
2021-03-27 05:00:00,4.245025893052419,8.21,7.563274819403887
2021-03-27 06:00:00,6.934374328454334,17.943,7.538739703595638
2021-03-27 07:00:00,7.484000102678933,26.086,7.51420458778739
2021-03-27 08:00:00,10.491041692097982,33.754,7.489669471979141
2021-03-27 09:00:00,9.338017253081002,29.574,7.465134356170893
2021-03-27 10:00:00,9.457470655441282,26.81,7.440599240362644
2021-03-27 11:00:00,4.941163575649262,21.123,7.416064124554396
2021-03-27 12:00:00,5.462096675237021,15.243,7.391529008746147
2021-03-27 13:00:00,5.794257132212322,11.941,7.366993892937899
2021-03-27 14:00:00,7.592158460617063,8.485,7.34245877712965
2021-03-27 15:00:00,7.247281110286712,3.978,7.317923661321402
2021-03-27 16:00:00,6.550904782613119,0.0,7.293388545513153
2021-03-27 17:00:00,6.741263453165689,0.0,7.268853429704905
2021-03-27 18:00:00,10.998774886131288,0.0,7.244318313896656
2021-03-27 19:00:00,12.410970830917362,0.0,7.2197831980884075
2021-03-27 20:00:00,10.38177539507548,0.0,7.195248082280159
2021-03-27 21:00:00,8.44239780108134,0.0,7.1707129664719105
2021-03-27 22:00:00,5.861127090454103,0.0,7.146177850663662
2021-03-27 23:00:00,4.316219743092855,0.0,7.121642734855413
2021-03-28 00:00:00,3.658924571673076,0.0,7.097107619047165
2021-03-28 01:00:00,3.0836474498112993,0.0,7.853176798671484
2021-03-28 02:00:00,3.051552196343739,0.0,8.609245978295803
2021-03-28 03:00:00,3.0824662605921436,0.0,9.365315157920122
2021-03-28 04:00:00,3.0755871017773946,1.086,10.121384337544441
2021-03-28 05:00:00,3.685656026999155,17.697,10.87745351716876
2021-03-28 06:00:00,5.705827963352204,42.193,11.63352269679308
2021-03-28 07:00:00,10.058913715680436,59.506,12.389591876417398
2021-03-28 08:00:00,10.19473148187002,70.145,13.145661056041718
2021-03-28 09:00:00,9.871657156944275,76.042,13.901730235666037
2021-03-28 10:00:00,9.611012117067968,76.469,14.657799415290356
2021-03-28 11:00:00,11.055817929903666,71.806,15.413868594914675
2021-03-28 12:00:00,6.290096275011698,60.988,16.169937774538994
2021-03-28 13:00:00,5.526452922821046,38.843,16.926006954163313
2021-03-28 14:00:00,5.8887436946233125,18.125,17.682076133787632
2021-03-28 15:00:00,7.424383330345159,1.902,18.43814531341195
2021-03-28 16:00:00,8.652582041422527,0.0,19.19421449303627
2021-03-28 17:00:00,5.694139397144317,0.0,19.95028367266059
2021-03-28 18:00:00,9.16669742266337,0.0,20.70635285228491
2021-03-28 19:00:00,15.040631039937342,0.0,21.462422031909227
2021-03-28 20:00:00,11.462625034650166,0.0,22.218491211533546
2021-03-28 21:00:00,8.205250914891558,0.0,22.974560391157866
2021-03-28 22:00:00,3.490786107381185,0.0,23.730629570782185
2021-03-28 23:00:00,2.6999871412912997,0.0,24.486698750406504
2021-03-29 00:00:00,2.516071764628093,0.0,25.242767930030823
2021-03-29 01:00:00,2.2207751035690304,0.0,26.786543801426888
2021-03-29 02:00:00,2.212597449620566,0.0,28.330319672822952
2021-03-29 03:00:00,2.64668159087499,0.0,29.874095544219017
2021-03-29 04:00:00,6.186291046937305,0.027,31.417871415615085
2021-03-29 05:00:00,2.9693834185600276,4.478,32.96164728701115
2021-03-29 06:00:00,6.333542346954347,13.617,34.50542315840721
2021-03-29 07:00:00,4.647469206651051,26.402,36.049199029803276
2021-03-29 08:00:00,4.029797196388245,32.641,37.59297490119934
2021-03-29 09:00:00,4.402419857184094,33.593,39.136750772595406
2021-03-29 10:00:00,4.0608041882514945,32.305,40.68052664399147
2021-03-29 11:00:00,3.7197008848190296,20.959,42.224302515387535
2021-03-29 12:00:00,5.025526213645933,17.218,43.7680783867836
2021-03-29 13:00:00,6.336900641520819,12.954,45.311854258179665
2021-03-29 14:00:00,4.5062468071778605,4.738,46.85563012957573
2021-03-29 15:00:00,3.5938373009363813,0.519,48.399406000971794
2021-03-29 16:00:00,5.946581848462421,0.0,49.94318187236785
2021-03-29 17:00:00,6.374323280652364,0.0,51.486957743763924
2021-03-29 18:00:00,7.475441630681356,0.0,53.03073361515999
2021-03-29 19:00:00,11.068814611434936,0.0,54.574509486556046
2021-03-29 20:00:00,10.395372740427648,0.0,56.11828535795212
2021-03-29 21:00:00,5.441733968257905,0.0,57.66206122934818
2021-03-29 22:00:00,2.4465827107429505,0.0,59.20583710074424
2021-03-29 23:00:00,2.495191121101379,0.0,60.74961297214032
2021-03-30 00:00:00,2.5153458873430887,0.0,62.29338884353638
2021-03-30 01:00:00,2.5623388091723127,0.0,64.60550129413605
2021-03-30 02:00:00,2.713469672203064,0.0,66.91761374473572
2021-03-30 03:00:00,2.5556034962336223,0.0,69.22972619533539
2021-03-30 04:00:00,3.88669642607371,0.373,71.54183864593506
2021-03-30 05:00:00,3.8431738098462422,7.334,73.85395109653473
2021-03-30 06:00:00,7.576276564598084,14.89,76.1660635471344
2021-03-30 07:00:00,4.535995189348856,17.446,78.47817599773407
2021-03-30 08:00:00,8.154181623458863,18.336,80.79028844833374
2021-03-30 09:00:00,8.28416136900584,21.134,83.10240089893341
2021-03-30 10:00:00,9.946507155895231,20.951,85.41451334953308
2021-03-30 11:00:00,4.994460904598237,16.046,87.72662580013275
2021-03-30 12:00:00,6.155661686261494,12.053,90.03873825073242
2021-03-30 13:00:00,5.215766839186352,7.844,92.35085070133209
2021-03-30 14:00:00,5.775613776842753,3.862,94.66296315193176
2021-03-30 15:00:00,5.378692491849263,0.551,96.97507560253143
2021-03-30 16:00:00,6.077342192331951,0.0,99.2871880531311
2021-03-30 17:00:00,5.571265252431234,0.0,101.59930050373077
2021-03-30 18:00:00,8.779376832644147,0.0,103.91141295433044
2021-03-30 19:00:00,15.167727025349937,0.0,106.22352540493011
2021-03-30 20:00:00,11.748136822382609,0.0,108.53563785552979
2021-03-30 21:00:00,8.734962900479633,0.0,110.84775030612946
2021-03-30 22:00:00,4.324611063798268,0.0,113.15986275672913
2021-03-30 23:00:00,4.534046872456868,0.0,115.4719752073288
2021-03-31 00:00:00,4.300773286819458,0.0,117.78408765792847
2021-03-31 01:00:00,4.226136302947999,0.0,120.91618984937668
2021-03-31 02:00:00,4.312216814359029,0.0,124.04829204082489
2021-03-31 03:00:00,4.72606584628423,0.0,127.1803942322731
2021-03-31 04:00:00,7.421771983305616,0.013,130.3124964237213
2021-03-31 05:00:00,5.362319807211559,5.31,133.44459861516953
2021-03-31 06:00:00,6.686595258116724,15.825,136.57670080661774
2021-03-31 07:00:00,4.411417022347449,24.246,139.70880299806595
2021-03-31 08:00:00,8.473069934050246,29.613,142.84090518951416
2021-03-31 09:00:00,6.488472930590314,33.417,145.97300738096237
2021-03-31 10:00:00,6.9729846556981405,32.348,149.10510957241058
2021-03-31 11:00:00,6.36472891171773,34.79,152.2372117638588
2021-03-31 12:00:00,5.398400608698527,36.021,155.369313955307
2021-03-31 13:00:00,5.485656746228537,26.068,158.50141614675522
2021-03-31 14:00:00,5.980197258790335,14.839,161.63351833820343
2021-03-31 15:00:00,6.420126938819885,3.341,164.76562052965164
2021-03-31 16:00:00,4.98303151925405,0.0,167.89772272109985
2021-03-31 17:00:00,5.838370211919149,0.0,171.02982491254807
2021-03-31 18:00:00,8.830031379063923,0.0,174.16192710399628
2021-03-31 19:00:00,14.179072682062786,0.0,177.2940292954445
2021-03-31 20:00:00,12.95491455396017,0.0,180.4261314868927
2021-03-31 21:00:00,7.341017111142479,0.0,183.5582336783409
2021-03-31 22:00:00,4.992748610178631,0.0,186.69033586978912
2021-03-31 23:00:00,3.03300601641337,0.0,189.82243806123734
2021-04-01 00:00:00,2.7618648727734887,0.0,192.95454025268555
2021-04-01 01:00:00,2.8291568279266364,0.0,193.73837292194366
2021-04-01 02:00:00,2.91284951766332,0.0,194.52220559120178
2021-04-01 03:00:00,2.855894172191619,0.0,195.3060382604599
2021-04-01 04:00:00,6.143650277455646,0.723,196.08987092971802
2021-04-01 05:00:00,4.532665765285492,17.342,196.87370359897614
2021-04-01 06:00:00,7.2918169260025,38.269,197.65753626823425
2021-04-01 07:00:00,6.696326828002932,53.991,198.44136893749237
2021-04-01 08:00:00,5.139387214183809,65.537,199.2252016067505
2021-04-01 09:00:00,6.739411822954812,62.725,200.0090342760086
2021-04-01 10:00:00,3.747059448560079,44.854,200.79286694526672
2021-04-01 11:00:00,3.4028891841570537,41.662,201.57669961452484
2021-04-01 12:00:00,3.100520098209381,31.82,202.36053228378296
2021-04-01 13:00:00,3.3898041447003675,25.533,203.14436495304108
2021-04-01 14:00:00,3.818020462989807,22.461,203.9281976222992
2021-04-01 15:00:00,3.4598891814549755,5.864,204.7120302915573
2021-04-01 16:00:00,7.4025627573331185,0.0,205.49586296081543
2021-04-01 17:00:00,6.877089722951254,0.0,206.27969563007355
2021-04-01 18:00:00,10.874190990130108,0.0,207.06352829933167
2021-04-01 19:00:00,14.955687872568763,0.0,207.84736096858978
2021-04-01 20:00:00,11.45054047107696,0.0,208.6311936378479
2021-04-01 21:00:00,6.192084717750548,0.0,209.41502630710602
2021-04-01 22:00:00,4.598511918385824,0.0,210.19885897636414
2021-04-01 23:00:00,2.977558855215709,0.0,210.98269164562225
2021-04-02 00:00:00,2.8173177758852637,0.0,211.76652431488037
2021-04-02 01:00:00,3.006574380397797,0.0,210.012908577919
2021-04-02 02:00:00,2.813540752728781,0.0,208.25929284095764
2021-04-02 03:00:00,2.641301250457764,0.0,206.50567710399628
2021-04-02 04:00:00,2.6368391513824463,1.298,204.7520613670349
2021-04-02 05:00:00,2.769741992155711,23.131,202.99844563007355
2021-04-02 06:00:00,1.8590370118618016,43.189,201.24482989311218
2021-04-02 07:00:00,1.8366249243418376,52.594,199.49121415615082
2021-04-02 08:00:00,2.236794457832972,66.098,197.73759841918945
2021-04-02 09:00:00,5.571680174271266,74.095,195.9839826822281
2021-04-02 10:00:00,4.9999717752138775,77.169,194.23036694526672
2021-04-02 11:00:00,6.550067198276521,73.098,192.47675120830536
2021-04-02 12:00:00,4.636391695340475,64.244,190.723135471344
2021-04-02 13:00:00,5.126665115356446,45.822,188.96951973438263
2021-04-02 14:00:00,4.399119977156321,19.41,187.21590399742126
2021-04-02 15:00:00,4.9212159236272175,1.819,185.4622882604599
2021-04-02 16:00:00,4.268168552716574,0.0,183.70867252349854
2021-04-02 17:00:00,6.578636769453686,0.0,181.95505678653717
2021-04-02 18:00:00,9.79795215129852,0.0,180.2014410495758
2021-04-02 19:00:00,11.667590252558387,0.0,178.44782531261444
2021-04-02 20:00:00,12.403819624582926,0.0,176.69420957565308
2021-04-02 21:00:00,7.549416128794351,0.0,174.9405938386917
2021-04-02 22:00:00,4.224392032623291,0.0,173.18697810173035
2021-04-02 23:00:00,4.667338411013284,0.0,171.43336236476898
2021-04-03 00:00:00,3.8120431820551546,0.0,169.67974662780762
2021-04-03 01:00:00,2.752850393454234,0.0,167.72016525268555
2021-04-03 02:00:00,2.526886240641276,0.0,165.76058387756348
2021-04-03 03:00:00,2.6408453742663065,0.0,163.8010025024414
2021-04-03 04:00:00,2.6974046428998304,0.057,161.84142112731934
2021-04-03 05:00:00,1.5702770004669826,6.196,159.88183975219727
2021-04-03 06:00:00,0.887512896458308,21.476,157.9222583770752
2021-04-03 07:00:00,2.887343566616376,38.412,155.96267700195312
2021-04-03 08:00:00,4.587825711568198,55.237,154.00309562683105
2021-04-03 09:00:00,9.30101381937663,72.591,152.04351425170898
2021-04-03 10:00:00,7.7163808266321805,82.005,150.0839328765869
2021-04-03 11:00:00,6.545253066221872,80.785,148.12435150146484
2021-04-03 12:00:00,8.075612600644433,70.898,146.16477012634277
2021-04-03 13:00:00,8.34191844463349,55.948,144.2051887512207
2021-04-03 14:00:00,5.97076093753179,34.902,142.24560737609863
2021-04-03 15:00:00,6.71316418647766,9.574,140.28602600097656
2021-04-03 16:00:00,7.466311224301655,0.0,138.3264446258545
2021-04-03 17:00:00,6.625622216860452,0.0,136.36686325073242
2021-04-03 18:00:00,10.13488140106201,0.0,134.40728187561035
2021-04-03 19:00:00,13.571911907196046,0.0,132.44770050048828
2021-04-03 20:00:00,11.79872907797496,0.0,130.4881191253662
2021-04-03 21:00:00,6.41657026608785,0.0,128.52853775024414
2021-04-03 22:00:00,4.239534878730774,0.0,126.56895637512208
2021-04-03 23:00:00,3.1823365290959686,0.0,124.60937499999999
2021-04-04 00:00:00,3.0780060847600295,0.0,122.64979362487793
2021-04-04 01:00:00,2.9547324538230892,0.0,121.07179760932924
2021-04-04 02:00:00,3.001737944285076,0.0,119.49380159378052
2021-04-04 03:00:00,3.088622275988263,0.0,117.91580557823181
2021-04-04 04:00:00,3.0254632949829103,0.944,116.3378095626831
2021-04-04 05:00:00,2.9869647900263465,24.517,114.7598135471344
2021-04-04 06:00:00,3.776437060038248,50.452,113.1818175315857
2021-04-04 07:00:00,7.726002627611161,65.02,111.60382151603699
2021-04-04 08:00:00,9.254507410526276,69.022,110.02582550048828
2021-04-04 09:00:00,7.104667178789774,74.549,108.44782948493958
2021-04-04 10:00:00,6.913089752197266,79.435,106.86983346939087
2021-04-04 11:00:00,9.27993669509888,77.777,105.29183745384216
2021-04-04 12:00:00,7.498833135763803,70.936,103.71384143829346
2021-04-04 13:00:00,8.55130751927694,55.847,102.13584542274475
2021-04-04 14:00:00,8.183927512168886,33.345,100.55784940719604
2021-04-04 15:00:00,7.061525662740071,9.89,98.97985339164734
2021-04-04 16:00:00,3.65316482782364,0.0,97.40185737609863
2021-04-04 17:00:00,6.709773898124695,0.0,95.82386136054993
2021-04-04 18:00:00,7.019316403071086,0.0,94.24586534500122
2021-04-04 19:00:00,9.432650740941366,0.0,92.66786932945251
2021-04-04 20:00:00,10.420258394877116,0.0,91.08987331390381
2021-04-04 21:00:00,7.1724877993265785,0.0,89.5118772983551
2021-04-04 22:00:00,5.697127954165141,0.0,87.9338812828064
2021-04-04 23:00:00,3.4081005215644837,0.0,86.35588526725769
2021-04-05 00:00:00,3.071695721149444,0.0,84.77788925170898
2021-04-05 01:00:00,2.299847026666006,0.0,83.74418586492538
2021-04-05 02:00:00,2.3545407613118483,0.0,82.71048247814178
2021-04-05 03:00:00,2.166863838831583,0.0,81.67677909135818
2021-04-05 04:00:00,2.1600377678871157,1.176,80.64307570457458
2021-04-05 05:00:00,2.2277964313824983,25.058,79.60937231779099
2021-04-05 06:00:00,3.5721113920211782,48.411,78.57566893100739
2021-04-05 07:00:00,7.048128378391268,65.041,77.54196554422379
2021-04-05 08:00:00,7.219962716102602,75.781,76.50826215744019
2021-04-05 09:00:00,5.328947599728901,81.328,75.47455877065659
2021-04-05 10:00:00,7.141720938682556,81.884,74.44085538387299
2021-04-05 11:00:00,5.550800216197968,77.628,73.40715199708939
2021-04-05 12:00:00,4.272017506758372,68.566,72.37344861030579
2021-04-05 13:00:00,3.8970809578895578,52.515,71.33974522352219
2021-04-05 14:00:00,3.7457332809766135,28.677,70.30604183673859
2021-04-05 15:00:00,5.5159425139427185,5.872,69.27233844995499
2021-04-05 16:00:00,5.921471778551738,0.0,68.23863506317139
2021-04-05 17:00:00,9.427003876368207,0.0,67.20493167638779
2021-04-05 18:00:00,10.525305247306829,0.0,66.17122828960419
2021-04-05 19:00:00,14.317861684163413,0.0,65.13752490282059
2021-04-05 20:00:00,8.950783602396648,0.0,64.10382151603699
2021-04-05 21:00:00,4.437422796090445,0.0,63.07011812925339
2021-04-05 22:00:00,2.01844676733017,0.0,62.03641474246978
2021-04-05 23:00:00,1.904395069678625,0.0,61.002711355686195
2021-04-06 00:00:00,1.9126847445964816,0.0,59.96900796890259
2021-04-06 01:00:00,1.9152369081974028,0.0,59.346590638160706
2021-04-06 02:00:00,2.029514749844869,0.0,58.72417330741882
2021-04-06 03:00:00,2.001641853650411,0.0,58.10175597667694
2021-04-06 04:00:00,1.8485943714777624,0.684,57.47933864593506
2021-04-06 05:00:00,3.5398365338643396,21.132,56.856921315193176
2021-04-06 06:00:00,6.404188187917073,44.19,56.234503984451294
2021-04-06 07:00:00,6.944374688466391,63.369,55.61208665370941
2021-04-06 08:00:00,3.232171161969503,73.936,54.98966932296753
2021-04-06 09:00:00,3.266081003348033,79.124,54.36725199222565
2021-04-06 10:00:00,4.391746731599172,80.445,53.744834661483765
2021-04-06 11:00:00,3.8198102712631226,76.707,53.12241733074188
2021-04-06 12:00:00,3.888075904051463,67.36,52.5
2021-04-06 13:00:00,4.279233090082804,51.678,51.87758266925812
2021-04-06 14:00:00,3.4396739403406777,24.994,51.255165338516235
2021-04-06 15:00:00,5.07205159664154,2.856,50.63274800777435
2021-04-06 16:00:00,3.94804535706838,0.0,50.01033067703247
2021-04-06 17:00:00,6.139802531401315,0.0,49.38791334629059
2021-04-06 18:00:00,10.10447504520416,0.0,48.765496015548706
2021-04-06 19:00:00,12.652373965581262,0.0,48.143078684806824
2021-04-06 20:00:00,11.671587149302166,0.0,47.52066135406494
2021-04-06 21:00:00,6.558310556411744,0.0,46.89824402332306
2021-04-06 22:00:00,4.293821918964386,0.0,46.27582669258118
2021-04-06 23:00:00,2.79229210615158,0.0,45.653409361839294
2021-04-07 00:00:00,2.7610511302947995,0.0,45.03099203109741
2021-04-07 01:00:00,2.4005173842112217,0.0,44.64165836572647
2021-04-07 02:00:00,2.4276709040006,0.0,44.25232470035553
2021-04-07 03:00:00,2.4231230616569523,0.0,43.86299103498459
2021-04-07 04:00:00,6.762329355875652,0.838,43.47365736961365
2021-04-07 05:00:00,4.430259744326274,23.56,43.084323704242706
2021-04-07 06:00:00,7.0254105965296425,46.912,42.694990038871765
2021-04-07 07:00:00,6.592513406276705,62.806,42.305656373500824
2021-04-07 08:00:00,5.445988305409751,71.317,41.91632270812988
2021-04-07 09:00:00,5.607903107007345,78.171,41.52698904275894
2021-04-07 10:00:00,6.502073446909587,80.032,41.137655377388
2021-04-07 11:00:00,4.618498516082764,73.403,40.74832171201706
2021-04-07 12:00:00,5.455102173487346,62.662,40.35898804664612
2021-04-07 13:00:00,6.900763773918153,52.307,39.96965438127518
2021-04-07 14:00:00,3.3324426054954532,30.999,39.580320715904236
2021-04-07 15:00:00,4.934646765391032,7.212,39.190987050533295
2021-04-07 16:00:00,5.693123507499694,0.0,38.80165338516235
2021-04-07 17:00:00,6.637704881032305,0.0,38.41231971979141
2021-04-07 18:00:00,7.131932946046192,0.0,38.02298605442047
2021-04-07 19:00:00,11.569706169764206,0.0,37.63365238904953
2021-04-07 20:00:00,9.001528429985049,0.0,37.24431872367859
2021-04-07 21:00:00,6.831909012794493,0.0,36.85498505830765
2021-04-07 22:00:00,4.357142607371013,0.0,36.46565139293671
2021-04-07 23:00:00,2.801640554269156,0.0,36.076317727565765
2021-04-08 00:00:00,2.6130862991015116,0.0,35.686984062194824
2021-04-08 01:00:00,2.593444152673086,0.0,35.453254729509354
2021-04-08 02:00:00,2.584191393852234,0.0,35.21952539682388
2021-04-08 03:00:00,2.4073659022649125,0.0,34.98579606413841
2021-04-08 04:00:00,2.254176167647044,0.786,34.75206673145294
2021-04-08 05:00:00,3.460053809483846,23.886,34.51833739876747
2021-04-08 06:00:00,7.051384882132212,47.028,34.284608066082
2021-04-08 07:00:00,7.799606430530549,64.498,34.05087873339653
2021-04-08 08:00:00,6.296129608154295,75.717,33.81714940071106
2021-04-08 09:00:00,7.359370017051697,81.224,33.58342006802559
2021-04-08 10:00:00,4.7298266609509785,81.673,33.34969073534012
2021-04-08 11:00:00,5.55989383459091,77.247,33.11596140265465
2021-04-08 12:00:00,7.883332951863607,67.652,32.88223206996918
2021-04-08 13:00:00,6.412892266114553,50.109,32.64850273728371
2021-04-08 14:00:00,4.945182466506959,25.154,32.414773404598236
2021-04-08 15:00:00,4.7679842710494995,5.141,32.181044071912766
2021-04-08 16:00:00,7.109031597773235,0.0,31.94731473922729
2021-04-08 17:00:00,5.680660764376323,0.0,31.713585406541828
2021-04-08 18:00:00,10.498105764389036,0.0,31.479856073856354
2021-04-08 19:00:00,11.20892078081766,0.0,31.24612674117088
2021-04-08 20:00:00,10.78906734784444,0.0,31.012397408485416
2021-04-08 21:00:00,10.600285728772478,0.0,30.778668075799942
2021-04-08 22:00:00,5.80066695213318,0.0,30.544938743114468
2021-04-08 23:00:00,4.112309169769286,0.0,30.311209410429004
2021-04-09 00:00:00,3.142722996075948,0.0,30.07748007774353
2021-04-09 01:00:00,2.815024896462759,0.0,29.92768667638302
2021-04-09 02:00:00,2.9695247650146483,0.0,29.777893275022507
2021-04-09 03:00:00,3.6656500538190215,0.0,29.628099873661995
2021-04-09 04:00:00,4.956896289189656,0.042,29.478306472301483
2021-04-09 05:00:00,5.356874732176463,7.655,29.32851307094097
2021-04-09 06:00:00,6.896012727419532,17.029,29.17871966958046
2021-04-09 07:00:00,6.718459717432654,28.461,29.028926268219948
2021-04-09 08:00:00,9.694000824292504,35.824,28.879132866859436
2021-04-09 09:00:00,5.556901339689891,41.753,28.729339465498924
2021-04-09 10:00:00,5.970572924613951,39.335,28.579546064138412
2021-04-09 11:00:00,4.566883238156636,39.93,28.4297526627779
2021-04-09 12:00:00,5.9098355611165365,32.099,28.27995926141739
2021-04-09 13:00:00,7.437106478214264,22.135,28.130165860056877
2021-04-09 14:00:00,5.458678611119589,10.585,27.980372458696365
2021-04-09 15:00:00,5.350494011243184,1.041,27.830579057335854
2021-04-09 16:00:00,5.194060377279919,0.0,27.680785655975342
2021-04-09 17:00:00,4.569048492113749,0.0,27.53099225461483
2021-04-09 18:00:00,9.26048172314962,0.0,27.38119885325432
2021-04-09 19:00:00,11.117727597554524,0.0,27.231405451893806
2021-04-09 20:00:00,9.776290933291117,0.0,27.081612050533295
2021-04-09 21:00:00,6.21246925989787,0.0,26.931818649172783
2021-04-09 22:00:00,4.449356961250304,0.0,26.78202524781227
2021-04-09 23:00:00,4.210842164357503,0.0,26.63223184645176
2021-04-10 00:00:00,2.9158643603324887,0.0,26.482438445091248
2021-04-10 01:00:00,2.7937117258707684,0.0,26.36621944606304
2021-04-10 02:00:00,2.688491149743398,0.0,26.250000447034836
2021-04-10 03:00:00,2.593071738878886,0.0,26.13378144800663
2021-04-10 04:00:00,2.654530151685079,0.0,26.017562448978424
2021-04-10 05:00:00,3.2267561435699466,4.532,25.901343449950218
2021-04-10 06:00:00,3.0028482039769497,15.532,25.785124450922012
2021-04-10 07:00:00,6.346531653404237,24.822,25.668905451893806
2021-04-10 08:00:00,7.637053950627645,34.644,25.5526864528656
2021-04-10 09:00:00,7.445818054676056,38.327,25.436467453837395
2021-04-10 10:00:00,5.7474067568779015,49.057,25.32024845480919
2021-04-10 11:00:00,5.005925901730857,53.331,25.204029455780983
2021-04-10 12:00:00,6.516477247079214,56.169,25.087810456752777
2021-04-10 13:00:00,4.460847779115041,47.655,24.97159145772457
2021-04-10 14:00:00,8.543178462982176,27.797,24.855372458696365
2021-04-10 15:00:00,5.9755231459935505,5.65,24.73915345966816
2021-04-10 16:00:00,5.254336873690288,0.0,24.622934460639954
2021-04-10 17:00:00,6.399675023555755,0.0,24.506715461611748
2021-04-10 18:00:00,9.610989586512249,0.0,24.390496462583542
2021-04-10 19:00:00,12.487805271148682,0.0,24.274277463555336
2021-04-10 20:00:00,10.025826573371887,0.0,24.15805846452713
2021-04-10 21:00:00,7.972533901532494,0.0,24.041839465498924
2021-04-10 22:00:00,7.077243491013846,0.0,23.92562046647072
2021-04-10 23:00:00,3.4820938825607284,0.0,23.809401467442513
2021-04-11 00:00:00,2.7121710260709126,0.0,23.693182468414307
2021-04-11 01:00:00,2.661314598719279,0.0,23.596978932619095
2021-04-11 02:00:00,2.6940247853597,0.0,23.500775396823883
2021-04-11 03:00:00,2.7208440224329635,0.0,23.40457186102867
2021-04-11 04:00:00,3.1641162912050884,0.0,23.30836832523346
2021-04-11 05:00:00,2.9685679276784263,6.834,23.212164789438248
2021-04-11 06:00:00,4.677210966746013,32.502,23.115961253643036
2021-04-11 07:00:00,6.40824091831843,58.795,23.019757717847824
2021-04-11 08:00:00,7.408713026841479,75.435,22.923554182052612
2021-04-11 09:00:00,6.037935761610665,83.785,22.8273506462574
2021-04-11 10:00:00,5.614974315961203,84.84,22.73114711046219
2021-04-11 11:00:00,4.224321154753367,80.379,22.634943574666977
2021-04-11 12:00:00,3.7764482061068216,70.603,22.538740038871765
2021-04-11 13:00:00,5.475809395313261,55.225,22.442536503076553
2021-04-11 14:00:00,8.034882334868113,33.859,22.34633296728134
2021-04-11 15:00:00,6.068811313311259,8.517,22.25012943148613
2021-04-11 16:00:00,6.77062290906906,0.0,22.153925895690918
2021-04-11 17:00:00,6.388786633809406,0.0,22.057722359895706
2021-04-11 18:00:00,9.5013902425766,0.0,21.961518824100494
2021-04-11 19:00:00,13.142155424753827,0.0,21.865315288305283
2021-04-11 20:00:00,11.17378670374552,0.0,21.76911175251007
2021-04-11 21:00:00,7.913780458768208,0.0,21.67290821671486
2021-04-11 22:00:00,6.649048137664796,0.0,21.576704680919647
2021-04-11 23:00:00,3.188157029946646,0.0,21.480501145124435
2021-04-12 00:00:00,2.998252034187317,0.0,21.384297609329224
2021-04-12 01:00:00,2.8466841300328576,0.0,21.303589940071106
2021-04-12 02:00:00,2.818199106057485,0.0,21.22288227081299
2021-04-12 03:00:00,2.8859690348307296,0.0,21.14217460155487
2021-04-12 04:00:00,6.0713832179705305,0.092,21.061466932296753
2021-04-12 05:00:00,5.61140611966451,15.057,20.980759263038635
2021-04-12 06:00:00,6.459426013628641,46.109,20.900051593780518
2021-04-12 07:00:00,3.279823847611745,65.014,20.8193439245224
2021-04-12 08:00:00,4.739664930105211,76.003,20.738636255264282
2021-04-12 09:00:00,5.70249993801117,81.301,20.657928586006165
2021-04-12 10:00:00,5.470430080095927,81.668,20.577220916748047
2021-04-12 11:00:00,5.621405104796091,77.145,20.49651324748993
2021-04-12 12:00:00,5.249375784397125,67.641,20.41580557823181
2021-04-12 13:00:00,3.1328878879547113,51.687,20.335097908973694
2021-04-12 14:00:00,3.4104867418607077,28.172,20.254390239715576
2021-04-12 15:00:00,3.3439958850542704,4.65,20.17368257045746
2021-04-12 16:00:00,6.313608968257904,0.0,20.09297490119934
2021-04-12 17:00:00,7.006175287564597,0.0,20.012267231941223
2021-04-12 18:00:00,11.667214934031168,0.0,19.931559562683105
2021-04-12 19:00:00,13.617825682957966,0.0,19.850851893424988
2021-04-12 20:00:00,9.79362560908,0.0,19.77014422416687
2021-04-12 21:00:00,5.862867192427316,0.0,19.689436554908752
2021-04-12 22:00:00,3.6719808260599778,0.0,19.608728885650635
2021-04-12 23:00:00,3.224427517255148,0.0,19.528021216392517
2021-04-13 00:00:00,3.138669987519582,0.0,19.4473135471344
2021-04-13 01:00:00,2.9242443005243937,0.0,19.378227815032005
2021-04-13 02:00:00,2.7830103556315104,0.0,19.30914208292961
2021-04-13 03:00:00,2.680134856700896,0.0,19.240056350827217
2021-04-13 04:00:00,3.8387499809265138,0.167,19.170970618724823
2021-04-13 05:00:00,4.310137069225311,17.514,19.10188488662243
2021-04-13 06:00:00,7.5539078076680495,45.399,19.032799154520035
2021-04-13 07:00:00,6.6121273914972925,62.564,18.96371342241764
2021-04-13 08:00:00,6.912766508261362,73.329,18.894627690315247
2021-04-13 09:00:00,7.0608687321345,78.772,18.825541958212852
2021-04-13 10:00:00,6.486875168482464,79.386,18.75645622611046
2021-04-13 11:00:00,6.967871276537577,75.247,18.687370494008064
2021-04-13 12:00:00,7.95577290058136,66.052,18.61828476190567
2021-04-13 13:00:00,6.847114086151123,51.405,18.549199029803276
2021-04-13 14:00:00,6.778567600250244,30.984,18.480113297700882
2021-04-13 15:00:00,6.309567236900332,6.785,18.411027565598488
2021-04-13 16:00:00,4.9969341278076165,0.0,18.341941833496094
2021-04-13 17:00:00,9.048152510325115,0.0,18.2728561013937
2021-04-13 18:00:00,9.183315881093346,0.0,18.203770369291306
2021-04-13 19:00:00,11.465079689025885,0.0,18.13468463718891
2021-04-13 20:00:00,9.846235744158427,0.0,18.065598905086517
2021-04-13 21:00:00,7.287064528465269,0.0,17.996513172984123
2021-04-13 22:00:00,4.551826727390289,0.0,17.92742744088173
2021-04-13 23:00:00,2.8440986990928656,0.0,17.858341708779335
2021-04-14 00:00:00,2.483599007129669,0.0,17.78925597667694
2021-04-14 01:00:00,2.565917273362478,0.0,17.729209512472153
2021-04-14 02:00:00,2.494422701994578,0.0,17.669163048267365
2021-04-14 03:00:00,2.4509051561355597,0.0,17.609116584062576
2021-04-14 04:00:00,4.508408868312836,0.258,17.549070119857788
2021-04-14 05:00:00,4.82199025551478,21.169,17.489023655653
2021-04-14 06:00:00,6.867409114042919,44.374,17.42897719144821
2021-04-14 07:00:00,6.912449638048808,60.537,17.368930727243423
2021-04-14 08:00:00,4.754370005925495,70.948,17.308884263038635
2021-04-14 09:00:00,4.496025347709656,76.718,17.248837798833847
2021-04-14 10:00:00,5.276830363273624,78.2,17.18879133462906
2021-04-14 11:00:00,3.5970081408818566,74.6,17.12874487042427
2021-04-14 12:00:00,5.666119615236918,65.378,17.068698406219482
2021-04-14 13:00:00,7.381604556242627,49.447,17.008651942014694
2021-04-14 14:00:00,5.098532684644064,25.063,16.948605477809906
2021-04-14 15:00:00,3.5034570296605425,3.224,16.888559013605118
2021-04-14 16:00:00,4.28762674331665,0.0,16.82851254940033
2021-04-14 17:00:00,6.837564889589944,0.0,16.76846608519554
2021-04-14 18:00:00,12.41902740001679,0.0,16.708419620990753
2021-04-14 19:00:00,11.574498224258418,0.0,16.648373156785965
2021-04-14 20:00:00,8.825549578666685,0.0,16.588326692581177
2021-04-14 21:00:00,6.840056077639262,0.0,16.52828022837639
2021-04-14 22:00:00,3.767035706837971,0.0,16.4682337641716
2021-04-14 23:00:00,2.5692103981971743,0.0,16.408187299966812
2021-04-15 00:00:00,2.384358088175455,0.0,16.348140835762024
2021-04-15 01:00:00,2.241575574874879,0.0,16.290031298995018
2021-04-15 02:00:00,2.337562191486358,0.0,16.231921762228012
2021-04-15 03:00:00,2.8471697926521298,0.0,16.173812225461006
2021-04-15 04:00:00,4.689035948117574,0.235,16.115702688694
2021-04-15 05:00:00,6.232133587201435,21.732,16.057593151926994
2021-04-15 06:00:00,6.941635258992513,45.092,15.999483615159988
2021-04-15 07:00:00,4.6054691950480136,61.767,15.94137407839298
2021-04-15 08:00:00,4.538200104236603,71.709,15.883264541625978
2021-04-15 09:00:00,4.454750374952954,76.703,15.82515500485897
2021-04-15 10:00:00,2.868011172612508,76.41,15.767045468091963
2021-04-15 11:00:00,3.16279818614324,71.343,15.70893593132496
2021-04-15 12:00:00,4.424896792570751,62.246,15.650826394557953
2021-04-15 13:00:00,3.8527085781097417,48.593,15.592716857790945
2021-04-15 14:00:00,4.121024831136067,29.252,15.534607321023943
2021-04-15 15:00:00,3.9718799153963738,5.726,15.476497784256935
2021-04-15 16:00:00,5.476704637209574,0.0,15.418388247489927
2021-04-15 17:00:00,7.353533522288007,0.0,15.360278710722925
2021-04-15 18:00:00,9.708244403203327,0.0,15.302169173955917
2021-04-15 19:00:00,10.629940891265871,0.0,15.24405963718891
2021-04-15 20:00:00,8.247101227442425,0.0,15.185950100421907
2021-04-15 21:00:00,6.885823369026185,0.0,15.1278405636549
2021-04-15 22:00:00,4.390225907166799,0.0,15.069731026887892
2021-04-15 23:00:00,2.448135578632354,0.0,15.01162149012089
2021-04-16 00:00:00,2.326313618818919,0.0,14.953511953353882
2021-04-16 01:00:00,2.4260670185089115,0.0,14.906378723680973
2021-04-16 02:00:00,2.438947240511576,0.0,14.859245494008064
2021-04-16 03:00:00,2.3927468697230023,0.0,14.812112264335155
2021-04-16 04:00:00,3.4736626784006743,0.155,14.764979034662247
2021-04-16 05:00:00,4.908909372488657,20.111,14.717845804989338
2021-04-16 06:00:00,5.615819064776103,42.864,14.67071257531643
2021-04-16 07:00:00,5.792425441741947,58.615,14.62357934564352
2021-04-16 08:00:00,6.189742962519328,67.06,14.576446115970612
2021-04-16 09:00:00,8.078629672527313,66.788,14.529312886297703
2021-04-16 10:00:00,7.400811592737832,58.82,14.482179656624794
2021-04-16 11:00:00,7.0141769965489695,45.278,14.435046426951885
2021-04-16 12:00:00,5.048098735014596,31.755,14.387913197278976
2021-04-16 13:00:00,4.953543762365977,19.189,14.340779967606068
2021-04-16 14:00:00,5.167162601153055,9.249,14.293646737933159
2021-04-16 15:00:00,6.811271047592161,1.252,14.24651350826025
2021-04-16 16:00:00,7.614151597023009,0.0,14.199380278587341
2021-04-16 17:00:00,6.916979555288951,0.0,14.152247048914433
2021-04-16 18:00:00,8.488619565963747,0.0,14.105113819241524
2021-04-16 19:00:00,9.797844998041787,0.0,14.057980589568615
2021-04-16 20:00:00,7.715329957008361,0.0,14.010847359895706
2021-04-16 21:00:00,4.845561734835306,0.0,13.963714130222797
2021-04-16 22:00:00,5.0380575299263,0.0,13.916580900549889
2021-04-16 23:00:00,5.715138260523477,0.0,13.86944767087698
2021-04-17 00:00:00,3.5980096856753025,0.0,13.822314441204071
2021-04-17 01:00:00,2.4388090411822003,0.0,13.831353671848774
2021-04-17 02:00:00,2.3599265178044635,0.0,13.840392902493477
2021-04-17 03:00:00,2.36674296061198,0.0,13.84943213313818
2021-04-17 04:00:00,2.3117784698804225,0.0,13.858471363782883
2021-04-17 05:00:00,2.372105137507121,3.402,13.867510594427586
2021-04-17 06:00:00,3.015432190895081,7.922,13.876549825072289
2021-04-17 07:00:00,4.127805829048158,14.982,13.885589055716991
2021-04-17 08:00:00,5.9705232421557115,25.033,13.894628286361694
2021-04-17 09:00:00,9.984816916783648,26.295,13.903667517006397
2021-04-17 10:00:00,8.718592278162637,20.067,13.9127067476511
2021-04-17 11:00:00,5.908264621098836,18.327,13.921745978295803
2021-04-17 12:00:00,5.647161583105722,15.106,13.930785208940506
2021-04-17 13:00:00,6.254636148611706,9.864,13.939824439585209
2021-04-17 14:00:00,5.064021817843119,4.411,13.948863670229912
2021-04-17 15:00:00,4.974715006351472,0.151,13.957902900874615
2021-04-17 16:00:00,5.391369124253591,0.0,13.966942131519318
2021-04-17 17:00:00,7.064556777477262,0.0,13.97598136216402
2021-04-17 18:00:00,8.983914518356322,0.0,13.985020592808723
2021-04-17 19:00:00,9.16520530382792,0.0,13.994059823453426
2021-04-17 20:00:00,8.598563027381894,0.0,14.00309905409813
2021-04-17 21:00:00,4.402571741739909,0.0,14.012138284742832
2021-04-17 22:00:00,4.153270550568899,0.0,14.021177515387535
2021-04-17 23:00:00,3.20644608338674,0.0,14.030216746032238
2021-04-18 00:00:00,2.5528014183044445,0.0,14.039255976676941
2021-04-18 01:00:00,2.220858569939931,0.0,14.135459512472153
2021-04-18 02:00:00,2.2204498171806337,0.0,14.231663048267365
2021-04-18 03:00:00,2.2199990928173063,0.0,14.327866584062576
2021-04-18 04:00:00,2.212447269757589,0.0,14.424070119857788
2021-04-18 05:00:00,3.1529020706812556,3.311,14.520273655653
2021-04-18 06:00:00,5.125138580799103,18.783,14.616477191448212
2021-04-18 07:00:00,5.20458245674769,50.275,14.712680727243423
2021-04-18 08:00:00,6.570324130853015,70.144,14.808884263038635
2021-04-18 09:00:00,5.967019212245941,75.927,14.905087798833847
2021-04-18 10:00:00,3.9111982623736057,75.54,15.001291334629057
2021-04-18 11:00:00,4.718184145291646,69.437,15.097494870424272
2021-04-18 12:00:00,5.156750317414602,57.602,15.193698406219482
2021-04-18 13:00:00,4.076936908562977,40.045,15.289901942014692
2021-04-18 14:00:00,5.265238308906556,17.708,15.386105477809908
2021-04-18 15:00:00,4.721525291601817,1.656,15.482309013605118
2021-04-18 16:00:00,4.619879992802939,0.0,15.578512549400328
2021-04-18 17:00:00,3.742908747990926,0.0,15.674716085195543
2021-04-18 18:00:00,8.92958290576935,0.0,15.770919620990753
2021-04-18 19:00:00,10.72736598650614,0.0,15.867123156785963
2021-04-18 20:00:00,10.374338436126711,0.0,15.963326692581179
2021-04-18 21:00:00,7.544779713948569,0.0,16.05953022837639
2021-04-18 22:00:00,4.9562179485956825,0.0,16.1557337641716
2021-04-18 23:00:00,3.4107777396837875,0.0,16.251937299966812
2021-04-19 00:00:00,3.4457133531570436,0.0,16.348140835762024
2021-04-19 01:00:00,3.3156254450480143,0.0,17.106147035956383
2021-04-19 02:00:00,3.2194018403689073,0.0,17.86415323615074
2021-04-19 03:00:00,3.451733855406444,0.0,18.6221594363451
2021-04-19 04:00:00,6.036719445387524,0.0,19.38016563653946
2021-04-19 05:00:00,5.710492408275604,0.993,20.138171836733818
2021-04-19 06:00:00,6.518589957555135,4.079,20.896178036928177
2021-04-19 07:00:00,6.256469376881916,9.019,21.654184237122536
2021-04-19 08:00:00,5.542620042959849,17.944,22.412190437316895
2021-04-19 09:00:00,5.349248186747232,21.812,23.170196637511253
2021-04-19 10:00:00,5.061204469203949,28.408,23.928202837705612
2021-04-19 11:00:00,5.552959974606832,30.405,24.68620903789997
2021-04-19 12:00:00,5.637371468544007,26.644,25.44421523809433
2021-04-19 13:00:00,6.925106302897135,14.702,26.20222143828869
2021-04-19 14:00:00,6.140860585371654,3.527,26.960227638483047
2021-04-19 15:00:00,6.2726406494776406,0.113,27.718233838677406
2021-04-19 16:00:00,5.339364035924276,0.0,28.47624003887177
2021-04-19 17:00:00,6.707628544171651,0.0,29.234246239066124
2021-04-19 18:00:00,10.603096421559655,0.0,29.992252439260483
2021-04-19 19:00:00,7.055600841840109,0.0,30.750258639454845
2021-04-19 20:00:00,7.0015794277191175,0.0,31.508264839649197
2021-04-19 21:00:00,6.654198877016705,0.0,32.26627103984356
2021-04-19 22:00:00,3.077095687389374,0.0,33.02427724003792
2021-04-19 23:00:00,2.8502874374389653,0.0,33.78228344023228
2021-04-20 00:00:00,2.601366619269052,0.0,34.540289640426636
2021-04-20 01:00:00,2.668131037553151,0.0,36.81043431162834
2021-04-20 02:00:00,2.6167895197868347,0.0,39.08057898283005
2021-04-20 03:00:00,2.7266678849856065,0.0,41.35072365403175
2021-04-20 04:00:00,2.79627605676651,0.0,43.62086832523346
2021-04-20 05:00:00,2.6471431374549863,0.862,45.891012996435165
2021-04-20 06:00:00,3.407062808672587,4.571,48.16115766763687
2021-04-20 07:00:00,3.572671300172805,8.964,50.43130233883858
2021-04-20 08:00:00,1.797433376312256,16.339,52.70144701004029
2021-04-20 09:00:00,1.825327046712239,16.575,54.97159168124199
2021-04-20 10:00:00,3.039349376161893,17.799,57.241736352443695
2021-04-20 11:00:00,3.48232626914978,16.714,59.51188102364541
2021-04-20 12:00:00,4.638115747769674,11.325,61.78202569484711
2021-04-20 13:00:00,4.0655422568321224,7.122,64.05217036604881
2021-04-20 14:00:00,4.424534436066945,3.227,66.32231503725052
2021-04-20 15:00:00,7.405924304326375,0.128,68.59245970845222
2021-04-20 16:00:00,4.727703034877775,0.0,70.86260437965394
2021-04-20 17:00:00,6.912555539608006,0.0,73.13274905085564
2021-04-20 18:00:00,7.45781429608663,0.0,75.40289372205734
2021-04-20 19:00:00,5.544040151437125,0.0,77.67303839325906
2021-04-20 20:00:00,2.6833933234214777,0.0,79.94318306446075
2021-04-20 21:00:00,2.377015141646067,0.0,82.21332773566246
2021-04-20 22:00:00,1.4120442410310108,0.0,84.48347240686418
2021-04-20 23:00:00,1.1404525915781654,0.0,86.75361707806587
2021-04-21 00:00:00,0.992491186658541,0.0,89.02376174926758
2021-04-21 01:00:00,0.9871615618467336,0.0,91.89437091350555
2021-04-21 02:00:00,1.1512318730354318,0.0,94.76498007774353
2021-04-21 03:00:00,1.1191926340262104,0.0,97.6355892419815
2021-04-21 04:00:00,3.753200761477153,0.0,100.50619840621948
2021-04-21 05:00:00,2.187989886601766,1.208,103.37680757045746
2021-04-21 06:00:00,2.9031290074189515,5.832,106.24741673469543
2021-04-21 07:00:00,1.721911952892938,8.715,109.11802589893341
2021-04-21 08:00:00,1.3999002774556482,13.106,111.98863506317139
2021-04-21 09:00:00,1.826774589220683,21.995,114.85924422740936
2021-04-21 10:00:00,1.9364685912926984,23.576,117.72985339164734
2021-04-21 11:00:00,6.021819885571799,22.524,120.60046255588531
2021-04-21 12:00:00,5.578051543235778,21.033,123.47107172012329
2021-04-21 13:00:00,6.539485967159272,17.307,126.34168088436127
2021-04-21 14:00:00,5.0624921758969625,11.279,129.21229004859924
2021-04-21 15:00:00,3.362538035710652,1.46,132.08289921283722
2021-04-21 16:00:00,3.2976372043291726,0.0,134.9535083770752
2021-04-21 17:00:00,5.342769388357798,0.0,137.82411754131317
2021-04-21 18:00:00,7.026706616083782,0.0,140.69472670555115
2021-04-21 19:00:00,5.905410893758138,0.0,143.56533586978912
2021-04-21 20:00:00,5.481046485900879,0.0,146.4359450340271
2021-04-21 21:00:00,3.2536922931671146,0.0,149.30655419826508
2021-04-21 22:00:00,2.6649452884991973,0.0,152.17716336250305
2021-04-21 23:00:00,2.6408083558082587,0.0,155.04777252674103
2021-04-22 00:00:00,1.0919016669193906,0.0,157.918381690979
2021-04-22 01:00:00,1.0142591754595436,0.0,158.19989025592804
2021-04-22 02:00:00,0.8932265659173328,0.0,158.48139882087708
2021-04-22 03:00:00,0.8511906524499256,0.0,158.7629073858261
2021-04-22 04:00:00,0.8665461977322898,0.0,159.04441595077515
2021-04-22 05:00:00,1.0598120341698334,12.645,159.32592451572418
2021-04-22 06:00:00,1.9342061956723535,38.819,159.60743308067322
2021-04-22 07:00:00,1.597138148546219,61.249,159.88894164562225
2021-04-22 08:00:00,1.6797165781259549,72.936,160.1704502105713
2021-04-22 09:00:00,1.986481299002965,80.073,160.45195877552032
2021-04-22 10:00:00,2.02432149251302,80.954,160.73346734046936
2021-04-22 11:00:00,1.3938104649384817,76.72,161.0149759054184
2021-04-22 12:00:00,3.369219541549682,67.227,161.29648447036743
2021-04-22 13:00:00,3.3420681635538747,51.951,161.57799303531647
2021-04-22 14:00:00,3.079748094081878,30.222,161.8595016002655
2021-04-22 15:00:00,2.6933161417643223,2.783,162.14101016521454
2021-04-22 16:00:00,4.01262397368749,0.0,162.42251873016357
2021-04-22 17:00:00,3.5311086932818103,0.0,162.7040272951126
2021-04-22 18:00:00,5.678721761703489,0.0,162.98553586006165
2021-04-22 19:00:00,7.324081639448803,0.0,163.26704442501068
2021-04-22 20:00:00,2.9814518888791404,0.0,163.54855298995972
2021-04-22 21:00:00,2.636581029494603,0.0,163.83006155490875
2021-04-22 22:00:00,1.7416961610317228,0.0,164.1115701198578
2021-04-22 23:00:00,1.669158750772476,0.0,164.39307868480682
2021-04-23 00:00:00,1.5220741629600527,0.0,164.67458724975586
2021-04-23 01:00:00,1.326387041807174,0.0,162.72791892290115
2021-04-23 02:00:00,1.4247961401939384,0.0,160.78125059604645
2021-04-23 03:00:00,1.44023265639941,0.0,158.83458226919174
2021-04-23 04:00:00,1.1166773875554408,0.0,156.88791394233704
2021-04-23 05:00:00,0.9546704779068624,16.626,154.94124561548233
2021-04-23 06:00:00,1.1974993675947188,38.897,152.99457728862762
2021-04-23 07:00:00,1.273665654659272,55.525,151.04790896177292
2021-04-23 08:00:00,1.6262423555056258,71.266,149.1012406349182
2021-04-23 09:00:00,1.749102703730265,77.03,147.1545723080635
2021-04-23 10:00:00,4.308683967590333,78.09,145.2079039812088
2021-04-23 11:00:00,4.783883627255758,73.553,143.2612356543541
2021-04-23 12:00:00,3.3971444169680276,64.432,141.3145673274994
2021-04-23 13:00:00,4.115892612934112,49.612,139.36789900064468
2021-04-23 14:00:00,4.675861668586731,28.647,137.42123067378998
2021-04-23 15:00:00,4.292737178007763,3.536,135.47456234693527
2021-04-23 16:00:00,3.4078979889551793,0.0,133.52789402008057
2021-04-23 17:00:00,7.075542442003885,0.0,131.58122569322586
2021-04-23 18:00:00,12.03723080952962,0.0,129.63455736637115
2021-04-23 19:00:00,10.092677132288618,0.0,127.68788903951646
2021-04-23 20:00:00,9.264602947235108,0.0,125.74122071266173
2021-04-23 21:00:00,7.356392415364583,0.0,123.79455238580704
2021-04-23 22:00:00,4.570603346824645,0.0,121.84788405895235
2021-04-23 23:00:00,3.113781078656515,0.0,119.90121573209763
2021-04-24 00:00:00,2.9588992079099015,0.0,117.95454740524292
2021-04-24 01:00:00,2.8172411918640137,0.0,116.20545119047165
2021-04-24 02:00:00,3.033440430959066,0.0,114.45635497570038
2021-04-24 03:00:00,3.1025309562683105,0.0,112.70725876092911
2021-04-24 04:00:00,2.7919967333475753,0.0,110.95816254615784
2021-04-24 05:00:00,2.7698367238044734,18.532,109.20906633138657
2021-04-24 06:00:00,3.754410254955291,42.93,107.4599701166153
2021-04-24 07:00:00,5.420272803306578,60.63,105.71087390184402
2021-04-24 08:00:00,5.662083311875663,71.785,103.96177768707275
2021-04-24 09:00:00,5.928535636266074,77.419,102.21268147230148
2021-04-24 10:00:00,3.340028562148413,77.673,100.46358525753021
2021-04-24 11:00:00,3.5690846045811977,73.292,98.71448904275894
2021-04-24 12:00:00,3.893977355957031,64.196,96.96539282798767
2021-04-24 13:00:00,6.509992750485736,49.992,95.2162966132164
2021-04-24 14:00:00,4.162180570761361,30.383,93.46720039844513
2021-04-24 15:00:00,6.028290021419525,4.16,91.71810418367386
2021-04-24 16:00:00,6.932612836360932,0.0,89.96900796890259
2021-04-24 17:00:00,6.5056398153305075,0.0,88.21991175413132
2021-04-24 18:00:00,10.170242484410604,0.0,86.47081553936005
2021-04-24 19:00:00,11.416260170936589,0.0,84.72171932458878
2021-04-24 20:00:00,8.3314227660497,0.0,82.9726231098175
2021-04-24 21:00:00,7.046807352701822,0.0,81.22352689504623
2021-04-24 22:00:00,4.580257487297059,0.0,79.47443068027496
2021-04-24 23:00:00,2.8281006455421447,0.0,77.72533446550369
2021-04-25 00:00:00,2.689674850304922,0.0,75.97623825073242
2021-04-25 01:00:00,2.1364507714907335,0.0,74.88507091999054
2021-04-25 02:00:00,1.8333242714405065,0.0,73.79390358924866
2021-04-25 03:00:00,1.881191593408584,0.0,72.70273625850677
2021-04-25 04:00:00,1.8225635091463717,0.0,71.61156892776489
2021-04-25 05:00:00,1.718657698233922,17.261,70.52040159702301
2021-04-25 06:00:00,3.8698335786660514,41.531,69.42923426628113
2021-04-25 07:00:00,3.276387325922648,59.522,68.33806693553925
2021-04-25 08:00:00,5.0650732318560285,70.672,67.24689960479736
2021-04-25 09:00:00,6.113241004943847,75.927,66.15573227405548
2021-04-25 10:00:00,7.439167233308157,76.207,65.0645649433136
2021-04-25 11:00:00,5.832575440406799,72.078,63.973397612571716
2021-04-25 12:00:00,3.706365899244944,63.121,62.882230281829834
2021-04-25 13:00:00,4.445315833886465,48.441,61.79106295108795
2021-04-25 14:00:00,5.955310249328614,27.051,60.69989562034607
2021-04-25 15:00:00,5.684195760885875,2.8,59.60872828960419
2021-04-25 16:00:00,5.794039702415466,0.0,58.517560958862305
2021-04-25 17:00:00,6.988420228163397,0.0,57.42639362812042
2021-04-25 18:00:00,10.422147162755332,0.0,56.33522629737854
2021-04-25 19:00:00,12.093615516026812,0.0,55.24405896663666
2021-04-25 20:00:00,9.265007909138998,0.0,54.152891635894775
2021-04-25 21:00:00,6.738898158073426,0.0,53.06172430515289
2021-04-25 22:00:00,4.393975893656412,0.0,51.97055697441101
2021-04-25 23:00:00,3.5458399891853336,0.0,50.87938964366913
2021-04-26 00:00:00,3.5218515038490295,0.0,49.788222312927246
2021-04-26 01:00:00,3.2649281899134315,0.0,49.15289178490639
2021-04-26 02:00:00,3.075772651036581,0.0,48.51756125688553
2021-04-26 03:00:00,3.0736714164415995,0.0,47.88223072886467
2021-04-26 04:00:00,3.0751244465510053,0.0,47.24690020084381
2021-04-26 05:00:00,3.1699403007825215,18.561,46.61156967282295
2021-04-26 06:00:00,3.023265554507573,42.958,45.97623914480209
2021-04-26 07:00:00,1.5686767101287844,60.291,45.340908616781235
2021-04-26 08:00:00,1.4587262888749444,70.696,44.705578088760376
2021-04-26 09:00:00,7.2831005970637,76.051,44.07024756073952
2021-04-26 10:00:00,6.758954381942749,76.997,43.43491703271866
2021-04-26 11:00:00,4.673081477483115,72.978,42.7995865046978
2021-04-26 12:00:00,4.096447761853535,64.3,42.16425597667694
2021-04-26 13:00:00,4.644484972953796,49.916,41.52892544865608
2021-04-26 14:00:00,6.036385194460551,29.483,40.89359492063522
2021-04-26 15:00:00,7.28684647878011,3.131,40.258264392614365
2021-04-26 16:00:00,8.451731093724568,0.0,39.622933864593506
2021-04-26 17:00:00,6.513583366076153,0.0,38.98760333657265
2021-04-26 18:00:00,8.916636562347414,0.0,38.35227280855179
2021-04-26 19:00:00,9.409691516558327,0.0,37.71694228053093
2021-04-26 20:00:00,6.5234489361445105,0.0,37.08161175251007
2021-04-26 21:00:00,5.530036346117655,0.0,36.44628122448921
2021-04-26 22:00:00,3.9366300781567887,0.0,35.81095069646835
2021-04-26 23:00:00,2.296203502019247,0.0,35.175620168447495
2021-04-27 00:00:00,1.222433288892111,0.0,34.540289640426636
2021-04-27 01:00:00,1.1278456568717958,0.0,34.14772763848305
2021-04-27 02:00:00,1.0533176541328426,0.0,33.75516563653946
2021-04-27 03:00:00,1.0145235369602843,0.0,33.36260363459587
2021-04-27 04:00:00,0.8302958548069,0.0,32.97004163265228
2021-04-27 05:00:00,1.1875292390584948,14.926,32.577479630708694
2021-04-27 06:00:00,1.4323404133319857,40.78,32.184917628765106
2021-04-27 07:00:00,1.4859294672807055,59.296,31.79235562682152
2021-04-27 08:00:00,1.840249409278233,70.439,31.399793624877926
2021-04-27 09:00:00,2.482466193040212,76.006,31.00723162293434
2021-04-27 10:00:00,7.262932280699413,76.752,30.614669620990757
2021-04-27 11:00:00,5.99449237982432,72.727,30.22210761904716
2021-04-27 12:00:00,5.045248421033225,63.744,29.829545617103577
2021-04-27 13:00:00,4.880262513955434,49.187,29.43698361515999
2021-04-27 14:00:00,6.192712521553039,28.658,29.0444216132164
2021-04-27 15:00:00,6.263165903091431,2.384,28.651859611272812
2021-04-27 16:00:00,8.829183566570283,0.0,28.259297609329224
2021-04-27 17:00:00,6.521033970514932,0.0,27.866735607385635
2021-04-27 18:00:00,10.3268386999766,0.0,27.474173605442047
2021-04-27 19:00:00,8.241179450352986,0.0,27.08161160349846
2021-04-27 20:00:00,6.878705779711406,0.0,26.68904960155487
2021-04-27 21:00:00,5.281036710739135,0.0,26.296487599611282
2021-04-27 22:00:00,5.122215199470521,0.0,25.903925597667694
2021-04-27 23:00:00,3.745266711711884,0.0,25.511363595724106
2021-04-28 00:00:00,3.789045274257659,0.0,25.118801593780518
2021-04-28 01:00:00,3.1627516388893127,0.0,24.87796999514103
2021-04-28 02:00:00,3.105428461233774,0.0,24.63713839650154
2021-04-28 03:00:00,3.0193445722262067,0.0,24.396306797862053
2021-04-28 04:00:00,2.9874088446299245,0.0,24.155475199222565
2021-04-28 05:00:00,3.0612054626146947,7.296,23.914643600583076
2021-04-28 06:00:00,3.7855221549669897,25.816,23.67381200194359
2021-04-28 07:00:00,7.158611704905829,47.695,23.4329804033041
2021-04-28 08:00:00,5.242356987794239,64.156,23.192148804664612
2021-04-28 09:00:00,6.490154127279918,74.039,22.951317206025124
2021-04-28 10:00:00,4.352169807751974,75.739,22.710485607385635
2021-04-28 11:00:00,5.054870748519898,71.437,22.469654008746147
2021-04-28 12:00:00,4.757277266184489,62.345,22.22882241010666
2021-04-28 13:00:00,4.9729114452997845,47.71,21.98799081146717
2021-04-28 14:00:00,4.579147787888845,26.921,21.747159212827682
2021-04-28 15:00:00,6.0412655433019005,2.325,21.506327614188194
2021-04-28 16:00:00,5.841990208625793,0.0,21.265496015548706
2021-04-28 17:00:00,8.890760056177777,0.0,21.024664416909218
2021-04-28 18:00:00,11.573429425557451,0.0,20.78383281826973
2021-04-28 19:00:00,9.37471876144409,0.0,20.54300121963024
2021-04-28 20:00:00,8.041554466883342,0.0,20.302169620990753
2021-04-28 21:00:00,7.196075630187987,0.0,20.061338022351265
2021-04-28 22:00:00,4.254568004608154,0.0,19.820506423711777
2021-04-28 23:00:00,3.338324228922526,0.0,19.57967482507229
2021-04-29 00:00:00,3.3875075340271,0.0,19.3388432264328
2021-04-29 01:00:00,3.0888772964477544,0.0,19.178719222545624
2021-04-29 02:00:00,2.994290455182394,0.0,19.018595218658447
2021-04-29 03:00:00,3.0621284604072576,0.0,18.85847121477127
2021-04-29 04:00:00,3.015682446956635,0.0,18.698347210884094
2021-04-29 05:00:00,4.259668707847596,6.605,18.538223206996918
2021-04-29 06:00:00,5.147852957248688,21.484,18.37809920310974
2021-04-29 07:00:00,3.750054413080216,51.857,18.217975199222565
2021-04-29 08:00:00,1.7918812056382505,65.951,18.057851195335388
2021-04-29 09:00:00,1.4977433045705162,76.109,17.89772719144821
2021-04-29 10:00:00,1.866632707913716,78.838,17.737603187561035
2021-04-29 11:00:00,1.837025928497314,75.036,17.57747918367386
2021-04-29 12:00:00,1.3572905798753103,65.522,17.417355179786682
2021-04-29 13:00:00,1.2358178158601127,50.439,17.257231175899506
2021-04-29 14:00:00,1.221461294094722,29.05,17.09710717201233
2021-04-29 15:00:00,1.1412515540917725,2.694,16.936983168125153
2021-04-29 16:00:00,5.053792869051297,0.0,16.776859164237976
2021-04-29 17:00:00,7.455916515986124,0.0,16.6167351603508
2021-04-29 18:00:00,9.480671811103822,0.0,16.456611156463623
2021-04-29 19:00:00,3.435516742865245,0.0,16.296487152576447
2021-04-29 20:00:00,2.911060619354248,0.0,16.13636314868927
2021-04-29 21:00:00,2.144578409194946,0.0,15.976239144802094
2021-04-29 22:00:00,1.8371509710947669,0.0,15.816115140914915
2021-04-29 23:00:00,1.4791963130235677,0.0,15.655991137027742
2021-04-30 00:00:00,0.9940519750118252,0.0,15.495867133140564
2021-04-30 01:00:00,0.8812996119260785,0.0,15.379648134112358
2021-04-30 02:00:00,0.9300748497247696,0.0,15.263429135084152
2021-04-30 03:00:00,0.8490787704785665,0.0,15.147210136055946
2021-04-30 04:00:00,0.8993277668952943,0.0,15.03099113702774
2021-04-30 05:00:00,1.1060471793879625,18.517,14.914772137999535
2021-04-30 06:00:00,1.039793718139958,44.036,14.798553138971329
2021-04-30 07:00:00,0.9735402568919536,61.051,14.682334139943123
2021-04-30 08:00:00,0.9072867956439491,71.263,14.566115140914917
2021-04-30 09:00:00,0.8410333343959446,76.697,14.449896141886711
2021-04-30 10:00:00,0.7747798731479401,77.464,14.333677142858505
2021-04-30 11:00:00,0.7085264118999356,73.207,14.2174581438303
2021-04-30 12:00:00,0.6422729506519311,62.567,14.101239144802094
2021-04-30 13:00:00,0.5760194894039267,44.48,13.985020145773888
2021-04-30 14:00:00,1.763957083225251,22.612,13.868801146745682
2021-04-30 15:00:00,1.6369870106379183,1.985,13.752582147717476
2021-04-30 16:00:00,1.3793513953685763,0.0,13.63636314868927
2021-04-30 17:00:00,1.484854680299759,0.0,13.520144149661064
2021-04-30 18:00:00,2.73024300734202,0.0,13.403925150632858
2021-04-30 19:00:00,2.391809181372325,0.0,13.287706151604652
2021-04-30 20:00:00,2.0263508896032976,0.0,13.171487152576447
2021-04-30 21:00:00,1.1441663950681686,0.0,13.05526815354824
2021-04-30 22:00:00,0.8629551849194934,0.0,12.939049154520035
2021-04-30 23:00:00,0.8551101377838617,0.0,12.822830155491829
2021-05-01 00:00:00,0.8472650906482299,0.0,12.706611156463623
2021-05-01 01:00:00,0.8394200435125981,0.0,12.633005790412426
2021-05-01 02:00:00,0.8315749963769664,0.0,12.559400424361229
2021-05-01 03:00:00,0.8237299492413346,0.0,12.485795058310032
2021-05-01 04:00:00,0.8158849021057029,0.0,12.412189692258835
2021-05-01 05:00:00,0.8080398549700711,17.437,12.338584326207638
2021-05-01 06:00:00,0.8001948078344393,41.914,12.26497896015644
2021-05-01 07:00:00,0.7923497606988076,58.087,12.191373594105244
2021-05-01 08:00:00,0.7845047135631759,69.328,12.117768228054047
2021-05-01 09:00:00,0.776659666427544,75.871,12.04416286200285
2021-05-01 10:00:00,0.7688146192919123,76.421,11.970557495951653
2021-05-01 11:00:00,0.7609695721562806,72.205,11.896952129900455
2021-05-01 12:00:00,0.7531245250206487,63.105,11.823346763849258
2021-05-01 13:00:00,0.745279477885017,48.198,11.749741397798061
2021-05-01 14:00:00,0.7374344307493853,24.814,11.676136031746864
2021-05-01 15:00:00,0.7295893836137535,1.195,11.602530665695667
2021-05-01 16:00:00,0.7217443364781218,0.0,11.52892529964447
2021-05-01 17:00:00,0.71389928934249,0.0,11.455319933593273
2021-05-01 18:00:00,0.7060542422068582,0.0,11.381714567542076
2021-05-01 19:00:00,0.6982091950712265,0.0,11.308109201490879
2021-05-01 20:00:00,0.6903641479355948,0.0,11.234503835439682
2021-05-01 21:00:00,0.6825191007999629,0.0,11.160898469388485
2021-05-01 22:00:00,0.6746740536643312,0.0,11.087293103337288
2021-05-01 23:00:00,0.6668290065286995,0.0,11.01368773728609
2021-05-02 00:00:00,0.6589839593930676,0.0,10.940082371234894
2021-05-02 01:00:00,0.6511389122574359,0.0,10.945893339812756
2021-05-02 02:00:00,0.6432938651218042,0.0,10.951704308390617
2021-05-02 03:00:00,0.6354488179861724,0.0,10.95751527696848
2021-05-02 04:00:00,0.6276037708505406,0.0,10.963326245546341
2021-05-02 05:00:00,0.6197587237149089,12.015,10.969137214124203
2021-05-02 06:00:00,0.6119136765792772,37.427,10.974948182702065
2021-05-02 07:00:00,0.6040686294436454,55.737,10.980759151279926
2021-05-02 08:00:00,0.5962235823080136,67.237,10.986570119857788
2021-05-02 09:00:00,0.5883785351723819,73.424,10.99238108843565
2021-05-02 10:00:00,0.5805334880367501,74.595,10.998192057013512
2021-05-02 11:00:00,0.5726884409011184,70.541,11.004003025591373
2021-05-02 12:00:00,0.5648433937654866,60.848,11.009813994169235
2021-05-02 13:00:00,0.5569983466298548,46.005,11.015624962747097
2021-05-02 14:00:00,0.5491532994942231,24.811,11.021435931324959
2021-05-02 15:00:00,0.5413082523585914,1.55,11.02724689990282
2021-05-02 16:00:00,0.5334632052229595,0.0,11.033057868480682
2021-05-02 17:00:00,0.5256181580873278,0.0,11.038868837058544
2021-05-02 18:00:00,0.5177731109516961,0.0,11.044679805636406
2021-05-02 19:00:00,0.5099280638160643,0.0,11.050490774214268
2021-05-02 20:00:00,0.5020830166804325,0.0,11.05630174279213
2021-05-02 21:00:00,0.49423796954480076,0.0,11.062112711369991
2021-05-02 22:00:00,0.486392922409169,0.0,11.067923679947853
2021-05-02 23:00:00,0.47854787527353726,0.0,11.073734648525715
2021-05-03 00:00:00,0.4707028281379055,0.0,11.079545617103577
2021-05-03 01:00:00,0.46285778100227376,0.0,11.33393608033657
2021-05-03 02:00:00,0.455012733866642,0.0,11.588326543569565
2021-05-03 03:00:00,0.4471676867310102,0.0,11.842717006802559
2021-05-03 04:00:00,0.4393226395953785,0.0,12.097107470035553
2021-05-03 05:00:00,0.4314775924597467,11.393,12.351497933268547
2021-05-03 06:00:00,0.42363254532411493,33.631,12.605888396501541
2021-05-03 07:00:00,0.4157874981884832,48.436,12.860278859734535
2021-05-03 08:00:00,0.40794245105285143,57.789,13.11466932296753
2021-05-03 09:00:00,0.40009740391721965,61.242,13.369059786200523
2021-05-03 10:00:00,0.39225235678158793,61.295,13.623450249433517
2021-05-03 11:00:00,0.38440730964595615,54.783,13.877840712666512
2021-05-03 12:00:00,0.3765622625103244,45.122,14.132231175899506
2021-05-03 13:00:00,0.36871721537469265,31.177,14.3866216391325
2021-05-03 14:00:00,0.3608721682390609,11.787,14.641012102365494
2021-05-03 15:00:00,0.3530271211034291,0.294,14.895402565598488
2021-05-03 16:00:00,0.3451820739677974,0.0,15.149793028831484
2021-05-03 17:00:00,0.3373370268321656,0.0,15.404183492064474
2021-05-03 18:00:00,0.3294919796965338,0.0,15.65857395529747
2021-05-03 19:00:00,0.3216469325609021,0.0,15.912964418530466
2021-05-03 20:00:00,0.3138018854252703,0.0,16.16735488176346
2021-05-03 21:00:00,0.30595683828963854,0.0,16.421745344996452
2021-05-03 22:00:00,0.2981117911540068,0.0,16.676135808229446
2021-05-03 23:00:00,0.29026674401837504,0.0,16.93052627146244
2021-05-04 00:00:00,0.28242169688274327,0.0,17.184916734695435
2021-05-04 01:00:00,0.27457664974711155,0.0,17.50839300453663
2021-05-04 02:00:00,0.26673160261147977,0.0,17.831869274377823
2021-05-04 03:00:00,0.258886555475848,0.0,18.155345544219017
2021-05-04 04:00:00,0.25104150834021627,0.0,18.47882181406021
2021-05-04 05:00:00,0.2431964612045845,0.382,18.802298083901405
2021-05-04 06:00:00,0.23535141406895274,3.559,19.1257743537426
2021-05-04 07:00:00,0.227506366933321,9.161,19.449250623583794
2021-05-04 08:00:00,0.21966131979768921,10.885,19.772726893424988
2021-05-04 09:00:00,0.21181627266205746,14.697,20.096203163266182
2021-05-04 10:00:00,0.20397122552642571,26.134,20.419679433107376
2021-05-04 11:00:00,0.19612617839079394,53.021,20.74315570294857
2021-05-04 12:00:00,0.1882811312551622,49.276,21.066631972789764
2021-05-04 13:00:00,0.18043608411953044,35.757,21.39010824263096
2021-05-04 14:00:00,0.17259103698389866,17.025,21.713584512472153
2021-05-04 15:00:00,0.1647459898482669,0.505,22.037060782313347
2021-05-04 16:00:00,0.15690094271263516,0.0,22.36053705215454
2021-05-04 17:00:00,0.1490558955770034,0.0,22.684013321995735
2021-05-04 18:00:00,0.14121084844137163,0.0,23.00748959183693
2021-05-04 19:00:00,0.13336580130573988,0.0,23.330965861678123
2021-05-04 20:00:00,0.12552075417010813,0.0,23.654442131519318
2021-05-04 21:00:00,0.11767570703447637,0.0,23.977918401360512
2021-05-04 22:00:00,0.10983065989884461,0.0,24.301394671201706
2021-05-04 23:00:00,0.10198561276321284,0.0,24.6248709410429
2021-05-05 00:00:00,0.0941405656275811,0.0,24.948347210884094
2021-05-05 01:00:00,0.08629551849194933,0.0,24.893466010689735
2021-05-05 02:00:00,0.07845047135631758,0.0,24.838584810495377
2021-05-05 03:00:00,0.07060542422068582,0.0,24.783703610301018
2021-05-05 04:00:00,0.06276037708505405,0.0,24.72882241010666
2021-05-05 05:00:00,0.0549153299494223,16.177,24.6739412099123
2021-05-05 06:00:00,0.04707028281379054,45.142,24.61906000971794
2021-05-05 07:00:00,0.03922523567815878,63.795,24.564178809523582
2021-05-05 08:00:00,0.03138018854252703,75.201,24.509297609329224
2021-05-05 09:00:00,0.023535141406895263,80.883,24.454416409134865
2021-05-05 10:00:00,0.015690094271263506,81.419,24.399535208940506
2021-05-05 11:00:00,0.007845047135631748,76.961,24.344654008746147
2021-05-05 12:00:00,0.0,67.104,24.28977280855179
2021-05-05 13:00:00,0.0,50.575,24.23489160835743
2021-05-05 14:00:00,0.0,25.137,24.18001040816307
2021-05-05 15:00:00,0.0,1.133,24.125129207968712
2021-05-05 16:00:00,0.0,0.0,24.070248007774353
2021-05-05 17:00:00,0.0,0.0,24.015366807579994
2021-05-05 18:00:00,0.0,0.0,23.960485607385635
2021-05-05 19:00:00,0.0,0.0,23.905604407191277
2021-05-05 20:00:00,0.0,0.0,23.850723206996918
2021-05-05 21:00:00,0.0,0.0,23.79584200680256
2021-05-05 22:00:00,0.0,0.0,23.7409608066082
2021-05-05 23:00:00,0.0,0.0,23.68607960641384
2021-05-06 00:00:00,0.0,0.0,23.631198406219482
2021-05-06 01:00:00,0.0,0.0,23.418130204081535
2021-05-06 02:00:00,0.0,0.0,23.20506200194359
2021-05-06 03:00:00,0.0,0.0,22.99199379980564
2021-05-06 04:00:00,0.0,0.0,22.778925597667694
2021-05-06 05:00:00,0.0,16.197,22.565857395529747
2021-05-06 06:00:00,0.0,42.296,22.3527891933918
2021-05-06 07:00:00,0.0,60.907,22.139720991253853
2021-05-06 08:00:00,0.0,72.763,21.926652789115906
2021-05-06 09:00:00,0.0,78.832,21.71358458697796
2021-05-06 10:00:00,0.0,79.546,21.50051638484001
2021-05-06 11:00:00,0.0,75.448,21.287448182702065
2021-05-06 12:00:00,0.0,66.136,21.074379980564117
2021-05-06 13:00:00,0.0,51.084,20.86131177842617
2021-05-06 14:00:00,0.0,29.813,20.648243576288223
2021-05-06 15:00:00,0.0,1.425,20.435175374150276
2021-05-06 16:00:00,0.0,0.0,20.22210717201233
2021-05-06 17:00:00,0.0,0.0,20.009038969874382
2021-05-06 18:00:00,0.0,0.0,19.795970767736435
2021-05-06 19:00:00,0.0,0.0,19.582902565598488
2021-05-06 20:00:00,0.0,0.0,19.36983436346054
2021-05-06 21:00:00,0.0,0.0,19.156766161322594
2021-05-06 22:00:00,0.0,0.0,18.943697959184647
2021-05-06 23:00:00,0.0,0.0,18.7306297570467
2021-05-07 00:00:00,0.0,0.0,18.517561554908752
2021-05-07 01:00:00,0.0,0.0,18.349689655005932
2021-05-07 02:00:00,0.0,0.0,18.18181775510311
2021-05-07 03:00:00,0.0,0.0,18.01394585520029
2021-05-07 04:00:00,0.0,0.0,17.84607395529747
2021-05-07 05:00:00,0.0,16.375,17.67820205539465
2021-05-07 06:00:00,0.0,43.141,17.51033015549183
2021-05-07 07:00:00,0.0,61.475,17.34245825558901
2021-05-07 08:00:00,0.0,72.511,17.174586355686188
2021-05-07 09:00:00,0.0,77.985,17.006714455783367
2021-05-07 10:00:00,0.0,78.67,16.838842555880547
2021-05-07 11:00:00,0.0,74.483,16.670970655977726
2021-05-07 12:00:00,0.0,65.173,16.503098756074905
2021-05-07 13:00:00,0.0,50.128,16.335226856172085
2021-05-07 14:00:00,0.0,28.479,16.167354956269264
2021-05-07 15:00:00,0.0,1.435,15.999483056366444
2021-05-07 16:00:00,0.0,0.0,15.831611156463621
2021-05-07 17:00:00,0.0,0.0,15.663739256560804
2021-05-07 18:00:00,0.0,0.0,15.495867356657982
2021-05-07 19:00:00,0.0,0.0,15.32799545675516
2021-05-07 20:00:00,0.0,0.0,15.160123556852342
2021-05-07 21:00:00,0.0,0.0,14.99225165694952
2021-05-07 22:00:00,0.0,0.0,14.8243797570467
2021-05-07 23:00:00,0.0,0.0,14.656507857143879
2021-05-08 00:00:00,0.0,0.0,14.488635957241058
2021-05-08 01:00:00,0.0,0.0,14.42858949303627
2021-05-08 02:00:00,0.0,0.0,14.368543028831482
2021-05-08 03:00:00,0.0,0.0,14.308496564626694
2021-05-08 04:00:00,0.0,0.0,14.248450100421906
2021-05-08 05:00:00,0.0,12.125,14.188403636217117
2021-05-08 06:00:00,0.0,37.944,14.128357172012329
2021-05-08 07:00:00,0.0,55.798,14.068310707807541
2021-05-08 08:00:00,0.0,56.765,14.008264243602753
2021-05-08 09:00:00,0.0,42.506,13.948217779397964
2021-05-08 10:00:00,0.0,36.662,13.888171315193176
2021-05-08 11:00:00,0.0,33.97,13.828124850988388
2021-05-08 12:00:00,0.0,33.341,13.7680783867836
2021-05-08 13:00:00,0.0,19.615,13.708031922578812
2021-05-08 14:00:00,0.0,6.994,13.647985458374023
2021-05-08 15:00:00,0.0,0.062,13.587938994169235
2021-05-08 16:00:00,0.0,0.0,13.527892529964447
2021-05-08 17:00:00,0.0,0.0,13.467846065759659
2021-05-08 18:00:00,0.0,0.0,13.40779960155487
2021-05-08 19:00:00,0.0,0.0,13.347753137350082
2021-05-08 20:00:00,0.0,0.0,13.287706673145294
2021-05-08 21:00:00,0.0,0.0,13.227660208940506
2021-05-08 22:00:00,0.0,0.0,13.167613744735718
2021-05-08 23:00:00,0.0,0.0,13.10756728053093
2021-05-09 00:00:00,0.0,0.0,13.047520816326141
2021-05-09 01:00:00,0.0,0.0,13.026859648525715
2021-05-09 02:00:00,0.0,0.0,13.006198480725288
2021-05-09 03:00:00,0.0,0.0,12.985537312924862
2021-05-09 04:00:00,0.0,0.0,12.964876145124435
2021-05-09 05:00:00,0.0,1.444,12.944214977324009
2021-05-09 06:00:00,0.0,5.365,12.923553809523582
2021-05-09 07:00:00,0.0,12.046,12.902892641723156
2021-05-09 08:00:00,0.0,12.551,12.88223147392273
2021-05-09 09:00:00,0.0,13.702,12.861570306122303
2021-05-09 10:00:00,0.0,18.869,12.840909138321877
2021-05-09 11:00:00,0.0,25.266,12.82024797052145
2021-05-09 12:00:00,0.0,25.015,12.799586802721024
2021-05-09 13:00:00,0.0,23.889,12.778925634920597
2021-05-09 14:00:00,0.0,9.721,12.75826446712017
2021-05-09 15:00:00,0.0,0.0,12.737603299319744
2021-05-09 16:00:00,0.0,0.0,12.716942131519318
2021-05-09 17:00:00,0.0,0.0,12.696280963718891
2021-05-09 18:00:00,0.0,0.0,12.675619795918465
2021-05-09 19:00:00,0.0,0.0,12.654958628118038
2021-05-09 20:00:00,0.0,0.0,12.634297460317612
2021-05-09 21:00:00,0.0,0.0,12.613636292517185
2021-05-09 22:00:00,0.0,0.0,12.592975124716759
2021-05-09 23:00:00,0.0,0.0,12.572313956916332
2021-05-10 00:00:00,0.0,0.0,12.551652789115906
2021-05-10 01:00:00,0.0,0.0,12.511621788144112
2021-05-10 02:00:00,0.0,0.0,12.471590787172318
2021-05-10 03:00:00,0.0,0.0,12.431559786200523
2021-05-10 04:00:00,0.0,0.0,12.39152878522873
2021-05-10 05:00:00,0.0,3.818,12.351497784256935
2021-05-10 06:00:00,0.0,17.45,12.311466783285141
2021-05-10 07:00:00,0.0,45.019,12.271435782313347
2021-05-10 08:00:00,0.0,52.132,12.231404781341553
2021-05-10 09:00:00,0.0,56.595,12.191373780369759
2021-05-10 10:00:00,0.0,61.553,12.151342779397964
2021-05-10 11:00:00,0.0,60.42,12.11131177842617
2021-05-10 12:00:00,0.0,52.017,12.071280777454376
2021-05-10 13:00:00,0.0,38.288,12.031249776482582
2021-05-10 14:00:00,0.0,17.587,11.991218775510788
2021-05-10 15:00:00,0.0,0.356,11.951187774538994
2021-05-10 16:00:00,0.0,0.0,11.9111567735672
2021-05-10 17:00:00,0.0,0.0,11.871125772595406
2021-05-10 18:00:00,0.0,0.0,11.831094771623611
2021-05-10 19:00:00,0.0,0.0,11.791063770651817
2021-05-10 20:00:00,0.0,0.0,11.751032769680023
2021-05-10 21:00:00,0.0,0.0,11.711001768708229
2021-05-10 22:00:00,0.0,0.0,11.670970767736435
2021-05-10 23:00:00,0.0,0.0,11.63093976676464
2021-05-11 00:00:00,0.0,0.0,11.590908765792847
2021-05-11 01:00:00,0.0,0.0,11.537318900227547
2021-05-11 02:00:00,0.0,0.0,11.483729034662247
2021-05-11 03:00:00,0.0,0.0,11.430139169096947
2021-05-11 04:00:00,0.0,0.0,11.376549303531647
2021-05-11 05:00:00,0.0,1.233,11.322959437966347
2021-05-11 06:00:00,0.0,7.411,11.269369572401047
2021-05-11 07:00:00,0.0,16.529,11.215779706835747
2021-05-11 08:00:00,0.0,27.222,11.162189841270447
2021-05-11 09:00:00,0.0,31.125,11.108599975705147
2021-05-11 10:00:00,0.0,35.487,11.055010110139847
2021-05-11 11:00:00,0.0,32.577,11.001420244574547
2021-05-11 12:00:00,0.0,29.694,10.947830379009247
2021-05-11 13:00:00,0.0,18.98,10.894240513443947
2021-05-11 14:00:00,0.0,8.191,10.840650647878647
2021-05-11 15:00:00,0.0,0.162,10.787060782313347
2021-05-11 16:00:00,0.0,0.0,10.733470916748047
2021-05-11 17:00:00,0.0,0.0,10.679881051182747
2021-05-11 18:00:00,0.0,0.0,10.626291185617447
2021-05-11 19:00:00,0.0,0.0,10.572701320052147
2021-05-11 20:00:00,0.0,0.0,10.519111454486847
2021-05-11 21:00:00,0.0,0.0,10.465521588921547
2021-05-11 22:00:00,0.0,0.0,10.411931723356247
2021-05-11 23:00:00,0.0,0.0,10.358341857790947
2021-05-12 00:00:00,0.0,0.0,10.304751992225647
2021-05-12 01:00:00,0.0,0.0,10.257618725299835
2021-05-12 02:00:00,0.0,0.0,10.210485458374023
2021-05-12 03:00:00,0.0,0.0,10.163352191448212
2021-05-12 04:00:00,0.0,0.0,10.1162189245224
2021-05-12 05:00:00,0.0,16.057,10.069085657596588
2021-05-12 06:00:00,0.0,43.646,10.021952390670776
2021-05-12 07:00:00,0.0,62.157,9.974819123744965
2021-05-12 08:00:00,0.0,73.097,9.927685856819153
2021-05-12 09:00:00,0.0,78.622,9.880552589893341
2021-05-12 10:00:00,0.0,79.108,9.83341932296753
2021-05-12 11:00:00,0.0,74.663,9.786286056041718
2021-05-12 12:00:00,0.0,65.15,9.739152789115906
2021-05-12 13:00:00,0.0,50.071,9.692019522190094
2021-05-12 14:00:00,0.0,28.496,9.644886255264282
2021-05-12 15:00:00,0.0,0.999,9.59775298833847
2021-05-12 16:00:00,0.0,0.0,9.550619721412659
2021-05-12 17:00:00,0.0,0.0,9.503486454486847
2021-05-12 18:00:00,0.0,0.0,9.456353187561035
2021-05-12 19:00:00,0.0,0.0,9.409219920635223
2021-05-12 20:00:00,0.0,0.0,9.362086653709412
2021-05-12 21:00:00,0.0,0.0,9.3149533867836
2021-05-12 22:00:00,0.0,0.0,9.267820119857788
2021-05-12 23:00:00,0.0,0.0,9.220686852931976
2021-05-13 00:00:00,0.0,0.0,9.173553586006165
2021-05-13 01:00:00,0.0,0.0,9.131585620343685
2021-05-13 02:00:00,0.0,0.0,9.089617654681206
2021-05-13 03:00:00,0.0,0.0,9.047649689018726
2021-05-13 04:00:00,0.0,0.0,9.005681723356247
2021-05-13 05:00:00,0.0,15.936,8.963713757693768
2021-05-13 06:00:00,0.0,40.952,8.921745792031288
2021-05-13 07:00:00,0.0,58.744,8.879777826368809
2021-05-13 08:00:00,0.0,69.78,8.83780986070633
2021-05-13 09:00:00,0.0,76.383,8.79584189504385
2021-05-13 10:00:00,0.0,77.605,8.75387392938137
2021-05-13 11:00:00,0.0,73.496,8.711905963718891
2021-05-13 12:00:00,0.0,64.131,8.669937998056412
2021-05-13 13:00:00,0.0,49.113,8.627970032393932
2021-05-13 14:00:00,0.0,27.698,8.586002066731453
2021-05-13 15:00:00,0.0,0.856,8.544034101068974
2021-05-13 16:00:00,0.0,0.0,8.502066135406494
2021-05-13 17:00:00,0.0,0.0,8.460098169744015
2021-05-13 18:00:00,0.0,0.0,8.418130204081535
2021-05-13 19:00:00,0.0,0.0,8.376162238419056
2021-05-13 20:00:00,0.0,0.0,8.334194272756577
2021-05-13 21:00:00,0.0,0.0,8.292226307094097
2021-05-13 22:00:00,0.0,0.0,8.250258341431618
2021-05-13 23:00:00,0.0,0.0,8.208290375769138
2021-05-14 00:00:00,0.0,0.0,8.166322410106659
2021-05-14 01:00:00,0.0,0.0,8.130165375769138
2021-05-14 02:00:00,0.0,0.0,8.094008341431618
2021-05-14 03:00:00,0.0,0.0,8.057851307094097
2021-05-14 04:00:00,0.0,0.0,8.021694272756577
2021-05-14 05:00:00,0.0,11.684,7.985537238419057
2021-05-14 06:00:00,0.0,34.834,7.949380204081535
2021-05-14 07:00:00,0.0,52.363,7.913223169744014
2021-05-14 08:00:00,0.0,62.819,7.877066135406495
2021-05-14 09:00:00,0.0,67.568,7.8409091010689735
2021-05-14 10:00:00,0.0,67.391,7.804752066731452
2021-05-14 11:00:00,0.0,62.026,7.768595032393933
2021-05-14 12:00:00,0.0,52.763,7.732437998056412
2021-05-14 13:00:00,0.0,36.819,7.69628096371889
2021-05-14 14:00:00,0.0,14.831,7.660123929381371
2021-05-14 15:00:00,0.0,0.181,7.62396689504385
2021-05-14 16:00:00,2.722856498346097,0.0,7.5878098607063285
2021-05-14 17:00:00,6.769340225060782,0.0,7.55165282636881
2021-05-14 18:00:00,10.691718339920046,0.0,7.515495792031288
2021-05-14 19:00:00,9.173452440897623,0.0,7.4793387576937675
2021-05-14 20:00:00,7.682902280489608,0.0,7.443181723356247
2021-05-14 21:00:00,6.2397297620773315,0.0,7.407024689018726
2021-05-14 22:00:00,4.556628465652466,0.0,7.370867654681206
2021-05-14 23:00:00,4.518815541267395,0.0,7.334710620343685
2021-05-15 00:00:00,4.524551216761271,0.0,7.2985535860061646
2021-05-15 01:00:00,4.50776986281077,0.0,7.294679619371891
2021-05-15 02:00:00,4.2712916135787955,0.0,7.2908056527376175
2021-05-15 03:00:00,4.231129169464112,0.0,7.286931686103344
2021-05-15 04:00:00,4.337820092837016,0.0,7.28305771946907
2021-05-15 05:00:00,4.514202117919922,5.741,7.279183752834797
2021-05-15 06:00:00,5.027876440684,27.911,7.275309786200523
2021-05-15 07:00:00,5.3354920546213815,47.81,7.27143581956625
2021-05-15 08:00:00,5.277401143312453,58.357,7.267561852931976
2021-05-15 09:00:00,4.511164710919063,65.518,7.263687886297703
2021-05-15 10:00:00,2.0221519092718756,66.281,7.259813919663429
2021-05-15 11:00:00,4.293710128466287,60.981,7.255939953029156
2021-05-15 12:00:00,1.9624672452608751,49.624,7.252065986394882
2021-05-15 13:00:00,3.9245863894621538,32.64,7.248192019760609
2021-05-15 14:00:00,4.0143137693405135,14.097,7.244318053126335
2021-05-15 15:00:00,5.933961216608684,0.156,7.240444086492062
2021-05-15 16:00:00,4.2809113224347435,0.0,7.236570119857788
2021-05-15 17:00:00,5.823405457477944,0.0,7.232696153223515
2021-05-15 18:00:00,7.415018284762345,0.0,7.228822186589241
2021-05-15 19:00:00,8.169646263122564,0.0,7.2249482199549675
2021-05-15 20:00:00,6.457163826624552,0.0,7.221074253320694
2021-05-15 21:00:00,2.9283485134442646,0.0,7.21720028668642
2021-05-15 22:00:00,2.777852559089661,0.0,7.213326320052147
2021-05-15 23:00:00,2.6634181618690493,0.0,7.209452353417873
2021-05-16 00:00:00,2.49371397892634,0.0,7.2055783867836
2021-05-16 01:00:00,2.260851411024729,0.0,7.223011255264282
2021-05-16 02:00:00,2.160775776704152,0.0,7.240444123744965
2021-05-16 03:00:00,2.1571375409762066,0.0,7.257876992225647
2021-05-16 04:00:00,2.432735029856364,0.0,7.275309860706329
2021-05-16 05:00:00,2.875240973631542,6.051,7.292742729187012
2021-05-16 06:00:00,2.669359930356343,21.982,7.310175597667694
2021-05-16 07:00:00,3.5395755112171177,33.967,7.3276084661483765
2021-05-16 08:00:00,2.041686393817266,40.462,7.345041334629059
2021-05-16 09:00:00,1.3360804438591007,46.208,7.362474203109741
2021-05-16 10:00:00,3.641209316253664,39.752,7.379907071590424
2021-05-16 11:00:00,2.428409373760223,24.393,7.397339940071106
2021-05-16 12:00:00,5.306126042207084,15.209,7.414772808551788
2021-05-16 13:00:00,4.464133449395498,12.309,7.432205677032471
2021-05-16 14:00:00,2.6746073683102924,4.629,7.449638545513153
2021-05-16 15:00:00,4.012934569517772,0.0,7.4670714139938354
2021-05-16 16:00:00,4.077597125371297,0.0,7.484504282474518
2021-05-16 17:00:00,5.516497619946798,0.0,7.501937150955199
2021-05-16 18:00:00,7.234643952051798,0.0,7.519370019435883
2021-05-16 19:00:00,7.372146320343021,0.0,7.536802887916566
2021-05-16 20:00:00,5.100356618563334,0.0,7.554235756397246
2021-05-16 21:00:00,3.2578535596529647,0.0,7.57166862487793
2021-05-16 22:00:00,2.937400372823079,0.0,7.589101493358613
2021-05-16 23:00:00,2.4195201277732847,0.0,7.6065343618392935
2021-05-17 00:00:00,2.333047997951508,0.0,7.623967230319977
2021-05-17 01:00:00,2.2634782989819855,0.0,7.616219278424978
2021-05-17 02:00:00,2.2534907817840577,0.0,7.60847132652998
2021-05-17 03:00:00,2.9387404878934236,0.0,7.600723374634981
2021-05-17 04:00:00,3.118127878506979,0.0,7.592975422739983
2021-05-17 05:00:00,4.478442951043447,1.469,7.585227470844984
2021-05-17 06:00:00,2.794940249125163,11.658,7.5774795189499855
2021-05-17 07:00:00,3.5419101496537526,41.722,7.569731567054987
2021-05-17 08:00:00,3.7379497011502583,65.119,7.561983615159988
2021-05-17 09:00:00,5.1965825200080875,73.553,7.55423566326499
2021-05-17 10:00:00,6.323343042532604,74.436,7.546487711369991
2021-05-17 11:00:00,5.194344941775004,70.094,7.538739759474993
2021-05-17 12:00:00,3.5397682865460713,57.987,7.530991807579994
2021-05-17 13:00:00,3.2505089004834486,42.98,7.523243855684996
2021-05-17 14:00:00,5.940861614545186,21.013,7.515495903789997
2021-05-17 15:00:00,3.21199609041214,0.199,7.5077479518949986
2021-05-17 16:00:00,4.342435467243194,0.0,7.5
2021-05-17 17:00:00,6.255383741855622,0.0,7.4922520481050014
2021-05-17 18:00:00,11.30713718732198,0.0,7.484504096210003
2021-05-17 19:00:00,8.625815884272258,0.0,7.476756144315004
2021-05-17 20:00:00,8.472615194320678,0.0,7.469008192420006
2021-05-17 21:00:00,4.662098840872448,0.0,7.461260240525007
2021-05-17 22:00:00,2.907267332077026,0.0,7.453512288630009
2021-05-17 23:00:00,2.62231518427531,0.0,7.44576433673501
2021-05-18 00:00:00,2.9219418128331496,0.0,7.438016384840012
2021-05-18 01:00:00,2.783484168847402,0.0,7.408315986394882
2021-05-18 02:00:00,2.800474953651429,0.0,7.378615587949753
2021-05-18 03:00:00,2.778396209081014,0.0,7.348915189504623
2021-05-18 04:00:00,2.6577798922856655,0.0,7.319214791059494
2021-05-18 05:00:00,2.9746625105539968,11.175,7.289514392614365
2021-05-18 06:00:00,5.442345054944357,40.143,7.259813994169235
2021-05-18 07:00:00,3.367442866166433,60.294,7.230113595724106
2021-05-18 08:00:00,4.6371195475260425,71.744,7.200413197278976
2021-05-18 09:00:00,4.929177828629812,77.27,7.170712798833847
2021-05-18 10:00:00,3.2577628056208296,77.793,7.141012400388718
2021-05-18 11:00:00,4.176279322306315,73.293,7.111312001943588
2021-05-18 12:00:00,3.4689287543296814,63.599,7.081611603498459
2021-05-18 13:00:00,5.978319116433464,48.277,7.0519112050533295
2021-05-18 14:00:00,4.769359258810678,26.269,7.0222108066082
2021-05-18 15:00:00,4.354985078175862,0.422,6.992510408163071
2021-05-18 16:00:00,4.605680243174235,0.0,6.962810009717941
2021-05-18 17:00:00,7.110108486811319,0.0,6.933109611272812
2021-05-18 18:00:00,11.747036393483482,0.0,6.9034092128276825
2021-05-18 19:00:00,10.651423867543537,0.0,6.873708814382553
2021-05-18 20:00:00,8.097360682487487,0.0,6.844008415937424
2021-05-18 21:00:00,4.793215111891429,0.0,6.814308017492294
2021-05-18 22:00:00,2.700115839640299,0.0,6.784607619047165
2021-05-18 23:00:00,2.3334515810012824,0.0,6.7549072206020355
2021-05-19 00:00:00,2.1106162687142698,0.0,6.725206822156906
2021-05-19 01:00:00,2.132635990778605,0.0,6.69227808713913
2021-05-19 02:00:00,2.1296968261400857,0.0,6.659349352121353
2021-05-19 03:00:00,2.2194692452748623,0.0,6.626420617103577
2021-05-19 04:00:00,5.151715425650279,0.0,6.5934918820858
2021-05-19 05:00:00,3.97004197438558,13.089,6.560563147068024
2021-05-19 06:00:00,4.060832683245342,38.445,6.527634412050247
2021-05-19 07:00:00,5.660106714566547,56.823,6.494705677032471
2021-05-19 08:00:00,5.9943792263666795,67.577,6.461776942014694
2021-05-19 09:00:00,7.067213924725851,72.512,6.428848206996918
2021-05-19 10:00:00,6.02353369394938,72.847,6.395919471979141
2021-05-19 11:00:00,8.480097452799482,68.357,6.362990736961365
2021-05-19 12:00:00,5.901097249984741,58.784,6.330062001943588
2021-05-19 13:00:00,6.020062573750815,43.24,6.297133266925812
2021-05-19 14:00:00,3.724172822634379,18.637,6.264204531908035
2021-05-19 15:00:00,5.587365456422171,0.088,6.231275796890259
2021-05-19 16:00:00,6.359857046604156,0.0,6.198347061872482
2021-05-19 17:00:00,7.775880734125773,0.0,6.165418326854706
2021-05-19 18:00:00,10.313001378377278,0.0,6.132489591836929
2021-05-19 19:00:00,8.704478621482851,0.0,6.099560856819153
2021-05-19 20:00:00,8.013232024510701,0.0,6.066632121801376
2021-05-19 21:00:00,5.283479050795237,0.0,6.0337033867836
2021-05-19 22:00:00,2.9647303859392813,0.0,6.000774651765823
2021-05-19 23:00:00,2.5696532805760706,0.0,5.967845916748047
2021-05-20 00:00:00,2.62497627735138,0.0,5.93491718173027
2021-05-20 01:00:00,2.530958529313405,0.0,5.914256032556295
2021-05-20 02:00:00,2.774146982034047,0.0,5.89359488338232
2021-05-20 03:00:00,2.635029663642248,0.0,5.872933734208345
2021-05-20 04:00:00,2.96495977640152,0.0,5.85227258503437
2021-05-20 05:00:00,4.282018820444742,8.62,5.831611435860395
2021-05-20 06:00:00,5.282907354831695,32.83,5.81095028668642
2021-05-20 07:00:00,6.007121308644614,51.896,5.7902891375124454
2021-05-20 08:00:00,3.8862513681252806,63.37,5.7696279883384705
2021-05-20 09:00:00,2.773917770385742,68.554,5.7489668391644955
2021-05-20 10:00:00,4.485657695929209,68.375,5.7283056899905205
2021-05-20 11:00:00,3.3107230782508847,63.91,5.7076445408165455
2021-05-20 12:00:00,4.043709599971772,54.322,5.6869833916425705
2021-05-20 13:00:00,5.194712758064271,37.089,5.6663222424685955
2021-05-20 14:00:00,5.624721157550813,15.162,5.6456610932946205
2021-05-20 15:00:00,6.774848167101539,0.05,5.6249999441206455
2021-05-20 16:00:00,4.021853455957377,0.0,5.6043387949466705
2021-05-20 17:00:00,2.6210452887144955,0.0,5.5836776457726955
2021-05-20 18:00:00,4.665242910385132,0.0,5.5630164965987206
2021-05-20 19:00:00,3.9826306621233623,0.0,5.542355347424746
2021-05-20 20:00:00,3.2464104652404786,0.0,5.521694198250771
2021-05-20 21:00:00,2.721739077568054,0.0,5.501033049076796
2021-05-20 22:00:00,1.764644851287205,0.0,5.480371899902821
2021-05-20 23:00:00,1.4580212255318956,0.0,5.459710750728846
2021-05-21 00:00:00,1.530126404762268,0.0,5.439049601554871
2021-05-21 01:00:00,1.6339634398619334,0.0,5.42097108438611
2021-05-21 02:00:00,1.7203222413857775,0.0,5.40289256721735
2021-05-21 03:00:00,1.991502012809118,0.0,5.38481405004859
2021-05-21 04:00:00,2.659119598070782,0.0,5.366735532879829
2021-05-21 05:00:00,2.4463758885860445,9.577,5.348657015711069
2021-05-21 06:00:00,1.989725136756897,33.053,5.330578498542309
2021-05-21 07:00:00,1.3377769768238068,52.614,5.3124999813735485
2021-05-21 08:00:00,1.7099709123373026,63.538,5.294421464204788
2021-05-21 09:00:00,1.7133069107929866,68.655,5.276342947036028
2021-05-21 10:00:00,1.673059007525444,69.628,5.258264429867268
2021-05-21 11:00:00,1.2813415084129731,65.62,5.240185912698507
2021-05-21 12:00:00,4.633980261652093,56.214,5.222107395529747
2021-05-21 13:00:00,2.57913875579834,39.917,5.204028878360987
2021-05-21 14:00:00,1.677679400642713,15.79,5.185950361192226
2021-05-21 15:00:00,1.0962609420220062,0.043,5.167871844023466
2021-05-21 16:00:00,0.9748275975386304,0.0,5.149793326854706
2021-05-21 17:00:00,0.5854518814728805,0.0,5.1317148096859455
2021-05-21 18:00:00,3.8180305246721233,0.0,5.113636292517185
2021-05-21 19:00:00,4.79788950139826,0.0,5.095557775348425
2021-05-21 20:00:00,6.03714427947998,0.0,5.077479258179665
2021-05-21 21:00:00,3.9318030953407286,0.0,5.059400741010904
2021-05-21 22:00:00,3.776318685213724,0.0,5.041322223842144
2021-05-21 23:00:00,3.7460176944732666,0.0,5.023243706673384
2021-05-22 00:00:00,3.8488848120176873,0.0,5.005165189504623
2021-05-22 01:00:00,3.9517519295621084,0.0,4.989669322967529
2021-05-22 02:00:00,4.054619047106529,0.0,4.974173456430435
2021-05-22 03:00:00,4.15748616465095,0.0,4.958677589893341
2021-05-22 04:00:00,4.2603532821953705,0.0,4.943181723356247
2021-05-22 05:00:00,4.363220399739792,8.592,4.927685856819153
2021-05-22 06:00:00,4.466087517284213,31.267,4.912189990282059
2021-05-22 07:00:00,4.568954634828633,49.74,4.896694123744965
2021-05-22 08:00:00,4.671821752373054,62.483,4.8811982572078705
2021-05-22 09:00:00,4.774688869917475,68.064,4.865702390670776
2021-05-22 10:00:00,4.8775559874618954,66.179,4.850206524133682
2021-05-22 11:00:00,4.980423105006317,58.877,4.834710657596588
2021-05-22 12:00:00,3.959254988034566,44.501,4.819214791059494
2021-05-22 13:00:00,3.4838724732398987,27.753,4.8037189245224
2021-05-22 14:00:00,4.610658427079519,11.069,4.788223057985306
2021-05-22 15:00:00,4.323819506168365,0.0,4.772727191448212
2021-05-22 16:00:00,4.258465834458669,0.0,4.7572313249111176
2021-05-22 17:00:00,5.750664635499319,0.0,4.741735458374023
2021-05-22 18:00:00,9.483434557914734,0.0,4.726239591836929
2021-05-22 19:00:00,8.573521590232847,0.0,4.710743725299835
2021-05-22 20:00:00,6.751256593068439,0.0,4.695247858762741
2021-05-22 21:00:00,5.562345139185587,0.0,4.679751992225647
2021-05-22 22:00:00,4.650300844510397,0.0,4.664256125688553
2021-05-22 23:00:00,3.2213865399360646,0.0,4.648760259151459
2021-05-23 00:00:00,3.162478971481323,0.0,4.633264392614365
2021-05-23 01:00:00,3.139389216899871,0.0,4.6222881600260735
2021-05-23 02:00:00,3.129862288633982,0.0,4.611311927437782
2021-05-23 03:00:00,3.302073911825816,0.0,4.600335694849491
2021-05-23 04:00:00,3.469235599040985,0.0,4.5893594622612
2021-05-23 05:00:00,3.557918564478556,0.703,4.578383229672909
2021-05-23 06:00:00,3.5745725353558853,8.103,4.567406997084618
2021-05-23 07:00:00,4.374547866980235,27.832,4.5564307644963264
2021-05-23 08:00:00,4.4589175621668495,47.418,4.545454531908035
2021-05-23 09:00:00,5.311350468794504,51.796,4.534478299319744
2021-05-23 10:00:00,6.809967664877576,46.37,4.523502066731453
2021-05-23 11:00:00,5.109681856632235,38.255,4.512525834143162
2021-05-23 12:00:00,5.861590909957886,26.769,4.501549601554871
2021-05-23 13:00:00,8.787353483835854,15.163,4.490573368966579
2021-05-23 14:00:00,7.142354623476665,6.001,4.479597136378288
2021-05-23 15:00:00,5.156751378377279,0.0,4.468620903789997
2021-05-23 16:00:00,4.9877910017967215,0.0,4.457644671201706
2021-05-23 17:00:00,8.351299941539763,0.0,4.446668438613415
2021-05-23 18:00:00,9.14171439011892,0.0,4.435692206025124
2021-05-23 19:00:00,8.886607487996418,0.0,4.424715973436832
2021-05-23 20:00:00,6.01716951529185,0.0,4.413739740848541
2021-05-23 21:00:00,3.6422994295756026,0.0,4.40276350826025
2021-05-23 22:00:00,2.789813315868378,0.0,4.391787275671959
2021-05-23 23:00:00,2.548227965831757,0.0,4.380811043083668
2021-05-24 00:00:00,2.5356980284055077,0.0,4.369834810495377
2021-05-24 01:00:00,2.5256335934003196,0.0,4.3614412099123
2021-05-24 02:00:00,2.680198280016582,0.0,4.353047609329224
2021-05-24 03:00:00,3.589943981170655,0.0,4.344654008746147
2021-05-24 04:00:00,4.86577597061793,0.0,4.336260408163071
2021-05-24 05:00:00,5.7356940627098085,8.156,4.327866807579994
2021-05-24 06:00:00,6.15696539481481,33.821,4.319473206996918
2021-05-24 07:00:00,4.515482699871063,53.227,4.311079606413841
2021-05-24 08:00:00,6.376831940809884,64.93,4.302686005830765
2021-05-24 09:00:00,4.741976773738861,70.657,4.294292405247688
2021-05-24 10:00:00,3.4497608105341584,71.346,4.285898804664612
2021-05-24 11:00:00,2.8384374698003136,66.863,4.277505204081535
2021-05-24 12:00:00,2.7503691991170243,57.592,4.269111603498459
2021-05-24 13:00:00,3.1250665903091432,42.075,4.260718002915382
2021-05-24 14:00:00,4.3816209514935816,16.912,4.252324402332306
2021-05-24 15:00:00,4.6371921261151625,0.0,4.243930801749229
2021-05-24 16:00:00,5.428140878677368,0.0,4.235537201166153
2021-05-24 17:00:00,6.238006937503816,0.0,4.2271436005830765
2021-05-24 18:00:00,10.079575188954673,0.0,4.21875
2021-05-24 19:00:00,11.460779444376628,0.0,4.2103563994169235
2021-05-24 20:00:00,8.382126458485923,0.0,4.201962798833847
2021-05-24 21:00:00,6.031939069430035,0.0,4.193569198250771
2021-05-24 22:00:00,4.491118494669596,0.0,4.185175597667694
2021-05-24 23:00:00,2.453410601615906,0.0,4.176781997084618
2021-05-25 00:00:00,2.308429145812988,0.0,4.168388396501541
2021-05-25 01:00:00,2.3406851967175797,0.0,4.156120829284191
2021-05-25 02:00:00,2.4260772824287424,0.0,4.143853262066841
2021-05-25 03:00:00,2.466796509424846,0.0,4.131585694849491
2021-05-25 04:00:00,4.764374633630117,0.0,4.119318127632141
2021-05-25 05:00:00,4.927856334050498,9.483,4.107050560414791
2021-05-25 06:00:00,7.364170098304749,34.26,4.094782993197441
2021-05-25 07:00:00,5.352763609091441,52.75,4.082515425980091
2021-05-25 08:00:00,6.225674704710645,63.771,4.070247858762741
2021-05-25 09:00:00,3.3333966692288715,69.35,4.057980291545391
2021-05-25 10:00:00,6.602027877171833,69.952,4.045712724328041
2021-05-25 11:00:00,4.213461156686147,65.809,4.033445157110691
2021-05-25 12:00:00,4.3389830311139415,56.695,4.021177589893341
2021-05-25 13:00:00,3.5432957768440247,41.528,4.008910022675991
2021-05-25 14:00:00,3.308274519443512,19.368,3.9966424554586415
2021-05-25 15:00:00,3.7790448506673178,0.0,3.984374888241291
2021-05-25 16:00:00,5.733445318539938,0.0,3.9721073210239406
2021-05-25 17:00:00,7.157930541038516,0.0,3.9598397538065915
2021-05-25 18:00:00,10.675452121098834,0.0,3.947572186589241
2021-05-25 19:00:00,8.560692286491392,0.0,3.9353046193718906
2021-05-25 20:00:00,7.317427070935567,0.0,3.9230370521545415
2021-05-25 21:00:00,5.036844031016032,0.0,3.910769484937191
2021-05-25 22:00:00,3.876575469970704,0.0,3.8985019177198406
2021-05-25 23:00:00,2.435368267695109,0.0,3.8862343505024914
2021-05-26 00:00:00,2.277566413084666,0.0,3.873966783285141
2021-05-26 01:00:00,2.2337205012639365,0.0,3.863636208698154
2021-05-26 02:00:00,2.2899694244066873,0.0,3.8533056341111656
2021-05-26 03:00:00,3.0518636147181195,0.0,3.8429750595241785
2021-05-26 04:00:00,4.199784815311433,0.0,3.8326444849371915
2021-05-26 05:00:00,4.739103746414185,6.898,3.822313910350203
2021-05-26 06:00:00,4.944614938894909,33.291,3.811983335763216
2021-05-26 07:00:00,3.042991916338603,51.689,3.801652761176229
2021-05-26 08:00:00,5.651232624053955,62.464,3.7913221865892406
2021-05-26 09:00:00,4.757551181316375,70.209,3.7809916120022535
2021-05-26 10:00:00,3.462839547793071,60.753,3.7706610374152665
2021-05-26 11:00:00,3.5772634267807013,45.447,3.760330462828278
2021-05-26 12:00:00,6.714186012744904,35.958,3.749999888241291
2021-05-26 13:00:00,8.497550332546236,8.379,3.7396693136543036
2021-05-26 14:00:00,5.46275557279587,2.937,3.729338739067316
2021-05-26 15:00:00,3.506189489364624,0.0,3.7190081644803286
2021-05-26 16:00:00,2.6680249691009528,0.0,3.708677589893341
2021-05-26 17:00:00,6.485720280806222,0.0,3.6983470153063536
2021-05-26 18:00:00,7.572051692008972,0.0,3.688016440719366
2021-05-26 19:00:00,7.934098927179972,0.0,3.6776858661323786
2021-05-26 20:00:00,8.394920786221823,0.0,3.667355291545391
2021-05-26 21:00:00,4.718380411465962,0.0,3.6570247169584036
2021-05-26 22:00:00,2.513691906134288,0.0,3.646694142371416
2021-05-26 23:00:00,2.368478290239969,0.0,3.6363635677844286
2021-05-27 00:00:00,2.36446426709493,0.0,3.626032993197441
2021-05-27 01:00:00,2.330022072792053,0.0,3.622804693877697
2021-05-27 02:00:00,2.1923207600911456,0.0,3.619576394557953
2021-05-27 03:00:00,2.202630754311879,0.0,3.6163480952382088
2021-05-27 04:00:00,4.004775722821553,0.0,3.6131197959184647
2021-05-27 05:00:00,5.6271482030550635,8.725,3.6098914965987206
2021-05-27 06:00:00,6.31632076104482,33.304,3.6066631972789764
2021-05-27 07:00:00,3.8137161572774256,55.301,3.6034348979592323
2021-05-27 08:00:00,5.621804813543955,67.61,3.600206598639488
2021-05-27 09:00:00,3.9922418415546415,71.593,3.596978299319744
2021-05-27 10:00:00,2.484049208958944,70.863,3.59375
2021-05-27 11:00:00,2.7587801992893213,65.82,3.590521700680256
2021-05-27 12:00:00,2.906471621990204,56.106,3.587293401360512
2021-05-27 13:00:00,4.096416322390239,41.561,3.5840651020407677
2021-05-27 14:00:00,3.656629411379496,20.806,3.5808368027210236
2021-05-27 15:00:00,3.326120440165202,0.009,3.5776085034012794
2021-05-27 16:00:00,2.786535972356796,0.0,3.5743802040815353
2021-05-27 17:00:00,7.133209749062858,0.0,3.5711519047617912
2021-05-27 18:00:00,10.105164559682208,0.0,3.567923605442047
2021-05-27 19:00:00,9.578143167495726,0.0,3.564695306122303
2021-05-27 20:00:00,7.982869799931845,0.0,3.561467006802559
2021-05-27 21:00:00,5.308975005149842,0.0,3.558238707482815
2021-05-27 22:00:00,2.346659942468008,0.0,3.5550104081630707
2021-05-27 23:00:00,2.224700284004211,0.0,3.5517821088433266
2021-05-28 00:00:00,2.1581023037433624,0.0,3.5485538095235825
2021-05-28 01:00:00,2.5808443029721584,0.0,3.542742859572172
2021-05-28 02:00:00,2.121267682313919,0.0,3.536931909620762
2021-05-28 03:00:00,2.0563557088375095,0.0,3.5311209596693516
2021-05-28 04:00:00,5.156294683615367,0.0,3.5253100097179413
2021-05-28 05:00:00,4.661122246583302,9.933,3.519499059766531
2021-05-28 06:00:00,4.556569659709931,37.614,3.5136881098151207
2021-05-28 07:00:00,1.95402557949225,57.259,3.5078771598637104
2021-05-28 08:00:00,3.714365885655084,69.586,3.5020662099123
2021-05-28 09:00:00,2.327050391832987,76.036,3.49625525996089
2021-05-28 10:00:00,4.622937556107838,77.121,3.4904443100094795
2021-05-28 11:00:00,3.354108134905497,72.926,3.4846333600580692
2021-05-28 12:00:00,2.789756194750468,63.446,3.478822410106659
2021-05-28 13:00:00,3.0341908772786463,48.0,3.4730114601552486
2021-05-28 14:00:00,4.622343921661377,25.427,3.4672005102038383
2021-05-28 15:00:00,2.990362962086995,0.06,3.461389560252428
2021-05-28 16:00:00,4.863841837644576,0.0,3.4555786103010178
2021-05-28 17:00:00,7.526883673667906,0.0,3.4497676603496075
2021-05-28 18:00:00,13.228690687815348,0.0,3.443956710398197
2021-05-28 19:00:00,10.990354839960736,0.0,3.438145760446787
2021-05-28 20:00:00,9.815190823872884,0.0,3.4323348104953766
2021-05-28 21:00:00,7.131321426232655,0.0,3.4265238605439663
2021-05-28 22:00:00,3.4088085532188415,0.0,3.420712910592556
2021-05-28 23:00:00,2.8895322481791177,0.0,3.4149019606411457
2021-05-29 00:00:00,2.7373105367024744,0.0,3.4090910106897354
2021-05-29 01:00:00,2.7430474003156022,0.0,3.4013430681079626
2021-05-29 02:00:00,2.819666910171508,0.0,3.39359512552619
2021-05-29 03:00:00,2.7908592780431123,0.0,3.385847182944417
2021-05-29 04:00:00,2.809594631195069,0.0,3.378099240362644
2021-05-29 05:00:00,2.68739717801412,11.557,3.3703512977808714
2021-05-29 06:00:00,3.627583150068919,39.778,3.3626033551990986
2021-05-29 07:00:00,4.486319887638091,58.845,3.354855412617326
2021-05-29 08:00:00,6.015911338726681,70.307,3.347107470035553
2021-05-29 09:00:00,4.9129281202952075,76.471,3.33935952745378
2021-05-29 10:00:00,6.000459146499633,77.736,3.3316115848720074
2021-05-29 11:00:00,4.812836623191833,73.693,3.3238636422902346
2021-05-29 12:00:00,4.507730146249136,64.095,3.3161156997084618
2021-05-29 13:00:00,4.028024556239446,46.948,3.308367757126689
2021-05-29 14:00:00,5.337612370649974,20.69,3.300619814544916
2021-05-29 15:00:00,6.745015303293866,0.0,3.2928718719631433
2021-05-29 16:00:00,7.498121666908265,0.0,3.2851239293813705
2021-05-29 17:00:00,9.440916697184248,0.0,3.2773759867995977
2021-05-29 18:00:00,10.933884382247925,0.0,3.269628044217825
2021-05-29 19:00:00,10.988363941510515,0.0,3.261880101636052
2021-05-29 20:00:00,11.1038365205129,0.0,3.2541321590542793
2021-05-29 21:00:00,7.3718013842900625,0.0,3.2463842164725065
2021-05-29 22:00:00,6.34469985961914,0.0,3.2386362738907337
2021-05-29 23:00:00,3.464868028958638,0.0,3.230888331308961
2021-05-30 00:00:00,3.234610561529794,0.0,3.223140388727188
2021-05-30 01:00:00,2.6700128396352127,0.0,3.216683780774474
2021-05-30 02:00:00,2.564064419269562,0.0,3.21022717282176
2021-05-30 03:00:00,2.4883812109629315,0.0,3.203770564869046
2021-05-30 04:00:00,2.486334220568339,0.0,3.1973139569163322
2021-05-30 05:00:00,2.5124068895975755,10.315,3.1908573489636183
2021-05-30 06:00:00,3.8572407523791,37.802,3.1844007410109043
2021-05-30 07:00:00,5.3010221203168255,56.625,3.1779441330581903
2021-05-30 08:00:00,6.606199093659717,68.158,3.1714875251054764
2021-05-30 09:00:00,4.961390338341394,74.22,3.1650309171527624
2021-05-30 10:00:00,5.215152569611868,75.225,3.1585743092000484
2021-05-30 11:00:00,3.8660622894763943,71.126,3.1521177012473345
2021-05-30 12:00:00,4.007918763160706,61.803,3.1456610932946205
2021-05-30 13:00:00,3.8217184821764625,46.418,3.1392044853419065
2021-05-30 14:00:00,2.9755716602007563,23.756,3.1327478773891926
2021-05-30 15:00:00,5.965292378266653,0.0,3.1262912694364786
2021-05-30 16:00:00,3.7047622680664056,0.0,3.1198346614837646
2021-05-30 17:00:00,6.439732126394909,0.0,3.1133780535310507
2021-05-30 18:00:00,7.9222897529602045,0.0,3.1069214455783367
2021-05-30 19:00:00,10.819655330975852,0.0,3.1004648376256227
2021-05-30 20:00:00,8.24325945774714,0.0,3.094008229672909
2021-05-30 21:00:00,5.131989312171938,0.0,3.087551621720195
2021-05-30 22:00:00,4.230921562512716,0.0,3.081095013767481
2021-05-30 23:00:00,2.717366862297058,0.0,3.074638405814767
2021-05-31 00:00:00,2.257905276616415,0.0,3.068181797862053
2021-05-31 01:00:00,2.24025913476944,0.0,3.0630165059119463
2021-05-31 02:00:00,2.3711581428845725,0.0,3.0578512139618397
2021-05-31 03:00:00,2.8140699307123827,0.0,3.052685922011733
2021-05-31 04:00:00,4.41061848004659,0.0,3.0475206300616264
2021-05-31 05:00:00,6.5332213719685885,9.736,3.04235533811152
2021-05-31 06:00:00,6.773994553089142,38.257,3.037190046161413
2021-05-31 07:00:00,4.678560042381287,56.11,3.0320247542113066
2021-05-31 08:00:00,3.823831121126811,67.007,3.0268594622612
2021-05-31 09:00:00,5.480188198884329,74.653,3.0216941703110933
2021-05-31 10:00:00,3.682077753543855,72.341,3.0165288783609867
2021-05-31 11:00:00,2.524375967184703,66.586,3.01136358641088
2021-05-31 12:00:00,5.443383034070334,53.452,3.0061982944607735
2021-05-31 13:00:00,3.87301480571429,26.55,3.001033002510667
2021-05-31 14:00:00,2.781701131661733,6.855,2.9958677105605602
2021-05-31 15:00:00,4.13111340602239,0.0,2.9907024186104536
2021-05-31 16:00:00,3.8194797595342007,0.0,2.985537126660347
2021-05-31 17:00:00,5.685034259160361,0.0,2.9803718347102404
2021-05-31 18:00:00,12.403121089935306,0.0,2.9752065427601337
2021-05-31 19:00:00,10.115143354733783,0.0,2.970041250810027
2021-05-31 20:00:00,8.838413182894385,0.0,2.9648759588599205
2021-05-31 21:00:00,6.304134444395702,0.0,2.959710666909814
2021-05-31 22:00:00,2.771825889746347,0.0,2.9545453749597073
2021-05-31 23:00:00,3.0150594115257263,0.0,2.9493800830096006
2021-06-01 00:00:00,3.072670876979828,0.0,2.944214791059494
2021-06-01 01:00:00,2.941529262065887,0.0,2.939049508422613
2021-06-01 02:00:00,2.944248628616333,0.0,2.9338842257857323
2021-06-01 03:00:00,2.918098350365957,0.0,2.9287189431488514
2021-06-01 04:00:00,4.475891609986624,0.0,2.9235536605119705
2021-06-01 05:00:00,5.332595900694531,1.593,2.9183883778750896
2021-06-01 06:00:00,7.7690246820449875,13.615,2.9132230952382088
2021-06-01 07:00:00,5.690406036376952,26.441,2.908057812601328
2021-06-01 08:00:00,7.209180529912315,37.227,2.902892529964447
2021-06-01 09:00:00,6.118090244134267,47.092,2.897727247327566
2021-06-01 10:00:00,6.223481357097626,60.649,2.8925619646906853
2021-06-01 11:00:00,3.971270799636841,60.361,2.8873966820538044
2021-06-01 12:00:00,4.899657948811848,47.349,2.8822313994169235
2021-06-01 13:00:00,5.28386900027593,30.33,2.8770661167800426
2021-06-01 14:00:00,4.551145513852437,10.875,2.8719008341431618
2021-06-01 15:00:00,4.322807840506237,0.0,2.866735551506281
2021-06-01 16:00:00,4.886216763655344,0.0,2.8615702688694
2021-06-01 17:00:00,10.051201287905377,0.0,2.856404986232519
2021-06-01 18:00:00,11.979151368141174,0.0,2.8512397035956383
2021-06-01 19:00:00,10.795511150360108,0.0,2.8460744209587574
2021-06-01 20:00:00,9.623682673772178,0.0,2.8409091383218765
2021-06-01 21:00:00,7.641490793228153,0.0,2.8357438556849957
2021-06-01 22:00:00,5.1326695402463285,0.0,2.8305785730481148
2021-06-01 23:00:00,4.756100336710612,0.0,2.825413290411234
2021-06-02 00:00:00,2.9174861669540406,0.0,2.820248007774353
2021-06-02 01:00:00,2.7828007499376937,0.0,2.817019699141383
2021-06-02 02:00:00,2.7716074426968897,0.0,2.8137913905084133
2021-06-02 03:00:00,2.8496689319610597,0.0,2.8105630818754435
2021-06-02 04:00:00,4.7408224542935695,0.0,2.8073347732424736
2021-06-02 05:00:00,6.310613505045572,8.614,2.8041064646095037
2021-06-02 06:00:00,8.302963376045225,37.689,2.800878155976534
2021-06-02 07:00:00,5.932870940367379,57.793,2.797649847343564
2021-06-02 08:00:00,7.856381726264956,70.389,2.794421538710594
2021-06-02 09:00:00,6.21476716597875,76.435,2.7911932300776243
2021-06-02 10:00:00,6.140074149767558,76.938,2.7879649214446545
2021-06-02 11:00:00,5.524092264970144,69.674,2.7847366128116846
2021-06-02 12:00:00,5.087085894743604,55.894,2.7815083041787148
2021-06-02 13:00:00,4.8666084706783295,38.621,2.778279995545745
2021-06-02 14:00:00,4.671674470106761,15.445,2.775051686912775
2021-06-02 15:00:00,7.548661760489145,0.0,2.771823378279805
2021-06-02 16:00:00,6.350797216097514,0.0,2.7685950696468353
2021-06-02 17:00:00,11.235763772328692,0.0,2.7653667610138655
2021-06-02 18:00:00,9.053987161318464,0.0,2.7621384523808956
2021-06-02 19:00:00,7.891887974739076,0.0,2.7589101437479258
2021-06-02 20:00:00,6.944381165504457,0.0,2.755681835114956
2021-06-02 21:00:00,5.128676486015319,0.0,2.752453526481986
2021-06-02 22:00:00,2.876615337530771,0.0,2.749225217849016
2021-06-02 23:00:00,2.757910466194153,0.0,2.7459969092160463
2021-06-03 00:00:00,2.821894415219624,0.0,2.7427686005830765
2021-06-03 01:00:00,2.8328331589698794,0.0,2.7363119926303625
2021-06-03 02:00:00,2.899912366500268,0.0,2.7298553846776485
2021-06-03 03:00:00,2.906380070875054,0.0,2.7233987767249346
2021-06-03 04:00:00,2.9128477752498396,0.0,2.7169421687722206
2021-06-03 05:00:00,2.9193154796246255,8.719,2.7104855608195066
2021-06-03 06:00:00,2.9257831839994113,37.716,2.7040289528667927
2021-06-03 07:00:00,2.932250888374197,58.371,2.6975723449140787
2021-06-03 08:00:00,2.938718592748983,62.929,2.6911157369613647
2021-06-03 09:00:00,2.9451862971237683,74.468,2.684659129008651
2021-06-03 10:00:00,2.951654001498554,67.946,2.678202521055937
2021-06-03 11:00:00,2.95812170587334,61.954,2.671745913103223
2021-06-03 12:00:00,2.964589410248126,53.283,2.665289305150509
2021-06-03 13:00:00,2.9710571146229117,21.867,2.658832697197795
2021-06-03 14:00:00,2.9775248189976975,7.088,2.652376089245081
2021-06-03 15:00:00,2.9839925233724833,0.0,2.645919481292367
2021-06-03 16:00:00,2.990460227747269,0.0,2.639462873339653
2021-06-03 17:00:00,2.996927932122055,0.0,2.633006265386939
2021-06-03 18:00:00,3.003395636496841,0.0,2.626549657434225
2021-06-03 19:00:00,3.0098633408716267,0.0,2.620093049481511
2021-06-03 20:00:00,3.0163310452464125,0.0,2.613636441528797
2021-06-03 21:00:00,3.0227987496211983,0.0,2.607179833576083
2021-06-03 22:00:00,3.0292664539959837,0.0,2.600723225623369
2021-06-03 23:00:00,3.0357341583707695,0.0,2.5942666176706553
2021-06-04 00:00:00,3.0422018627455554,0.0,2.5878100097179413
2021-06-04 01:00:00,3.048669567120341,0.0,2.585227359086275
2021-06-04 02:00:00,3.055137271495127,0.0,2.582644708454609
2021-06-04 03:00:00,3.061604975869913,0.0,2.5800620578229427
2021-06-04 04:00:00,3.0680726802446987,0.0,2.5774794071912766
2021-06-04 05:00:00,3.0745403846194845,3.015,2.5748967565596104
2021-06-04 06:00:00,3.0810080889942704,23.784,2.572314105927944
2021-06-04 07:00:00,3.087475793369056,46.818,2.569731455296278
2021-06-04 08:00:00,3.093943497743842,61.898,2.567148804664612
2021-06-04 09:00:00,3.100411202118628,72.023,2.5645661540329456
2021-06-04 10:00:00,3.1068789064934137,75.794,2.5619835034012794
2021-06-04 11:00:00,3.113346610868199,73.356,2.5594008527696133
2021-06-04 12:00:00,3.119814315242985,63.425,2.556818202137947
2021-06-04 13:00:00,3.1262820196177707,47.195,2.554235551506281
2021-06-04 14:00:00,3.1327497239925566,23.085,2.5516529008746147
2021-06-04 15:00:00,3.1392174283673424,0.0,2.5490702502429485
2021-06-04 16:00:00,3.1456851327421282,0.0,2.5464875996112823
2021-06-04 17:00:00,3.152152837116914,0.0,2.543904948979616
2021-06-04 18:00:00,3.1586205414917,0.0,2.54132229834795
2021-06-04 19:00:00,3.1650882458664857,0.0,2.538739647716284
2021-06-04 20:00:00,3.1715559502412716,0.0,2.5361569970846176
2021-06-04 21:00:00,3.1780236546160574,0.0,2.5335743464529514
2021-06-04 22:00:00,3.1844913589908432,0.0,2.5309916958212852
2021-06-04 23:00:00,3.1909590633656286,0.0,2.528409045189619
2021-06-05 00:00:00,3.1974267677404145,0.0,2.525826394557953
2021-06-05 01:00:00,3.2038944721152003,0.0,2.5219524279236794
2021-06-05 02:00:00,3.210362176489986,0.0,2.518078461289406
2021-06-05 03:00:00,3.216829880864772,0.0,2.5142044946551323
2021-06-05 04:00:00,3.223297585239558,0.0,2.5103305280208588
2021-06-05 05:00:00,3.2297652896143436,1.474,2.5064565613865852
2021-06-05 06:00:00,3.2362329939891294,12.682,2.5025825947523117
2021-06-05 07:00:00,3.2427006983639153,25.605,2.498708628118038
2021-06-05 08:00:00,3.249168402738701,40.953,2.4948346614837646
2021-06-05 09:00:00,3.255636107113487,61.345,2.490960694849491
2021-06-05 10:00:00,3.2621038114882728,68.992,2.4870867282152176
2021-06-05 11:00:00,3.2685715158630586,68.092,2.483212761580944
2021-06-05 12:00:00,3.275039220237844,57.292,2.4793387949466705
2021-06-05 13:00:00,3.28150692461263,38.938,2.475464828312397
2021-06-05 14:00:00,3.2879746289874157,13.637,2.4715908616781235
2021-06-05 15:00:00,3.2944423333622015,0.0,2.46771689504385
2021-06-05 16:00:00,3.3009100377369873,0.0,2.4638429284095764
2021-06-05 17:00:00,3.307377742111773,0.0,2.459968961775303
2021-06-05 18:00:00,3.313845446486559,0.0,2.4560949951410294
2021-06-05 19:00:00,3.320313150861345,0.0,2.452221028506756
2021-06-05 20:00:00,3.3267808552361307,0.0,2.4483470618724823
2021-06-05 21:00:00,3.3332485596109165,0.0,2.4444730952382088
2021-06-05 22:00:00,3.3397162639857023,0.0,2.4405991286039352
2021-06-05 23:00:00,3.346183968360488,0.0,2.4367251619696617
2021-06-06 00:00:00,3.352651672735274,0.0,2.432851195335388
2021-06-06 01:00:00,3.3591193771100594,0.0,2.4309142120182514
2021-06-06 02:00:00,3.365587081484845,0.0,2.4289772287011147
2021-06-06 03:00:00,3.372054785859631,0.0,2.427040245383978
2021-06-06 04:00:00,3.378522490234417,0.0,2.425103262066841
2021-06-06 05:00:00,3.3849901946092027,9.89,2.4231662787497044
2021-06-06 06:00:00,3.3914578989839885,39.969,2.4212292954325676
2021-06-06 07:00:00,3.3979256033587744,59.289,2.419292312115431
2021-06-06 08:00:00,3.40439330773356,70.806,2.417355328798294
2021-06-06 09:00:00,3.410861012108346,76.44,2.4154183454811573
2021-06-06 10:00:00,3.417328716483132,77.165,2.4134813621640205
2021-06-06 11:00:00,3.4237964208579177,72.914,2.4115443788468838
2021-06-06 12:00:00,3.4302641252327035,63.456,2.409607395529747
2021-06-06 13:00:00,3.4367318296074894,48.052,2.4076704122126102
2021-06-06 14:00:00,3.4431995339822747,24.938,2.4057334288954735
2021-06-06 15:00:00,3.4496672383570606,0.0,2.4037964455783367
2021-06-06 16:00:00,3.4561349427318464,0.0,2.4018594622612
2021-06-06 17:00:00,3.4626026471066322,0.0,2.399922478944063
2021-06-06 18:00:00,3.469070351481418,0.0,2.3979854956269264
2021-06-06 19:00:00,3.475538055856204,0.0,2.3960485123097897
2021-06-06 20:00:00,3.4820057602309897,0.0,2.394111528992653
2021-06-06 21:00:00,3.4884734646057756,0.0,2.392174545675516
2021-06-06 22:00:00,3.4949411689805614,0.0,2.3902375623583794
2021-06-06 23:00:00,3.5014088733553472,0.0,2.3883005790412426
2021-06-07 00:00:00,3.507876577730133,0.0,2.386363595724106
2021-06-07 01:00:00,3.514344282104919,0.0,2.3960485123097897
2021-06-07 02:00:00,3.5208119864797043,0.0,2.4057334288954735
2021-06-07 03:00:00,3.52727969085449,0.0,2.4154183454811573
2021-06-07 04:00:00,3.533747395229276,0.0,2.425103262066841
2021-06-07 05:00:00,3.5402150996040618,5.105,2.434788178652525
2021-06-07 06:00:00,3.5466828039788476,29.273,2.4444730952382088
2021-06-07 07:00:00,3.5531505083536334,48.832,2.4541580118238926
2021-06-07 08:00:00,3.5596182127284193,58.311,2.4638429284095764
2021-06-07 09:00:00,3.566085917103205,65.978,2.4735278449952602
2021-06-07 10:00:00,3.572553621477991,70.909,2.483212761580944
2021-06-07 11:00:00,3.5790213258527768,66.613,2.492897678166628
2021-06-07 12:00:00,3.5854890302275626,56.438,2.5025825947523117
2021-06-07 13:00:00,3.5919567346023484,40.315,2.5122675113379955
2021-06-07 14:00:00,3.5984244389771343,16.009,2.5219524279236794
2021-06-07 15:00:00,3.6048921433519197,0.0,2.531637344509363
2021-06-07 16:00:00,3.6113598477267055,0.0,2.541322261095047
2021-06-07 17:00:00,3.6178275521014913,0.0,2.551007177680731
2021-06-07 18:00:00,3.624295256476277,0.0,2.5606920942664146
2021-06-07 19:00:00,3.630762960851063,0.0,2.5703770108520985
2021-06-07 20:00:00,3.637230665225849,0.0,2.5800619274377823
2021-06-07 21:00:00,3.6436983696006346,0.0,2.589746844023466
2021-06-07 22:00:00,3.6501660739754205,0.0,2.59943176060915
2021-06-07 23:00:00,3.6566337783502063,0.0,2.6091166771948338
2021-06-08 00:00:00,3.663101482724992,0.0,2.6188015937805176
2021-06-08 01:00:00,3.669569187099778,0.0,2.7001548931002617
2021-06-08 02:00:00,3.676036891474564,0.0,2.781508192420006
2021-06-08 03:00:00,3.6825045958493496,0.0,2.86286149173975
2021-06-08 04:00:00,3.688972300224135,0.0,2.944214791059494
2021-06-08 05:00:00,3.695440004598921,2.157,3.025568090379238
2021-06-08 06:00:00,3.7019077089737067,20.919,3.1069213896989822
2021-06-08 07:00:00,3.7083754133484925,40.551,3.1882746890187263
2021-06-08 08:00:00,3.7148431177232784,44.347,3.2696279883384705
2021-06-08 09:00:00,3.721310822098064,54.901,3.3509812876582146
2021-06-08 10:00:00,3.72777852647285,60.235,3.4323345869779587
2021-06-08 11:00:00,3.734246230847636,61.213,3.513687886297703
2021-06-08 12:00:00,3.7407139352224217,53.396,3.595041185617447
2021-06-08 13:00:00,3.7471816395972075,31.917,3.676394484937191
2021-06-08 14:00:00,3.7536493439719933,10.05,3.757747784256935
2021-06-08 15:00:00,3.760117048346779,0.0,3.8391010835766792
2021-06-08 16:00:00,3.766584752721565,0.0,3.9204543828964233
2021-06-08 17:00:00,3.7730524570963504,0.0,4.0018076822161674
2021-06-08 18:00:00,3.7795201614711362,0.0,4.083160981535912
2021-06-08 19:00:00,3.785987865845922,0.0,4.164514280855656
2021-06-08 20:00:00,3.792455570220708,0.0,4.2458675801754
2021-06-08 21:00:00,3.7989232745954937,0.0,4.327220879495144
2021-06-08 22:00:00,3.8053909789702796,0.0,4.408574178814888
2021-06-08 23:00:00,3.8118586833450654,0.0,4.489927478134632
2021-06-09 00:00:00,3.8183263877198512,0.0,4.571280777454376
2021-06-09 01:00:00,3.824794092094637,0.0,4.648114461451769
2021-06-09 02:00:00,3.831261796469423,0.0,4.7249481454491615
2021-06-09 03:00:00,3.8377295008442087,0.0,4.801781829446554
2021-06-09 04:00:00,3.8441972052189946,0.0,4.878615513443947
2021-06-09 05:00:00,3.8506649095937804,0.0,4.9554491974413395
2021-06-09 06:00:00,3.8571326139685658,5.437,5.032282881438732
2021-06-09 07:00:00,3.8636003183433516,20.218,5.109116565436125
2021-06-09 08:00:00,3.8700680227181374,34.302,5.1859502494335175
2021-06-09 09:00:00,3.8765357270929233,47.201,5.26278393343091
2021-06-09 10:00:00,3.883003431467709,59.745,5.339617617428303
2021-06-09 11:00:00,3.889471135842495,59.089,5.416451301425695
2021-06-09 12:00:00,3.8959388402172808,52.188,5.493284985423088
2021-06-09 13:00:00,3.9024065445920666,38.636,5.570118669420481
2021-06-09 14:00:00,3.9088742489668524,16.81,5.646952353417873
2021-06-09 15:00:00,3.9153419533416383,0.0,5.723786037415266
2021-06-09 16:00:00,3.921809657716424,0.0,5.800619721412659
2021-06-09 17:00:00,3.92827736209121,0.0,5.877453405410051
2021-06-09 18:00:00,3.9347450664659958,0.0,5.954287089407444
2021-06-09 19:00:00,3.941212770840781,0.0,6.031120773404837
2021-06-09 20:00:00,3.947680475215567,0.0,6.107954457402229
2021-06-09 21:00:00,3.954148179590353,0.0,6.184788141399622
2021-06-09 22:00:00,3.9606158839651386,0.0,6.261621825397015
2021-06-09 23:00:00,3.9670835883399245,0.0,6.338455509394407
2021-06-10 00:00:00,3.9735512927147103,0.0,6.4152891933918
2021-06-10 01:00:00,3.980018997089496,0.0,6.412706542760134
2021-06-10 02:00:00,3.986486701464282,0.0,6.410123892128468
2021-06-10 03:00:00,3.992954405839068,0.0,6.407541241496801
2021-06-10 04:00:00,3.9994221102138536,0.0,6.404958590865135
2021-06-10 05:00:00,4.005889814588639,9.609,6.402375940233469
2021-06-10 06:00:00,4.012357518963425,41.186,6.399793289601803
2021-06-10 07:00:00,4.018825223338211,60.839,6.397210638970137
2021-06-10 08:00:00,4.0252929277129965,72.395,6.3946279883384705
2021-06-10 09:00:00,4.031760632087782,77.844,6.392045337706804
2021-06-10 10:00:00,4.038228336462568,78.204,6.389462687075138
2021-06-10 11:00:00,4.044696040837354,73.628,6.386880036443472
2021-06-10 12:00:00,4.05116374521214,63.814,6.384297385811806
2021-06-10 13:00:00,4.057631449586926,48.093,6.3817147351801395
2021-06-10 14:00:00,4.0640991539617115,24.685,6.379132084548473
2021-06-10 15:00:00,4.070566858336497,0.0,6.376549433916807
2021-06-10 16:00:00,4.077034562711283,0.0,6.373966783285141
2021-06-10 17:00:00,4.083502267086069,0.0,6.371384132653475
2021-06-10 18:00:00,4.089969971460855,0.0,6.368801482021809
2021-06-10 19:00:00,4.096437675835641,0.0,6.366218831390142
2021-06-10 20:00:00,4.1029053802104265,0.0,6.363636180758476
2021-06-10 21:00:00,4.109373084585212,0.0,6.36105353012681
2021-06-10 22:00:00,4.115840788959998,0.0,6.358470879495144
2021-06-10 23:00:00,4.122308493334784,0.0,6.355888228863478
2021-06-11 00:00:00,4.12877619770957,0.0,6.3533055782318115
2021-06-11 01:00:00,4.135243902084356,0.0,6.319731213152409
2021-06-11 02:00:00,4.1417116064591415,0.0,6.286156848073006
2021-06-11 03:00:00,4.148179310833926,0.0,6.252582482993603
2021-06-11 04:00:00,4.154647015208712,0.0,6.2190081179142
2021-06-11 05:00:00,4.161114719583498,9.593,6.185433752834797
2021-06-11 06:00:00,4.167582423958284,40.602,6.151859387755394
2021-06-11 07:00:00,4.17405012833307,59.535,6.118285022675991
2021-06-11 08:00:00,4.180517832707856,70.611,6.084710657596588
2021-06-11 09:00:00,4.186985537082641,75.894,6.051136292517185
2021-06-11 10:00:00,4.193453241457427,76.287,6.017561927437782
2021-06-11 11:00:00,4.199920945832213,71.724,5.983987562358379
2021-06-11 12:00:00,4.206388650206999,61.951,5.950413197278976
2021-06-11 13:00:00,4.212856354581785,46.279,5.9168388321995735
2021-06-11 14:00:00,4.219324058956571,22.98,5.883264467120171
2021-06-11 15:00:00,6.18293604850769,0.0,5.849690102040768
2021-06-11 16:00:00,5.617476777235666,0.0,5.816115736961365
2021-06-11 17:00:00,8.830240873495736,0.0,5.782541371881962
2021-06-11 18:00:00,11.33966333071391,0.0,5.748967006802559
2021-06-11 19:00:00,8.502349162101746,0.0,5.715392641723156
2021-06-11 20:00:00,8.577500788370767,0.0,5.681818276643753
2021-06-11 21:00:00,5.784169928232828,0.0,5.64824391156435
2021-06-11 22:00:00,5.098180774847667,0.0,5.614669546484947
2021-06-11 23:00:00,4.050730621814728,0.0,5.581095181405544
2021-06-12 00:00:00,4.073601778348287,0.0,5.547520816326141
2021-06-12 01:00:00,4.010249141852062,0.0,5.5133007653057575
2021-06-12 02:00:00,3.585052394866943,0.0,5.479080714285374
2021-06-12 03:00:00,3.5360628962516785,0.0,5.44486066326499
2021-06-12 04:00:00,3.512122197945912,0.0,5.410640612244606
2021-06-12 05:00:00,3.98986249367396,7.447,5.376420561224222
2021-06-12 06:00:00,5.024355332056682,36.648,5.342200510203838
2021-06-12 07:00:00,4.841326467196148,55.801,5.3079804591834545
2021-06-12 08:00:00,8.511692857742307,67.136,5.273760408163071
2021-06-12 09:00:00,6.70366835395495,72.789,5.239540357142687
2021-06-12 10:00:00,4.819470683733621,73.594,5.205320306122303
2021-06-12 11:00:00,4.743605188528696,69.296,5.171100255101919
2021-06-12 12:00:00,5.854171756903331,59.056,5.136880204081535
2021-06-12 13:00:00,4.382983203728994,43.164,5.1026601530611515
2021-06-12 14:00:00,5.265203901131948,19.691,5.068440102040768
2021-06-12 15:00:00,3.2289809505144755,0.0,5.034220051020384
2021-06-12 16:00:00,4.295818849404655,0.0,5.0
2021-06-12 17:00:00,7.29745123386383,0.0,4.965779948979616
2021-06-12 18:00:00,15.46784343719482,0.0,4.931559897959232
2021-06-12 19:00:00,13.356035089492796,0.0,4.8973398469388485
2021-06-12 20:00:00,9.995239774386086,0.0,4.863119795918465
2021-06-12 21:00:00,4.861180651187897,0.0,4.828899744898081
2021-06-12 22:00:00,2.541880357265472,0.0,4.794679693877697
2021-06-12 23:00:00,2.1771307488282527,0.0,4.760459642857313
2021-06-13 00:00:00,2.4124804258346555,0.0,4.726239591836929
2021-06-13 01:00:00,2.201491133371989,0.0,4.705578442662954
2021-06-13 02:00:00,2.1444501399993903,0.0,4.684917293488979
2021-06-13 03:00:00,2.2037291467189783,0.0,4.664256144315004
2021-06-13 04:00:00,1.9422669967015584,0.0,4.643594995141029
2021-06-13 05:00:00,3.122034796079,5.928,4.622933845967054
2021-06-13 06:00:00,5.173182411988577,34.253,4.602272696793079
2021-06-13 07:00:00,6.916078877449036,54.457,4.581611547619104
2021-06-13 08:00:00,6.442602968215943,66.902,4.560950398445129
2021-06-13 09:00:00,9.07978752851486,73.281,4.540289249271154
2021-06-13 10:00:00,5.486627491315207,74.381,4.519628100097179
2021-06-13 11:00:00,4.915561966101328,70.17,4.498966950923204
2021-06-13 12:00:00,7.992021807034809,60.488,4.478305801749229
2021-06-13 13:00:00,7.084345841407773,44.521,4.457644652575254
2021-06-13 14:00:00,6.800564491748812,20.655,4.4369835034012794
2021-06-13 15:00:00,4.571319282054901,0.0,4.4163223542273045
2021-06-13 16:00:00,4.494998522599539,0.0,4.3956612050533295
2021-06-13 17:00:00,9.256529863675434,0.0,4.3750000558793545
2021-06-13 18:00:00,8.987424572308859,0.0,4.3543389067053795
2021-06-13 19:00:00,8.97067237695058,0.0,4.3336777575314045
2021-06-13 20:00:00,5.914012527465821,0.0,4.3130166083574295
2021-06-13 21:00:00,5.278410998980205,0.0,4.2923554591834545
2021-06-13 22:00:00,2.553952177365621,0.0,4.2716943100094795
2021-06-13 23:00:00,2.372082161903381,0.0,4.2510331608355045
2021-06-14 00:00:00,1.8372759242852523,0.0,4.2303720116615295
2021-06-14 01:00:00,1.7781236767768862,0.0,4.2181044444441795
2021-06-14 02:00:00,1.9802580316861471,0.0,4.2058368772268295
2021-06-14 03:00:00,2.391271980603536,0.0,4.1935693100094795
2021-06-14 04:00:00,5.179885117212932,0.0,4.1813017427921295
2021-06-14 05:00:00,5.165034333864847,7.268,4.1690341755747795
2021-06-14 06:00:00,7.760774155457816,36.726,4.1567666083574295
2021-06-14 07:00:00,3.8100535253683727,56.016,4.1444990411400795
2021-06-14 08:00:00,3.1891659319400785,68.296,4.1322314739227295
2021-06-14 09:00:00,4.67824318408966,74.513,4.1199639067053795
2021-06-14 10:00:00,6.109633298714957,75.473,4.1076963394880295
2021-06-14 11:00:00,3.3811610857645675,71.204,4.0954287722706795
2021-06-14 12:00:00,5.179116811354956,61.412,4.0831612050533295
2021-06-14 13:00:00,3.7953552484512314,45.557,4.0708936378359795
2021-06-14 14:00:00,2.3636001229286197,21.736,4.0586260706186295
2021-06-14 15:00:00,3.2559296449025483,0.0,4.0463585034012794
2021-06-14 16:00:00,4.642768172423045,0.0,4.034090936183929
2021-06-14 17:00:00,8.253003593285875,0.0,4.021823368966579
2021-06-14 18:00:00,10.8042831103007,0.0,4.009555801749229
2021-06-14 19:00:00,9.539747142791748,0.0,3.997288234531879
2021-06-14 20:00:00,8.990633026758832,0.0,3.98502066731453
2021-06-14 21:00:00,6.152657914161681,0.0,3.9727531000971794
2021-06-14 22:00:00,3.758990319569906,0.0,3.960485532879829
2021-06-14 23:00:00,2.947235198815664,0.0,3.94821796566248
2021-06-15 00:00:00,3.1013686299324035,0.0,3.9359503984451294
2021-06-15 01:00:00,2.8605358242988586,0.0,3.924328498542309
2021-06-15 02:00:00,3.038116963704426,0.0,3.912706598639488
2021-06-15 03:00:00,2.955852993329366,0.0,3.9010846987366676
2021-06-15 04:00:00,2.5637123545010874,0.0,3.889462798833847
2021-06-15 05:00:00,5.812257337570192,5.29,3.8778408989310265
2021-06-15 06:00:00,7.895000688234966,34.706,3.866218999028206
2021-06-15 07:00:00,4.868189346790314,54.394,3.8545970991253853
2021-06-15 08:00:00,7.35794451236725,67.263,3.8429751992225647
2021-06-15 09:00:00,4.647020872433981,73.502,3.831353299319744
2021-06-15 10:00:00,4.384273674090703,73.999,3.8197313994169235
2021-06-15 11:00:00,4.294752645492552,69.051,3.808109499514103
2021-06-15 12:00:00,2.8398519357045493,58.119,3.7964875996112823
2021-06-15 13:00:00,3.474704243739446,42.718,3.7848656997084618
2021-06-15 14:00:00,2.934713554382325,16.388,3.773243799805641
2021-06-15 15:00:00,4.414051306247711,0.0,3.7616218999028206
2021-06-15 16:00:00,4.110247921943665,0.0,3.75
2021-06-15 17:00:00,8.359588102499645,0.0,3.7383781000971794
2021-06-15 18:00:00,10.754375886917112,0.0,3.726756200194359
2021-06-15 19:00:00,10.283892401059465,0.0,3.7151343002915382
2021-06-15 20:00:00,8.056845966974898,0.0,3.7035124003887177
2021-06-15 21:00:00,6.244658378760018,0.0,3.691890500485897
2021-06-15 22:00:00,3.1619490702946984,0.0,3.6802686005830765
2021-06-15 23:00:00,2.920849533875783,0.0,3.668646700680256
2021-06-16 00:00:00,2.6635105689366667,0.0,3.6570248007774353
2021-06-16 01:00:00,2.6133947531382247,0.0,3.6550878174602985
2021-06-16 02:00:00,2.664493167400359,0.0,3.6531508341431618
2021-06-16 03:00:00,2.795256050427755,0.0,3.651213850826025
2021-06-16 04:00:00,2.589259260892868,0.0,3.6492768675088882
2021-06-16 05:00:00,2.531192610661189,5.007,3.6473398841917515
2021-06-16 06:00:00,9.986380076408382,39.036,3.6454029008746147
2021-06-16 07:00:00,5.875718084971108,58.658,3.643465917557478
2021-06-16 08:00:00,5.097562921047211,70.193,3.641528934240341
2021-06-16 09:00:00,4.33576945066452,75.629,3.6395919509232044
2021-06-16 10:00:00,3.719625401496888,76.22,3.6376549676060677
2021-06-16 11:00:00,5.117906268437703,71.794,3.635717984288931
2021-06-16 12:00:00,2.6038596371809635,61.918,3.633781000971794
2021-06-16 13:00:00,4.500753968954086,46.008,3.6318440176546574
2021-06-16 14:00:00,6.035597459475196,22.143,3.6299070343375206
2021-06-16 15:00:00,5.357594533761341,0.0,3.627970051020384
2021-06-16 16:00:00,6.0458086470762895,0.0,3.626033067703247
2021-06-16 17:00:00,7.644965279102324,0.0,3.6240960843861103
2021-06-16 18:00:00,11.089761797587078,0.0,3.6221591010689735
2021-06-16 19:00:00,7.687126262982686,0.0,3.6202221177518368
2021-06-16 20:00:00,5.5831360260645555,0.0,3.6182851344347
2021-06-16 21:00:00,5.156197738647461,0.0,3.6163481511175632
2021-06-16 22:00:00,3.275842489798864,0.0,3.6144111678004265
2021-06-16 23:00:00,1.7108669161796566,0.0,3.6124741844832897
2021-06-17 00:00:00,1.70436549782753,0.0,3.610537201166153
2021-06-17 01:00:00,1.9824687321980792,0.0,3.607308892533183
2021-06-17 02:00:00,1.8526530802249903,0.0,3.6040805839002132
2021-06-17 03:00:00,1.8442813277244556,0.0,3.6008522752672434
2021-06-17 04:00:00,2.625970101356506,0.0,3.5976239666342735
2021-06-17 05:00:00,6.395429555575053,8.18,3.5943956580013037
2021-06-17 06:00:00,6.572110644976296,38.856,3.591167349368334
2021-06-17 07:00:00,6.362030978997548,57.85,3.587939040735364
2021-06-17 08:00:00,4.8945256451765715,69.257,3.584710732102394
2021-06-17 09:00:00,4.3552782118320446,74.682,3.5814824234694242
2021-06-17 10:00:00,3.158278810977936,75.413,3.5782541148364544
2021-06-17 11:00:00,1.445085400342941,71.091,3.5750258062034845
2021-06-17 12:00:00,2.3321312586466476,61.47,3.5717974975705147
2021-06-17 13:00:00,1.9322897116343185,45.734,3.568569188937545
2021-06-17 14:00:00,2.498308459917704,22.155,3.565340880304575
2021-06-17 15:00:00,3.2838739593823747,0.0,3.562112571671605
2021-06-17 16:00:00,4.89195818901062,0.0,3.5588842630386353
2021-06-17 17:00:00,6.663324658075971,0.0,3.5556559544056654
2021-06-17 18:00:00,8.95292553106944,0.0,3.5524276457726955
2021-06-17 19:00:00,10.580288441975911,0.0,3.5491993371397257
2021-06-17 20:00:00,7.9053600311279295,0.0,3.545971028506756
2021-06-17 21:00:00,6.344954482714335,0.0,3.542742719873786
2021-06-17 22:00:00,3.327713139851888,0.0,3.539514411240816
2021-06-17 23:00:00,2.716485587755839,0.0,3.5362861026078463
2021-06-18 00:00:00,2.603750836849213,0.0,3.5330577939748764
2021-06-18 01:00:00,2.7031060576438906,0.0,3.528538169339299
2021-06-18 02:00:00,3.4224810123443605,0.0,3.524018544703722
2021-06-18 03:00:00,2.9860616683959957,0.0,3.519498920068145
2021-06-18 04:00:00,2.9141897281010944,0.0,3.5149792954325676
2021-06-18 05:00:00,4.501360174020132,7.931,3.5104596707969904
2021-06-18 06:00:00,6.976956093311307,38.562,3.505940046161413
2021-06-18 07:00:00,6.169235833485923,57.734,3.501420421525836
2021-06-18 08:00:00,5.826845995585127,68.944,3.496900796890259
2021-06-18 09:00:00,5.1833874583244315,74.159,3.4923811722546816
2021-06-18 10:00:00,8.119367269674935,74.649,3.4878615476191044
2021-06-18 11:00:00,6.642129119237266,70.092,3.483341922983527
2021-06-18 12:00:00,4.930710502465566,59.843,3.47882229834795
2021-06-18 13:00:00,3.0911116520563757,43.752,3.474302673712373
2021-06-18 14:00:00,3.1363168080647785,19.749,3.4697830490767956
2021-06-18 15:00:00,3.813955875237784,0.0,3.4652634244412184
2021-06-18 16:00:00,5.098723739385606,0.0,3.460743799805641
2021-06-18 17:00:00,8.558589657147728,0.0,3.456224175170064
2021-06-18 18:00:00,14.020683813095092,0.0,3.4517045505344868
2021-06-18 19:00:00,11.498318354288736,0.0,3.4471849258989096
2021-06-18 20:00:00,8.036026708285013,0.0,3.4426653012633324
2021-06-18 21:00:00,4.312205155690511,0.0,3.438145676627755
2021-06-18 22:00:00,3.0185453017552693,0.0,3.433626051992178
2021-06-18 23:00:00,1.7366580665111546,0.0,3.4291064273566008
2021-06-19 00:00:00,1.982175296545028,0.0,3.4245868027210236
2021-06-19 01:00:00,1.5830157856146485,0.0,3.4139333944767714
2021-06-19 02:00:00,1.5026634474595388,0.0,3.403279986232519
2021-06-19 03:00:00,1.5270773788293208,0.0,3.392626577988267
2021-06-19 04:00:00,1.654708355665207,0.0,3.3819731697440147
2021-06-19 05:00:00,3.1210614740848537,4.634,3.3713197614997625
2021-06-19 06:00:00,3.4041971266269684,31.62,3.3606663532555103
2021-06-19 07:00:00,7.606428313255312,50.641,3.350012945011258
2021-06-19 08:00:00,5.969397020339966,62.766,3.339359536767006
2021-06-19 09:00:00,5.536671678225199,69.251,3.3287061285227537
2021-06-19 10:00:00,6.161340852578484,70.795,3.3180527202785015
2021-06-19 11:00:00,3.3999096512794487,66.717,3.3073993120342493
2021-06-19 12:00:00,6.115129776795706,56.29,3.296745903789997
2021-06-19 13:00:00,3.8202827254931138,38.823,3.286092495545745
2021-06-19 14:00:00,4.39836058219274,13.013,3.2754390873014927
2021-06-19 15:00:00,3.245843529701234,0.0,3.2647856790572405
2021-06-19 16:00:00,4.102924903233846,0.0,3.2541322708129883
2021-06-19 17:00:00,10.201708269119262,0.0,3.243478862568736
2021-06-19 18:00:00,9.651119033495588,0.0,3.232825454324484
2021-06-19 19:00:00,9.108850073814391,0.0,3.2221720460802317
2021-06-19 20:00:00,9.658830817540483,0.0,3.2115186378359795
2021-06-19 21:00:00,5.3865297516187045,0.0,3.2008652295917273
2021-06-19 22:00:00,1.9676405847072609,0.0,3.190211821347475
2021-06-19 23:00:00,1.508631207545599,0.0,3.179558413103223
2021-06-20 00:00:00,1.496448508898418,0.0,3.1689050048589706
2021-06-20 01:00:00,1.5139983991781871,0.0,3.160188579931855
2021-06-20 02:00:00,1.4944237172603607,0.0,3.1514721550047398
2021-06-20 03:00:00,1.7153830985228222,0.0,3.1427557300776243
2021-06-20 04:00:00,1.6592183093229935,0.0,3.134039305150509
2021-06-20 05:00:00,2.16950782140096,4.432,3.1253228802233934
2021-06-20 06:00:00,3.7287067214647935,31.176,3.116606455296278
2021-06-20 07:00:00,11.086066639423366,51.836,3.1078900303691626
2021-06-20 08:00:00,8.153063356876373,64.74,3.099173605442047
2021-06-20 09:00:00,8.14812105496725,70.336,3.0904571805149317
2021-06-20 10:00:00,6.5697233359018945,70.806,3.0817407555878162
2021-06-20 11:00:00,5.651172709465028,66.23,3.073024330660701
2021-06-20 12:00:00,7.757019829750062,56.238,3.0643079057335854
2021-06-20 13:00:00,4.031446425120036,40.021,3.05559148080647
2021-06-20 14:00:00,8.075646301110584,16.287,3.0468750558793545
2021-06-20 15:00:00,4.532044889529546,0.0,3.038158630952239
2021-06-20 16:00:00,2.5151286005973814,0.0,3.0294422060251236
2021-06-20 17:00:00,6.983944626649219,0.0,3.020725781098008
2021-06-20 18:00:00,9.739726400375368,0.0,3.0120093561708927
2021-06-20 19:00:00,7.561107309659322,0.0,3.0032929312437773
2021-06-20 20:00:00,5.662918114662168,0.0,2.994576506316662
2021-06-20 21:00:00,4.958042518297832,0.0,2.9858600813895464
2021-06-20 22:00:00,4.034786955515544,0.0,2.977143656462431
2021-06-20 23:00:00,4.1680761814117435,0.0,2.9684272315353155
2021-06-21 00:00:00,2.5351369897524516,0.0,2.9597108066082
2021-06-21 01:00:00,2.865139675140381,0.0,2.9484117310494184
2021-06-21 02:00:00,2.605263463656108,0.0,2.937112655490637
2021-06-21 03:00:00,3.5140146136283876,0.0,2.925813579931855
2021-06-21 04:00:00,4.733779140313468,0.0,2.9145145043730736
2021-06-21 05:00:00,6.571956932544711,6.114,2.903215428814292
2021-06-21 06:00:00,8.71764219204585,35.286,2.8919163532555103
2021-06-21 07:00:00,4.249162558714549,54.42,2.8806172776967287
2021-06-21 08:00:00,3.886444125572841,65.596,2.869318202137947
2021-06-21 09:00:00,2.9402830163637796,70.938,2.8580191265791655
2021-06-21 10:00:00,4.04260413646698,71.699,2.846720051020384
2021-06-21 11:00:00,4.667039597034456,65.89,2.835420975461602
2021-06-21 12:00:00,3.8401543776194256,52.07,2.8241218999028206
2021-06-21 13:00:00,2.625745280583699,34.465,2.812822824344039
2021-06-21 14:00:00,4.318080572287242,15.172,2.8015237487852573
2021-06-21 15:00:00,4.304792324701945,0.0,2.7902246732264757
2021-06-21 16:00:00,6.936088565985361,0.0,2.778925597667694
2021-06-21 17:00:00,5.1302177508672075,0.0,2.7676265221089125
2021-06-21 18:00:00,10.404705158869428,0.0,2.756327446550131
2021-06-21 19:00:00,8.957713230450945,0.0,2.745028370991349
2021-06-21 20:00:00,9.350977023442583,0.0,2.7337292954325676
2021-06-21 21:00:00,5.022006352742513,0.0,2.722430219873786
2021-06-21 22:00:00,6.027930442492165,0.0,2.7111311443150043
2021-06-21 23:00:00,2.8162353793780004,0.0,2.6998320687562227
2021-06-22 00:00:00,2.847081116835276,0.0,2.688532993197441
2021-06-22 01:00:00,2.008442701896032,0.0,2.6788480766117573
2021-06-22 02:00:00,1.1720211923122414,0.0,2.6691631600260735
2021-06-22 03:00:00,1.080415072043737,0.0,2.6594782434403896
2021-06-22 04:00:00,2.055498165885608,0.0,2.649793326854706
2021-06-22 05:00:00,3.4132736523946132,1.521,2.640108410269022
2021-06-22 06:00:00,7.54332283139229,8.847,2.630423493683338
2021-06-22 07:00:00,3.5217159708340957,27.956,2.6207385770976543
2021-06-22 08:00:00,3.840595988432566,55.64,2.6110536605119705
2021-06-22 09:00:00,5.316600449879963,67.268,2.6013687439262867
2021-06-22 10:00:00,5.094528150558471,69.775,2.591683827340603
2021-06-22 11:00:00,3.411212454239529,65.185,2.581998910754919
2021-06-22 12:00:00,3.831766613324484,44.778,2.5723139941692352
2021-06-22 13:00:00,5.152609833081562,30.792,2.5626290775835514
2021-06-22 14:00:00,4.429792948563894,12.145,2.5529441609978676
2021-06-22 15:00:00,5.0981102108955385,0.0,2.5432592444121838
2021-06-22 16:00:00,4.232826908429464,0.0,2.5335743278265
2021-06-22 17:00:00,7.58906263510386,0.0,2.523889411240816
2021-06-22 18:00:00,12.34732359250387,0.0,2.5142044946551323
2021-06-22 19:00:00,10.368651127815248,0.0,2.5045195780694485
2021-06-22 20:00:00,6.106773336728414,0.0,2.4948346614837646
2021-06-22 21:00:00,5.376330717404684,0.0,2.485149744898081
2021-06-22 22:00:00,3.815463844935099,0.0,2.475464828312397
2021-06-22 23:00:00,2.7185941338539124,0.0,2.465779911726713
2021-06-23 00:00:00,2.821804837385814,0.0,2.4560949951410294
2021-06-23 01:00:00,2.541069515546162,0.0,2.448992719873786
2021-06-23 02:00:00,2.9066606362660727,0.0,2.4418904446065426
2021-06-23 03:00:00,2.922745486100515,0.0,2.434788169339299
2021-06-23 04:00:00,5.340336120128631,0.0,2.427685894072056
2021-06-23 05:00:00,8.848950910568242,6.747,2.4205836188048124
2021-06-23 06:00:00,7.316030796368917,36.533,2.413481343537569
2021-06-23 07:00:00,4.762156546115877,55.755,2.4063790682703257
2021-06-23 08:00:00,5.1064352909723905,67.141,2.3992767930030823
2021-06-23 09:00:00,5.011420726776123,72.522,2.392174517735839
2021-06-23 10:00:00,2.569041430950165,73.134,2.3850722424685955
2021-06-23 11:00:00,3.56195744673411,68.576,2.377969967201352
2021-06-23 12:00:00,2.409463628133138,58.178,2.3708676919341087
2021-06-23 13:00:00,2.98979812860489,41.441,2.3637654166668653
2021-06-23 14:00:00,2.7035513361295065,17.204,2.356663141399622
2021-06-23 15:00:00,4.653343665599825,0.0,2.3495608661323786
2021-06-23 16:00:00,5.564577047030131,0.0,2.342458590865135
2021-06-23 17:00:00,7.557260231177014,0.0,2.335356315597892
2021-06-23 18:00:00,12.523037449518837,0.0,2.3282540403306484
2021-06-23 19:00:00,8.978873093922935,0.0,2.321151765063405
2021-06-23 20:00:00,7.891786074638366,0.0,2.3140494897961617
2021-06-23 21:00:00,4.21528244415919,0.0,2.3069472145289183
2021-06-23 22:00:00,3.4349332610766097,0.0,2.299844939261675
2021-06-23 23:00:00,2.6547202229499813,0.0,2.2927426639944315
2021-06-24 00:00:00,2.477908297379812,0.0,2.285640388727188
2021-06-24 01:00:00,2.764806465307872,0.0,2.2772467974573374
2021-06-24 02:00:00,2.6154080390930177,0.0,2.2688532061874866
2021-06-24 03:00:00,2.5056338667869578,0.0,2.260459614917636
2021-06-24 04:00:00,4.433208862940471,0.0,2.252066023647785
2021-06-24 05:00:00,5.394035001595816,5.047,2.2436724323779345
2021-06-24 06:00:00,10.771807607014974,32.93,2.2352788411080837
2021-06-24 07:00:00,4.717519426345826,52.798,2.226885249838233
2021-06-24 08:00:00,6.5775863965352395,64.401,2.2184916585683823
2021-06-24 09:00:00,5.18582513332367,69.703,2.2100980672985315
2021-06-24 10:00:00,3.964622553189596,70.279,2.201704476028681
2021-06-24 11:00:00,3.7035726229349777,65.576,2.19331088475883
2021-06-24 12:00:00,3.495020612080893,55.048,2.1849172934889793
2021-06-24 13:00:00,4.92579649289449,37.016,2.1765237022191286
2021-06-24 14:00:00,3.8270742893218994,13.853,2.168130110949278
2021-06-24 15:00:00,4.304416529337565,0.0,2.159736519679427
2021-06-24 16:00:00,4.725219035148621,0.0,2.1513429284095764
2021-06-24 17:00:00,10.961374473571778,0.0,2.1429493371397257
2021-06-24 18:00:00,12.296376434961951,0.0,2.134555745869875
2021-06-24 19:00:00,10.319493675231938,0.0,2.1261621546000242
2021-06-24 20:00:00,9.746721704800922,0.0,2.1177685633301735
2021-06-24 21:00:00,4.759346576531728,0.0,2.1093749720603228
2021-06-24 22:00:00,3.696854110558827,0.0,2.100981380790472
2021-06-24 23:00:00,2.5813950022061665,0.0,2.0925877895206213
2021-06-25 00:00:00,2.6311423103014624,0.0,2.0841941982507706
2021-06-25 01:00:00,2.548991707960764,0.0,2.076123431324959
2021-06-25 02:00:00,2.419131060441335,0.0,2.068052664399147
2021-06-25 03:00:00,2.406292136510213,0.0,2.0599818974733353
2021-06-25 04:00:00,2.667719248930614,0.0,2.0519111305475235
2021-06-25 05:00:00,4.843979577223463,4.095,2.0438403636217117
2021-06-25 06:00:00,6.7200857639312765,28.665,2.0357695966959
2021-06-25 07:00:00,4.428058962027232,48.147,2.027698829770088
2021-06-25 08:00:00,7.504804674784344,61.262,2.0196280628442764
2021-06-25 09:00:00,4.912216436862946,65.442,2.0115572959184647
2021-06-25 10:00:00,4.702155113220213,68.97,2.003486528992653
2021-06-25 11:00:00,6.340796057383219,66.248,1.9954157620668411
2021-06-25 12:00:00,4.7483046809832254,52.362,1.9873449951410294
2021-06-25 13:00:00,5.308176362514495,24.731,1.9792742282152176
2021-06-25 14:00:00,3.107733802000682,4.442,1.9712034612894058
2021-06-25 15:00:00,4.79232022166252,0.0,1.963132694363594
2021-06-25 16:00:00,6.010857653617857,0.0,1.9550619274377823
2021-06-25 17:00:00,6.760581350326539,0.0,1.9469911605119705
2021-06-25 18:00:00,11.616620087623597,0.0,1.9389203935861588
2021-06-25 19:00:00,8.22996540864309,0.0,1.930849626660347
2021-06-25 20:00:00,6.229310059547421,0.0,1.9227788597345352
2021-06-25 21:00:00,6.543780636787416,0.0,1.9147080928087234
2021-06-25 22:00:00,3.1220703641573593,0.0,1.9066373258829117
2021-06-25 23:00:00,2.1997530062993373,0.0,1.8985665589571
2021-06-26 00:00:00,2.4278605421384167,0.0,1.8904957920312881
2021-06-26 01:00:00,2.1185826281706484,0.0,1.884684846736491
2021-06-26 02:00:00,3.057621119419734,0.0,1.878873901441693
2021-06-26 03:00:00,2.5954155961672467,0.0,1.8730629561468959
2021-06-26 04:00:00,4.191178023815155,0.0,1.8672520108520985
2021-06-26 05:00:00,3.569899086157481,6.587,1.861441065557301
2021-06-26 06:00:00,5.588150946299236,36.493,1.8556301202625036
2021-06-26 07:00:00,5.341585334142049,56.045,1.8498191749677062
2021-06-26 08:00:00,6.191843032836912,68.307,1.8440082296729088
2021-06-26 09:00:00,6.455934266249338,73.958,1.8381972843781114
2021-06-26 10:00:00,6.146565747261046,74.194,1.832386339083314
2021-06-26 11:00:00,6.348430359363555,69.826,1.8265753937885165
2021-06-26 12:00:00,4.963321204980215,60.184,1.820764448493719
2021-06-26 13:00:00,4.831501525640488,43.855,1.8149535031989217
2021-06-26 14:00:00,3.4681485017140705,19.751,1.8091425579041243
2021-06-26 15:00:00,3.248198290665945,0.0,1.8033316126093268
2021-06-26 16:00:00,3.586065141359964,0.0,1.7975206673145294
2021-06-26 17:00:00,7.025218041737873,0.0,1.791709722019732
2021-06-26 18:00:00,10.253193823496504,0.0,1.7858987767249346
2021-06-26 19:00:00,12.581700086593624,0.0,1.7800878314301372
2021-06-26 20:00:00,8.630875237782796,0.0,1.7742768861353397
2021-06-26 21:00:00,5.308479730288188,0.0,1.7684659408405423
2021-06-26 22:00:00,2.8549279729525248,0.0,1.762654995545745
2021-06-26 23:00:00,2.6915493607521057,0.0,1.7568440502509475
2021-06-27 00:00:00,2.283277757962544,0.0,1.75103310495615
2021-06-27 01:00:00,2.2628063460191092,0.0,1.74651347566396
2021-06-27 02:00:00,2.5630307992299395,0.0,1.74199384637177
2021-06-27 03:00:00,2.4699436783790594,0.0,1.7374742170795798
2021-06-27 04:00:00,2.3326729873816174,0.0,1.7329545877873898
2021-06-27 05:00:00,3.249426126480103,7.842,1.7284349584951997
2021-06-27 06:00:00,7.3400510152180996,38.66,1.7239153292030096
2021-06-27 07:00:00,8.36072470744451,57.607,1.7193956999108195
2021-06-27 08:00:00,8.571844395001728,69.315,1.7148760706186295
2021-06-27 09:00:00,9.15821816722552,75.13,1.7103564413264394
2021-06-27 10:00:00,4.055976192156474,75.613,1.7058368120342493
2021-06-27 11:00:00,5.268577798207602,70.818,1.7013171827420592
2021-06-27 12:00:00,4.286371167500814,60.019,1.6967975534498692
2021-06-27 13:00:00,7.423268810907998,43.237,1.692277924157679
2021-06-27 14:00:00,7.224257028102873,17.712,1.687758294865489
2021-06-27 15:00:00,5.337701853116354,0.0,1.683238665573299
2021-06-27 16:00:00,6.099062891801198,0.0,1.6787190362811089
2021-06-27 17:00:00,10.47566381692886,0.0,1.6741994069889188
2021-06-27 18:00:00,10.927620569864912,0.0,1.6696797776967287
2021-06-27 19:00:00,9.008421516418457,0.0,1.6651601484045386
2021-06-27 20:00:00,6.927788567543029,0.0,1.6606405191123486
2021-06-27 21:00:00,5.0951250195503235,0.0,1.6561208898201585
2021-06-27 22:00:00,3.011614803473155,0.0,1.6516012605279684
2021-06-27 23:00:00,2.9714011470476787,0.0,1.6470816312357783
2021-06-28 00:00:00,2.7618552486101797,0.0,1.6425620019435883
2021-06-28 01:00:00,2.768595679601034,0.0,1.6386880353093147
2021-06-28 02:00:00,3.097039425373077,0.0,1.6348140686750412
2021-06-28 03:00:00,3.206343678633372,0.0,1.6309401020407677
2021-06-28 04:00:00,7.133017321427663,0.0,1.6270661354064941
2021-06-28 05:00:00,8.292234416802724,0.524,1.6231921687722206
2021-06-28 06:00:00,9.9983181476593,12.116,1.619318202137947
2021-06-28 07:00:00,3.0899301429589587,43.481,1.6154442355036736
2021-06-28 08:00:00,4.678873723745347,65.186,1.6115702688694
2021-06-28 09:00:00,3.91044804851214,73.139,1.6076963022351265
2021-06-28 10:00:00,3.7464064121246343,74.492,1.603822335600853
2021-06-28 11:00:00,4.049328672885895,69.266,1.5999483689665794
2021-06-28 12:00:00,4.571953785419464,55.701,1.596074402332306
2021-06-28 13:00:00,2.804313286145528,37.739,1.5922004356980324
2021-06-28 14:00:00,4.228037424882253,16.07,1.5883264690637589
2021-06-28 15:00:00,5.661126669247946,0.0,1.5844525024294853
2021-06-28 16:00:00,4.716890275478363,0.0,1.5805785357952118
2021-06-28 17:00:00,9.0357391277949,0.0,1.5767045691609383
2021-06-28 18:00:00,9.623364671071371,0.0,1.5728306025266647
2021-06-28 19:00:00,12.265747276941935,0.0,1.5689566358923912
2021-06-28 20:00:00,9.84817827542623,0.0,1.5650826692581177
2021-06-28 21:00:00,3.716641215483348,0.0,1.5612087026238441
2021-06-28 22:00:00,2.7699437220891316,0.0,1.5573347359895706
2021-06-28 23:00:00,2.2611005266507473,0.0,1.553460769355297
2021-06-29 00:00:00,2.207044454415639,0.0,1.5495868027210236
2021-06-29 01:00:00,2.2212700168291737,0.0,1.54571283608675
2021-06-29 02:00:00,2.0300753136475875,0.0,1.5418388694524765
2021-06-29 03:00:00,2.1081198533376058,0.0,1.537964902818203
2021-06-29 04:00:00,3.3565997441609707,0.0,1.5340909361839294
2021-06-29 05:00:00,4.549072023232778,3.291,1.530216969549656
2021-06-29 06:00:00,7.482564477125806,26.967,1.5263430029153824
2021-06-29 07:00:00,5.837377246220907,42.982,1.5224690362811089
2021-06-29 08:00:00,6.731773118178051,58.871,1.5185950696468353
2021-06-29 09:00:00,4.604250776767729,69.703,1.5147211030125618
2021-06-29 10:00:00,3.271331298351287,72.035,1.5108471363782883
2021-06-29 11:00:00,4.575446589787801,67.895,1.5069731697440147
2021-06-29 12:00:00,5.10298357407252,58.454,1.5030992031097412
2021-06-29 13:00:00,6.046934978167217,43.137,1.4992252364754677
2021-06-29 14:00:00,6.043358095486961,19.588,1.4953512698411942
2021-06-29 15:00:00,4.975504803657532,0.0,1.4914773032069206
2021-06-29 16:00:00,3.635314305623373,0.0,1.487603336572647
2021-06-29 17:00:00,5.396849898497264,0.0,1.4837293699383736
2021-06-29 18:00:00,10.416411550839744,0.0,1.4798554033041
2021-06-29 19:00:00,11.009214099248252,0.0,1.4759814366698265
2021-06-29 20:00:00,8.476672474543253,0.0,1.472107470035553
2021-06-29 21:00:00,5.060541566212972,0.0,1.4682335034012794
2021-06-29 22:00:00,2.0102180202802025,0.0,1.464359536767006
2021-06-29 23:00:00,2.203296488523483,0.0,1.4604855701327324
2021-06-30 00:00:00,2.419384002685547,0.0,1.4566116034984589
2021-06-30 01:00:00,2.418222125371297,0.0,1.4524148032069206
2021-06-30 02:00:00,2.704814382394155,0.0,1.4482180029153824
2021-06-30 03:00:00,2.4026133616765337,0.0,1.4440212026238441
2021-06-30 04:00:00,6.490071260929107,0.0,1.439824402332306
2021-06-30 05:00:00,4.780938601493835,2.666,1.4356276020407677
2021-06-30 06:00:00,6.971740802129109,17.833,1.4314308017492294
2021-06-30 07:00:00,4.636573962370554,48.495,1.4272340014576912
2021-06-30 08:00:00,8.54697980086009,57.492,1.423037201166153
2021-06-30 09:00:00,8.020900658766427,69.439,1.4188404008746147
2021-06-30 10:00:00,6.434880212942759,69.8,1.4146436005830765
2021-06-30 11:00:00,3.4196644425392155,63.159,1.4104468002915382
2021-06-30 12:00:00,4.1822797099749245,47.997,1.40625
2021-06-30 13:00:00,2.994284083445867,19.816,1.4020531997084618
2021-06-30 14:00:00,4.025564690430959,2.262,1.3978563994169235
2021-06-30 15:00:00,4.598638089497883,0.0,1.3936595991253853
2021-06-30 16:00:00,3.356746490796406,0.0,1.389462798833847
2021-06-30 17:00:00,8.215472392241162,0.0,1.3852659985423088
2021-06-30 18:00:00,11.22960786819458,0.0,1.3810691982507706
2021-06-30 19:00:00,10.601014955838524,0.0,1.3768723979592323
2021-06-30 20:00:00,9.475916051864624,0.0,1.372675597667694
2021-06-30 21:00:00,4.669850663344065,0.0,1.3684787973761559
2021-06-30 22:00:00,3.0164779961109156,0.0,1.3642819970846176
2021-06-30 23:00:00,2.951076443990071,0.0,1.3600851967930794
2021-07-01 00:00:00,2.5233292420705156,0.0,1.3558883965015411
2021-07-01 01:00:00,2.4681418776512154,0.0,1.352982921525836
2021-07-01 02:00:00,2.7146063168843586,0.0,1.3500774465501308
2021-07-01 03:00:00,2.6038949449857083,0.0,1.3471719715744257
2021-07-01 04:00:00,2.562926745414734,0.0,1.3442664965987206
2021-07-01 05:00:00,5.22365078528722,0.054,1.3413610216230154
2021-07-01 06:00:00,3.9490616877873737,3.402,1.3384555466473103
2021-07-01 07:00:00,4.9721633752187095,10.482,1.335550071671605
2021-07-01 08:00:00,9.514876123269405,15.733,1.3326445966959
2021-07-01 09:00:00,6.701412731409072,18.048,1.3297391217201948
2021-07-01 10:00:00,4.772046826283136,22.802,1.3268336467444897
2021-07-01 11:00:00,5.100518606106443,24.345,1.3239281717687845
2021-07-01 12:00:00,4.658636289834976,18.845,1.3210226967930794
2021-07-01 13:00:00,5.980575921138132,10.979,1.3181172218173742
2021-07-01 14:00:00,4.332487640778224,3.201,1.315211746841669
2021-07-01 15:00:00,5.120092223087948,0.0,1.312306271865964
2021-07-01 16:00:00,7.976206503311792,0.0,1.3094007968902588
2021-07-01 17:00:00,8.002305416266122,0.0,1.3064953219145536
2021-07-01 18:00:00,11.784428509076434,0.0,1.3035898469388485
2021-07-01 19:00:00,8.689773225784302,0.0,1.3006843719631433
2021-07-01 20:00:00,7.698133317629498,0.0,1.2977788969874382
2021-07-01 21:00:00,4.468329135576883,0.0,1.294873422011733
2021-07-01 22:00:00,4.624559505780539,0.0,1.291967947036028
2021-07-01 23:00:00,2.668805940945943,0.0,1.2890624720603228
2021-07-02 00:00:00,2.201046439011892,0.0,1.2861569970846176
2021-07-02 01:00:00,2.1428898831208545,0.0,1.288739643059671
2021-07-02 02:00:00,2.0982914725939437,0.0,1.2913222890347242
2021-07-02 03:00:00,2.1760204712549847,0.0,1.2939049350097775
2021-07-02 04:00:00,4.053868434826533,0.0,1.2964875809848309
2021-07-02 05:00:00,3.1807998458544406,1.208,1.2990702269598842
2021-07-02 06:00:00,3.1250224153200796,14.106,1.3016528729349375
2021-07-02 07:00:00,7.769502226511637,40.891,1.3042355189099908
2021-07-02 08:00:00,6.648512260119119,62.562,1.306818164885044
2021-07-02 09:00:00,7.602633134524028,70.992,1.3094008108600974
2021-07-02 10:00:00,6.37394565741221,71.359,1.3119834568351507
2021-07-02 11:00:00,5.872385613123577,66.971,1.314566102810204
2021-07-02 12:00:00,4.9606671611468,56.247,1.3171487487852573
2021-07-02 13:00:00,6.60773767232895,35.119,1.3197313947603106
2021-07-02 14:00:00,3.300866635640462,10.573,1.322314040735364
2021-07-02 15:00:00,3.3336175143718716,0.0,1.3248966867104173
2021-07-02 16:00:00,6.54253892103831,0.0,1.3274793326854706
2021-07-02 17:00:00,7.99336122671763,0.0,1.330061978660524
2021-07-02 18:00:00,8.524520357449848,0.0,1.3326446246355772
2021-07-02 19:00:00,8.080187670389813,0.0,1.3352272706106305
2021-07-02 20:00:00,8.460330208142603,0.0,1.3378099165856838
2021-07-02 21:00:00,7.311022694905599,0.0,1.3403925625607371
2021-07-02 22:00:00,3.940627892812093,0.0,1.3429752085357904
2021-07-02 23:00:00,2.8628781477610277,0.0,1.3455578545108438
2021-07-03 00:00:00,2.879069681962332,0.0,1.348140500485897
2021-07-03 01:00:00,2.486780206362408,0.0,1.3526601297780871
2021-07-03 02:00:00,2.514503828684489,0.0,1.3571797590702772
2021-07-03 03:00:00,2.661164760589599,0.0,1.3616993883624673
2021-07-03 04:00:00,2.5945694446563725,0.0,1.3662190176546574
2021-07-03 05:00:00,2.5757566452026373,0.2,1.3707386469468474
2021-07-03 06:00:00,4.965472201506296,3.734,1.3752582762390375
2021-07-03 07:00:00,9.098717673619586,10.784,1.3797779055312276
2021-07-03 08:00:00,5.669746963183087,18.898,1.3842975348234177
2021-07-03 09:00:00,8.459837671120962,24.783,1.3888171641156077
2021-07-03 10:00:00,7.448934614658357,25.13,1.3933367934077978
2021-07-03 11:00:00,4.324494425455728,26.78,1.3978564226999879
2021-07-03 12:00:00,6.2142617503802,22.535,1.402376051992178
2021-07-03 13:00:00,9.40895655552546,13.758,1.406895681284368
2021-07-03 14:00:00,7.809079754352575,2.181,1.4114153105765581
2021-07-03 15:00:00,5.719057599703471,0.0,1.4159349398687482
2021-07-03 16:00:00,7.489602426687878,0.0,1.4204545691609383
2021-07-03 17:00:00,6.985354963938396,0.0,1.4249741984531283
2021-07-03 18:00:00,14.26552398204804,0.0,1.4294938277453184
2021-07-03 19:00:00,15.123356588681547,0.0,1.4340134570375085
2021-07-03 20:00:00,11.109860857327783,0.0,1.4385330863296986
2021-07-03 21:00:00,3.9222837646802273,0.0,1.4430527156218886
2021-07-03 22:00:00,3.4644465883572897,0.0,1.4475723449140787
2021-07-03 23:00:00,1.9611889859040577,0.0,1.4520919742062688
2021-07-04 00:00:00,1.361180337270101,0.0,1.4566116034984589
2021-07-04 01:00:00,1.3279661118984227,0.0,1.4695248240604997
2021-07-04 02:00:00,1.1319915314515436,0.0,1.4824380446225405
2021-07-04 03:00:00,1.122293244798979,0.0,1.4953512651845813
2021-07-04 04:00:00,3.383855012059212,0.0,1.508264485746622
2021-07-04 05:00:00,2.023860025405883,0.03,1.521177706308663
2021-07-04 06:00:00,2.8664928535620366,2.451,1.5340909268707037
2021-07-04 07:00:00,7.1755980690320325,6.531,1.5470041474327445
2021-07-04 08:00:00,9.490357414881393,9.709,1.5599173679947853
2021-07-04 09:00:00,7.772312184174857,11.885,1.5728305885568261
2021-07-04 10:00:00,5.246670015652975,14.972,1.585743809118867
2021-07-04 11:00:00,6.172147170702615,13.481,1.5986570296809077
2021-07-04 12:00:00,5.341196453571318,8.257,1.6115702502429485
2021-07-04 13:00:00,7.511514099438985,3.922,1.6244834708049893
2021-07-04 14:00:00,8.866085823376977,0.698,1.6373966913670301
2021-07-04 15:00:00,8.09121286869049,0.0,1.650309911929071
2021-07-04 16:00:00,7.270513566335043,0.0,1.6632231324911118
2021-07-04 17:00:00,9.383589692910514,0.0,1.6761363530531526
2021-07-04 18:00:00,9.503242174784342,0.0,1.6890495736151934
2021-07-04 19:00:00,8.91715989112854,0.0,1.7019627941772342
2021-07-04 20:00:00,6.147657553354898,0.0,1.714876014739275
2021-07-04 21:00:00,5.3337221225102756,0.0,1.7277892353013158
2021-07-04 22:00:00,3.0943625926971436,0.0,1.7407024558633566
2021-07-04 23:00:00,2.300268610318502,0.0,1.7536156764253974
2021-07-05 00:00:00,1.9701633612314864,0.0,1.7665288969874382
2021-07-05 01:00:00,1.9842731714248651,0.0,1.7736311675980687
2021-07-05 02:00:00,2.197919712464014,0.0,1.7807334382086992
2021-07-05 03:00:00,2.0107369422912607,0.0,1.7878357088193297
2021-07-05 04:00:00,2.606021986405055,0.0,1.7949379794299603
2021-07-05 05:00:00,3.980664670467377,0.296,1.8020402500405908
2021-07-05 06:00:00,4.942160952091217,3.736,1.8091425206512213
2021-07-05 07:00:00,5.215044716993966,8.659,1.8162447912618518
2021-07-05 08:00:00,10.267326128482814,14.405,1.8233470618724823
2021-07-05 09:00:00,7.831219613552094,12.658,1.8304493324831128
2021-07-05 10:00:00,4.896262379487357,12.026,1.8375516030937433
2021-07-05 11:00:00,7.95498928229014,10.166,1.8446538737043738
2021-07-05 12:00:00,5.160425166289013,7.278,1.8517561443150043
2021-07-05 13:00:00,5.654789753754932,4.582,1.8588584149256349
2021-07-05 14:00:00,8.68912067810694,1.293,1.8659606855362654
2021-07-05 15:00:00,7.811638991038005,0.0,1.8730629561468959
2021-07-05 16:00:00,6.86758818626404,0.0,1.8801652267575266
2021-07-05 17:00:00,11.01369203925132,0.0,1.8872674973681567
2021-07-05 18:00:00,15.85698938369751,0.0,1.8943697679787874
2021-07-05 19:00:00,12.649091355005902,0.0,1.9014720385894182
2021-07-05 20:00:00,8.656668082873027,0.0,1.9085743092000482
2021-07-05 21:00:00,5.502488529682159,0.0,1.915676579810679
2021-07-05 22:00:00,2.420121804873149,0.0,1.9227788504213097
2021-07-05 23:00:00,2.248813964923223,0.0,1.9298811210319398
2021-07-06 00:00:00,2.004285832246144,0.0,1.9369833916425705
2021-07-06 01:00:00,1.9793440163135532,0.0,1.935046408325434
2021-07-06 02:00:00,1.9365065097808836,0.0,1.9331094250082967
2021-07-06 03:00:00,1.9526840329170232,0.0,1.9311724416911602
2021-07-06 04:00:00,2.223838641246161,0.0,1.9292354583740237
2021-07-06 05:00:00,5.83705614010493,2.19,1.9272984750568865
2021-07-06 06:00:00,9.33406219879786,22.546,1.92536149173975
2021-07-06 07:00:00,7.170476432641348,51.098,1.9234245084226134
2021-07-06 08:00:00,5.349523369471232,64.089,1.9214875251054762
2021-07-06 09:00:00,4.286639416217804,70.289,1.9195505417883396
2021-07-06 10:00:00,7.835146633783976,71.447,1.917613558471203
2021-07-06 11:00:00,9.119342740376792,67.181,1.9156765751540659
2021-07-06 12:00:00,7.202327986558278,57.193,1.9137395918369293
2021-07-06 13:00:00,5.211326221625011,40.607,1.9118026085197928
2021-07-06 14:00:00,4.3441855192184455,16.38,1.9098656252026556
2021-07-06 15:00:00,5.36325850089391,0.0,1.907928641885519
2021-07-06 16:00:00,8.165798485279085,0.0,1.9059916585683825
2021-07-06 17:00:00,8.196262466907502,0.0,1.9040546752512453
2021-07-06 18:00:00,8.888843369483949,0.0,1.9021176919341087
2021-07-06 19:00:00,8.834054152170816,0.0,1.9001807086169722
2021-07-06 20:00:00,9.38947536945343,0.0,1.898243725299835
2021-07-06 21:00:00,6.282188165187834,0.0,1.8963067419826984
2021-07-06 22:00:00,3.210765353838603,0.0,1.894369758665562
2021-07-06 23:00:00,2.611341400941213,0.0,1.8924327753484247
2021-07-07 00:00:00,2.385430490970611,0.0,1.8904957920312881
2021-07-07 01:00:00,2.4932479778925587,0.0,1.8869446590542793
2021-07-07 02:00:00,2.294405833880107,0.0,1.8833935260772705
2021-07-07 03:00:00,2.2623470584551497,0.0,1.8798423931002617
2021-07-07 04:00:00,2.261063798268636,0.0,1.8762912601232529
2021-07-07 05:00:00,3.013017098108927,6.856,1.872740127146244
2021-07-07 06:00:00,4.833818312486013,35.562,1.8691889941692352
2021-07-07 07:00:00,6.359224617481232,54.488,1.8656378611922264
2021-07-07 08:00:00,7.572657489776612,65.825,1.8620867282152176
2021-07-07 09:00:00,6.882353436946871,71.017,1.8585355952382088
2021-07-07 10:00:00,5.732499772310259,70.389,1.8549844622612
2021-07-07 11:00:00,4.891423910856249,65.857,1.8514333292841911
2021-07-07 12:00:00,7.562062650918961,55.997,1.8478821963071823
2021-07-07 13:00:00,6.31024591724078,40.729,1.8443310633301735
2021-07-07 14:00:00,6.4208246429761235,17.147,1.8407799303531647
2021-07-07 15:00:00,5.429038602113724,0.0,1.8372287973761559
2021-07-07 16:00:00,5.806500621636709,0.0,1.833677664399147
2021-07-07 17:00:00,13.611302200953162,0.0,1.8301265314221382
2021-07-07 18:00:00,13.156481758753456,0.0,1.8265753984451294
2021-07-07 19:00:00,8.948167165120442,0.0,1.8230242654681206
2021-07-07 20:00:00,9.532948486010232,0.0,1.8194731324911118
2021-07-07 21:00:00,7.182538374265036,0.0,1.815921999514103
2021-07-07 22:00:00,4.985828216870626,0.0,1.8123708665370941
2021-07-07 23:00:00,3.0071415185928343,0.0,1.8088197335600853
2021-07-08 00:00:00,3.1053861538569127,0.0,1.8052686005830765
2021-07-08 01:00:00,2.952481901645661,0.0,1.8026859546080232
2021-07-08 02:00:00,2.8000212589899705,0.0,1.8001033086329699
2021-07-08 03:00:00,2.7118805567423507,0.0,1.7975206626579165
2021-07-08 04:00:00,2.986554606755575,0.0,1.7949380166828632
2021-07-08 05:00:00,5.177049938837687,7.378,1.79235537070781
2021-07-08 06:00:00,8.764147778352106,36.48,1.7897727247327566
2021-07-08 07:00:00,8.011167836189268,55.379,1.7871900787577033
2021-07-08 08:00:00,8.067870159943899,66.581,1.78460743278265
2021-07-08 09:00:00,6.206659770011906,72.177,1.7820247868075967
2021-07-08 10:00:00,6.590503370761872,73.159,1.7794421408325434
2021-07-08 11:00:00,6.410590259234109,69.056,1.77685949485749
2021-07-08 12:00:00,8.566967753569287,59.653,1.7742768488824368
2021-07-08 13:00:00,6.727667963504794,43.87,1.7716942029073834
2021-07-08 14:00:00,6.547171465555826,20.1,1.7691115569323301
2021-07-08 15:00:00,6.760139803091685,0.0,1.7665289109572768
2021-07-08 16:00:00,7.486645273367565,0.0,1.7639462649822235
2021-07-08 17:00:00,6.2980665008227,0.0,1.7613636190071702
2021-07-08 18:00:00,9.34512395064036,0.0,1.758780973032117
2021-07-08 19:00:00,12.40651018619537,0.0,1.7561983270570636
2021-07-08 20:00:00,9.50501384735108,0.0,1.7536156810820103
2021-07-08 21:00:00,5.246606691678366,0.0,1.751033035106957
2021-07-08 22:00:00,4.525804054737091,0.0,1.7484503891319036
2021-07-08 23:00:00,1.760387279589971,0.0,1.7458677431568503
2021-07-09 00:00:00,1.7295224785804746,0.0,1.743285097181797
2021-07-09 01:00:00,1.7675221323966983,0.0,1.7403796222060919
2021-07-09 02:00:00,1.46008238196373,0.0,1.7374741472303867
2021-07-09 03:00:00,1.3220903595288596,0.0,1.7345686722546816
2021-07-09 04:00:00,2.24308593471845,0.0,1.7316631972789764
2021-07-09 05:00:00,3.8596466759840657,1.545,1.7287577223032713
2021-07-09 06:00:00,3.5395016431808473,16.872,1.7258522473275661
2021-07-09 07:00:00,6.168276099363965,48.579,1.722946772351861
2021-07-09 08:00:00,4.442542048295338,62.312,1.7200412973761559
2021-07-09 09:00:00,6.013572657108308,70.515,1.7171358224004507
2021-07-09 10:00:00,5.94345387617747,72.844,1.7142303474247456
2021-07-09 11:00:00,4.923344806830088,68.402,1.7113248724490404
2021-07-09 12:00:00,9.018392352263133,58.17,1.7084193974733353
2021-07-09 13:00:00,8.31683047612508,41.789,1.7055139224976301
2021-07-09 14:00:00,5.841839905579884,17.752,1.702608447521925
2021-07-09 15:00:00,6.335273647308351,0.0,1.6997029725462198
2021-07-09 16:00:00,3.879090631008148,0.0,1.6967974975705147
2021-07-09 17:00:00,8.42764494419098,0.0,1.6938920225948095
2021-07-09 18:00:00,17.106249332427982,0.0,1.6909865476191044
2021-07-09 19:00:00,10.466547028223676,0.0,1.6880810726433992
2021-07-09 20:00:00,9.311335166295368,0.0,1.685175597667694
2021-07-09 21:00:00,7.391102202733356,0.0,1.682270122691989
2021-07-09 22:00:00,5.480794405937195,0.0,1.6793646477162838
2021-07-09 23:00:00,4.675792137781779,0.0,1.6764591727405787
2021-07-10 00:00:00,3.161604372660319,0.0,1.6735536977648735
2021-07-10 01:00:00,2.137905710935592,0.0,1.6722623771056533
2021-07-10 02:00:00,2.1444925586382553,0.0,1.670971056446433
2021-07-10 03:00:00,2.3958569367726645,0.0,1.6696797357872128
2021-07-10 04:00:00,2.351155889034272,0.0,1.6683884151279926
2021-07-10 05:00:00,2.4365058263142907,4.087,1.6670970944687724
2021-07-10 06:00:00,2.672561752796173,28.222,1.6658057738095522
2021-07-10 07:00:00,5.505511768658956,50.587,1.664514453150332
2021-07-10 08:00:00,6.7549811631441115,66.328,1.6632231324911118
2021-07-10 09:00:00,5.916927685340246,72.254,1.6619318118318915
2021-07-10 10:00:00,8.597194463014603,72.823,1.6606404911726713
2021-07-10 11:00:00,8.195785315831497,68.197,1.659349170513451
2021-07-10 12:00:00,8.211912592252096,58.595,1.6580578498542309
2021-07-10 13:00:00,9.777235341072082,42.293,1.6567665291950107
2021-07-10 14:00:00,6.4333973288536095,18.366,1.6554752085357904
2021-07-10 15:00:00,5.7834256966908795,0.0,1.6541838878765702
2021-07-10 16:00:00,7.258593400319418,0.0,1.65289256721735
2021-07-10 17:00:00,9.301783672968543,0.0,1.6516012465581298
2021-07-10 18:00:00,10.00800376733144,0.0,1.6503099258989096
2021-07-10 19:00:00,12.321700628598531,0.0,1.6490186052396894
2021-07-10 20:00:00,12.20437541802725,0.0,1.6477272845804691
2021-07-10 21:00:00,6.434330328305565,0.0,1.646435963921249
2021-07-10 22:00:00,3.444132335980733,0.0,1.6451446432620287
2021-07-10 23:00:00,2.8278244654337557,0.0,1.6438533226028085
2021-07-11 00:00:00,2.953143080075582,0.0,1.6425620019435883
2021-07-11 01:00:00,2.719415187835694,0.0,1.64288483094424
2021-07-11 02:00:00,2.644195457299551,0.0,1.643207659944892
2021-07-11 03:00:00,2.2896724502245593,0.0,1.6435304889455438
2021-07-11 04:00:00,2.2984646757443743,0.0,1.6438533179461956
2021-07-11 05:00:00,4.533483401934306,5.941,1.6441761469468474
2021-07-11 06:00:00,4.883199087778727,33.374,1.6444989759474993
2021-07-11 07:00:00,7.705910070737201,53.079,1.6448218049481511
2021-07-11 08:00:00,10.114724787076318,64.937,1.645144633948803
2021-07-11 09:00:00,11.7164555867513,70.838,1.6454674629494548
2021-07-11 10:00:00,12.725140953063963,71.791,1.6457902919501066
2021-07-11 11:00:00,10.74157139460246,67.453,1.6461131209507585
2021-07-11 12:00:00,7.544305042425792,57.407,1.6464359499514103
2021-07-11 13:00:00,8.155710589885711,41.436,1.6467587789520621
2021-07-11 14:00:00,9.370263441403711,18.034,1.647081607952714
2021-07-11 15:00:00,6.8839439471562685,0.0,1.6474044369533658
2021-07-11 16:00:00,12.107298298676808,0.0,1.6477272659540176
2021-07-11 17:00:00,11.955606198310855,0.0,1.6480500949546695
2021-07-11 18:00:00,14.293415466944376,0.0,1.6483729239553213
2021-07-11 19:00:00,13.513802798589069,0.0,1.6486957529559731
2021-07-11 20:00:00,8.925500273704527,0.0,1.649018581956625
2021-07-11 21:00:00,7.679987732569377,0.0,1.6493414109572768
2021-07-11 22:00:00,4.1476910034815475,0.0,1.6496642399579287
2021-07-11 23:00:00,3.0153884212176005,0.0,1.6499870689585805
2021-07-12 00:00:00,2.5387690345446265,0.0,1.6503098979592323
2021-07-12 01:00:00,2.648409450054169,0.0,1.6499870689585805
2021-07-12 02:00:00,2.6981979807217926,0.0,1.6496642399579287
2021-07-12 03:00:00,2.5151173313458757,0.0,1.6493414109572768
2021-07-12 04:00:00,2.3746621847152714,0.0,1.649018581956625
2021-07-12 05:00:00,3.605730366706847,8.709,1.6486957529559731
2021-07-12 06:00:00,7.950379578272499,37.765,1.6483729239553213
2021-07-12 07:00:00,5.601226290067036,55.887,1.6480500949546695
2021-07-12 08:00:00,8.889480229218801,66.924,1.6477272659540176
2021-07-12 09:00:00,6.045610352357229,72.353,1.6474044369533658
2021-07-12 10:00:00,11.029107642173772,72.939,1.647081607952714
2021-07-12 11:00:00,7.515181926886242,68.394,1.6467587789520621
2021-07-12 12:00:00,5.042132055759429,58.145,1.6464359499514103
2021-07-12 13:00:00,6.983442250887554,41.985,1.6461131209507585
2021-07-12 14:00:00,3.8219906806945785,18.434,1.6457902919501066
2021-07-12 15:00:00,7.50397741794586,0.0,1.6454674629494548
2021-07-12 16:00:00,9.933294185002646,0.0,1.645144633948803
2021-07-12 17:00:00,10.762945771217344,0.0,1.6448218049481511
2021-07-12 18:00:00,12.113844903310143,0.0,1.6444989759474993
2021-07-12 19:00:00,13.155829334259035,0.0,1.6441761469468474
2021-07-12 20:00:00,9.129633482297264,0.0,1.6438533179461956
2021-07-12 21:00:00,7.388432399431864,0.0,1.6435304889455438
2021-07-12 22:00:00,3.764070220788319,0.0,1.643207659944892
2021-07-12 23:00:00,2.7895803729693105,0.0,1.64288483094424
2021-07-13 00:00:00,2.854105933507284,0.0,1.6425620019435883
2021-07-13 01:00:00,2.7862955451011664,0.0,1.647727289237082
2021-07-13 02:00:00,2.7015258232752486,0.0,1.6528925765305758
2021-07-13 03:00:00,2.6479241927464803,0.0,1.6580578638240695
2021-07-13 04:00:00,2.345970765749614,0.0,1.6632231511175632
2021-07-13 05:00:00,3.124174571037292,7.92,1.668388438411057
2021-07-13 06:00:00,6.457056204477945,35.431,1.6735537257045507
2021-07-13 07:00:00,5.949049901962281,53.63,1.6787190129980445
2021-07-13 08:00:00,6.712990160783133,64.69,1.6838843002915382
2021-07-13 09:00:00,8.150467365980152,70.05,1.689049587585032
2021-07-13 10:00:00,10.01706533829371,69.376,1.6942148748785257
2021-07-13 11:00:00,10.35674421389898,64.319,1.6993801621720195
2021-07-13 12:00:00,6.326696121692658,51.504,1.7045454494655132
2021-07-13 13:00:00,4.385188821951549,34.357,1.709710736759007
2021-07-13 14:00:00,6.604075012604395,13.04,1.7148760240525007
2021-07-13 15:00:00,9.287701336542762,0.0,1.7200413113459945
2021-07-13 16:00:00,6.6015461802482625,0.0,1.7252065986394882
2021-07-13 17:00:00,5.684445687135061,0.0,1.730371885932982
2021-07-13 18:00:00,12.539800294240315,0.0,1.7355371732264757
2021-07-13 19:00:00,9.869067668914797,0.0,1.7407024605199695
2021-07-13 20:00:00,7.787042975425718,0.0,1.7458677478134632
2021-07-13 21:00:00,6.323650995890299,0.0,1.751033035106957
2021-07-13 22:00:00,4.894938739140828,0.0,1.7561983224004507
2021-07-13 23:00:00,2.739013906319936,0.0,1.7613636096939445
2021-07-14 00:00:00,2.5674617966016138,0.0,1.7665288969874382
2021-07-14 01:00:00,2.7749837478001913,0.0,1.7775051342323422
2021-07-14 02:00:00,2.7089125831921903,0.0,1.7884813714772463
2021-07-14 03:00:00,2.490566619237264,0.0,1.7994576087221503
2021-07-14 04:00:00,2.3985289990901952,0.0,1.8104338459670544
2021-07-14 05:00:00,2.6822678903738657,0.166,1.8214100832119584
2021-07-14 06:00:00,4.412966016928352,3.442,1.8323863204568624
2021-07-14 07:00:00,7.119288237889607,8.56,1.8433625577017665
2021-07-14 08:00:00,10.221526698271438,14.31,1.8543387949466705
2021-07-14 09:00:00,10.386031556129456,19.197,1.8653150321915746
2021-07-14 10:00:00,12.37531264623006,26.924,1.8762912694364784
2021-07-14 11:00:00,6.6402341723442095,38.681,1.8872675066813829
2021-07-14 12:00:00,9.95414529641469,33.322,1.8982437439262867
2021-07-14 13:00:00,10.312354548772174,21.19,1.9092199811711905
2021-07-14 14:00:00,6.832459143797558,7.806,1.920196218416095
2021-07-14 15:00:00,7.515225040912627,0.0,1.9311724556609988
2021-07-14 16:00:00,10.25030722618103,0.0,1.9421486929059026
2021-07-14 17:00:00,10.713849345842998,0.0,1.9531249301508071
2021-07-14 18:00:00,11.228268170356756,0.0,1.964101167395711
2021-07-14 19:00:00,9.54923320611318,0.0,1.9750774046406148
2021-07-14 20:00:00,6.423507424195607,0.0,1.9860536418855192
2021-07-14 21:00:00,5.8506049990654,0.0,1.997029879130423
2021-07-14 22:00:00,3.322852935393651,0.0,2.008006116375327
2021-07-14 23:00:00,1.357054934899012,0.0,2.018982353620231
2021-07-15 00:00:00,1.094371032714844,0.0,2.029958590865135
2021-07-15 01:00:00,1.079120042920113,0.0,2.0354467164725065
2021-07-15 02:00:00,1.1027614553769438,0.0,2.040934842079878
2021-07-15 03:00:00,1.2132092366615934,0.0,2.046422967687249
2021-07-15 04:00:00,1.3351674298445386,0.0,2.0519110932946205
2021-07-15 05:00:00,1.9842872858047484,6.789,2.057399218901992
2021-07-15 06:00:00,5.5810223142306,36.474,2.062887344509363
2021-07-15 07:00:00,7.313309101263679,55.53,2.0683754701167345
2021-07-15 08:00:00,9.091116770108547,66.668,2.073863595724106
2021-07-15 09:00:00,8.457571568091712,72.152,2.079351721331477
2021-07-15 10:00:00,8.67974282503128,73.14,2.0848398469388485
2021-07-15 11:00:00,7.758044191201529,68.694,2.09032797254622
2021-07-15 12:00:00,7.066401495536168,58.157,2.095816098153591
2021-07-15 13:00:00,5.623084217309952,40.349,2.1013042237609625
2021-07-15 14:00:00,4.457574065526328,16.884,2.106792349368334
2021-07-15 15:00:00,5.721589064598083,0.0,2.112280474975705
2021-07-15 16:00:00,9.225744926929472,0.0,2.1177686005830765
2021-07-15 17:00:00,6.137090093684647,0.0,2.123256726190448
2021-07-15 18:00:00,8.952902070681258,0.0,2.128744851797819
2021-07-15 19:00:00,11.2723274230957,0.0,2.1342329774051905
2021-07-15 20:00:00,8.75424678325653,0.0,2.139721103012562
2021-07-15 21:00:00,5.863294970989228,0.0,2.145209228619933
2021-07-15 22:00:00,4.187229295571645,0.0,2.1506973542273045
2021-07-15 23:00:00,1.6545292476812996,0.0,2.156185479834676
2021-07-16 00:00:00,1.0995827585458755,0.0,2.161673605442047
2021-07-16 01:00:00,1.112037613987923,0.0,2.171358522027731
2021-07-16 02:00:00,1.166914721330007,0.0,2.1810434386134148
2021-07-16 03:00:00,1.1555153747399651,0.0,2.1907283551990986
2021-07-16 04:00:00,2.6698454499244693,0.0,2.2004132717847824
2021-07-16 05:00:00,3.2716113408406575,7.236,2.2100981883704662
2021-07-16 06:00:00,4.242592640717826,33.929,2.21978310495615
2021-07-16 07:00:00,3.227609334389369,56.529,2.229468021541834
2021-07-16 08:00:00,6.349009386698403,68.58,2.2391529381275177
2021-07-16 09:00:00,6.237009131908418,74.69,2.2488378547132015
2021-07-16 10:00:00,5.802420604228974,75.403,2.2585227712988853
2021-07-16 11:00:00,8.731144511699675,70.874,2.268207687884569
2021-07-16 12:00:00,5.533728420734407,60.774,2.277892604470253
2021-07-16 13:00:00,7.849241129557294,44.564,2.287577521055937
2021-07-16 14:00:00,6.225152707099914,20.836,2.2972624376416206
2021-07-16 15:00:00,8.190543293952942,0.017,2.3069473542273045
2021-07-16 16:00:00,3.208155409495036,0.0,2.3166322708129883
2021-07-16 17:00:00,8.583812908331556,0.0,2.326317187398672
2021-07-16 18:00:00,14.875068585077925,0.0,2.336002103984356
2021-07-16 19:00:00,10.213722380002338,0.0,2.3456870205700397
2021-07-16 20:00:00,11.089753723144533,0.0,2.3553719371557236
2021-07-16 21:00:00,4.675151554743449,0.0,2.3650568537414074
2021-07-16 22:00:00,4.112061440944672,0.0,2.374741770327091
2021-07-16 23:00:00,2.7439590573310864,0.0,2.384426686912775
2021-07-17 00:00:00,2.396167314052582,0.0,2.394111603498459
2021-07-17 01:00:00,2.2404544631640113,0.0,2.4163869116455317
2021-07-17 02:00:00,2.1655186732610066,0.0,2.4386622197926044
2021-07-17 03:00:00,2.0894080261389414,0.0,2.4609375279396772
2021-07-17 04:00:00,2.236774595578511,0.0,2.48321283608675
2021-07-17 05:00:00,4.00154998699824,1.122,2.505488144233823
2021-07-17 06:00:00,4.965374282995861,9.613,2.5277634523808956
2021-07-17 07:00:00,6.097963877518973,23.912,2.5500387605279684
2021-07-17 08:00:00,8.30747842788696,43.635,2.572314068675041
2021-07-17 09:00:00,8.220807393391928,47.876,2.594589376822114
2021-07-17 10:00:00,7.287818582852683,45.85,2.616864684969187
2021-07-17 11:00:00,7.029941193262734,40.692,2.6391399931162596
2021-07-17 12:00:00,6.951612889766693,31.152,2.6614153012633324
2021-07-17 13:00:00,9.849154055118555,19.819,2.683690609410405
2021-07-17 14:00:00,5.978907402356468,6.002,2.705965917557478
2021-07-17 15:00:00,5.943723849455517,0.0,2.7282412257045507
2021-07-17 16:00:00,6.683423805236814,0.0,2.7505165338516235
2021-07-17 17:00:00,7.69051934480667,0.0,2.7727918419986963
2021-07-17 18:00:00,13.297254832585654,0.0,2.795067150145769
2021-07-17 19:00:00,14.373868322372438,0.0,2.817342458292842
2021-07-17 20:00:00,8.040112932523092,0.0,2.8396177664399147
2021-07-17 21:00:00,6.808718371391294,0.0,2.8618930745869875
2021-07-17 22:00:00,5.661193188031515,0.0,2.8841683827340603
2021-07-17 23:00:00,2.880028752485911,0.0,2.906443690881133
2021-07-18 00:00:00,2.2495904525121047,0.0,2.928718999028206
2021-07-18 01:00:00,2.1406995693842577,0.0,2.943892041221261
2021-07-18 02:00:00,1.929859719673792,0.0,2.959065083414316
2021-07-18 03:00:00,2.151424300670624,0.0,2.9742381256073713
2021-07-18 04:00:00,1.9456740021705632,0.0,2.9894111678004265
2021-07-18 05:00:00,2.6412452777226765,4.158,3.0045842099934816
2021-07-18 06:00:00,4.683726441860197,26.573,3.019757252186537
2021-07-18 07:00:00,5.727437464396157,42.878,3.034930294379592
2021-07-18 08:00:00,9.516013089815775,47.426,3.050103336572647
2021-07-18 09:00:00,8.94090735912323,50.395,3.0652763787657022
2021-07-18 10:00:00,10.307815134525296,53.082,3.0804494209587574
2021-07-18 11:00:00,8.864803647994995,49.655,3.0956224631518126
2021-07-18 12:00:00,8.891449749469759,39.199,3.1107955053448677
2021-07-18 13:00:00,8.623957880338033,23.972,3.125968547537923
2021-07-18 14:00:00,5.634342634677887,5.869,3.141141589730978
2021-07-18 15:00:00,9.322138667106625,0.0,3.156314631924033
2021-07-18 16:00:00,5.832248679796856,0.0,3.1714876741170883
2021-07-18 17:00:00,6.067269794146222,0.0,3.1866607163101435
2021-07-18 18:00:00,9.539409510294597,0.0,3.2018337585031986
2021-07-18 19:00:00,10.46650857925415,0.0,3.2170068006962538
2021-07-18 20:00:00,6.993277708689372,0.0,3.232179842889309
2021-07-18 21:00:00,5.005218593279521,0.0,3.247352885082364
2021-07-18 22:00:00,2.8742328206698105,0.0,3.2625259272754192
2021-07-18 23:00:00,2.4603116671244307,0.0,3.2776989694684744
2021-07-19 00:00:00,2.279473251104355,0.0,3.2928720116615295
2021-07-19 01:00:00,2.1747794985771174,0.0,3.284478411078453
2021-07-19 02:00:00,2.438681550820669,0.0,3.2760848104953766
2021-07-19 03:00:00,2.247810020049413,0.0,3.2676912099123
2021-07-19 04:00:00,2.617574473222098,0.0,3.2592976093292236
2021-07-19 05:00:00,5.861153984069828,11.573,3.250904008746147
2021-07-19 06:00:00,8.207485032081603,40.635,3.2425104081630707
2021-07-19 07:00:00,5.588254189491272,58.76,3.234116807579994
2021-07-19 08:00:00,8.50696496963501,70.253,3.2257232069969177
2021-07-19 09:00:00,7.406803993384047,75.943,3.2173296064138412
2021-07-19 10:00:00,11.043303533395138,76.531,3.2089360058307648
2021-07-19 11:00:00,7.298133897781373,71.945,3.2005424052476883
2021-07-19 12:00:00,3.308736848831178,61.941,3.192148804664612
2021-07-19 13:00:00,4.83638637860616,45.688,3.1837552040815353
2021-07-19 14:00:00,4.451485053698223,21.727,3.175361603498459
2021-07-19 15:00:00,4.754321698347728,0.085,3.1669680029153824
2021-07-19 16:00:00,8.700970792770386,0.0,3.158574402332306
2021-07-19 17:00:00,9.533310544490815,0.0,3.1501808017492294
2021-07-19 18:00:00,12.243469587961831,0.0,3.141787201166153
2021-07-19 19:00:00,10.432692591349287,0.0,3.1333936005830765
2021-07-19 20:00:00,9.840641466776534,0.0,3.125
2021-07-19 21:00:00,3.9707128286361697,0.0,3.1166063994169235
2021-07-19 22:00:00,2.9968869606653854,0.0,3.108212798833847
2021-07-19 23:00:00,2.9870589415232343,0.0,3.0998191982507706
2021-07-20 00:00:00,3.0582333803176884,0.0,3.091425597667694
2021-07-20 01:00:00,2.550969239075978,0.0,3.077221056446433
2021-07-20 02:00:00,2.5110983371734608,0.0,3.063016515225172
2021-07-20 03:00:00,2.289116382598876,0.0,3.048811974003911
2021-07-20 04:00:00,2.755268867810567,0.0,3.03460743278265
2021-07-20 05:00:00,3.923316335678101,3.339,3.020402891561389
2021-07-20 06:00:00,6.4866746306419385,24.513,3.006198350340128
2021-07-20 07:00:00,4.087339874108633,56.229,2.991993809118867
2021-07-20 08:00:00,6.873040048281354,69.558,2.977789267897606
2021-07-20 09:00:00,8.23747871319453,72.814,2.963584726676345
2021-07-20 10:00:00,7.032035895188648,70.473,2.949380185455084
2021-07-20 11:00:00,9.137154634793598,67.193,2.935175644233823
2021-07-20 12:00:00,7.437473448117576,58.626,2.920971103012562
2021-07-20 13:00:00,4.548437583446503,43.992,2.9067665617913008
2021-07-20 14:00:00,6.506740311781565,20.418,2.8925620205700397
2021-07-20 15:00:00,8.990212758382153,0.087,2.8783574793487787
2021-07-20 16:00:00,6.7717009822527565,0.0,2.8641529381275177
2021-07-20 17:00:00,8.546809824307761,0.0,2.8499483969062567
2021-07-20 18:00:00,13.58203449249268,0.0,2.8357438556849957
2021-07-20 19:00:00,11.168007787068682,0.0,2.8215393144637346
2021-07-20 20:00:00,10.74754516283671,0.0,2.8073347732424736
2021-07-20 21:00:00,7.9374205986658755,0.0,2.7931302320212126
2021-07-20 22:00:00,3.2179177999496464,0.0,2.7789256907999516
2021-07-20 23:00:00,2.59436575571696,0.0,2.7647211495786905
2021-07-21 00:00:00,2.751115818818411,0.0,2.7505166083574295
2021-07-21 01:00:00,2.466847538948059,0.0,2.7366348914802074
2021-07-21 02:00:00,2.2612100481987,0.0,2.7227531746029854
2021-07-21 03:00:00,2.2227122902870176,0.0,2.7088714577257633
2021-07-21 04:00:00,2.534899365901947,0.0,2.6949897408485413
2021-07-21 05:00:00,2.255587208271027,1.811,2.681108023971319
2021-07-21 06:00:00,2.6008101026217147,12.799,2.667226307094097
2021-07-21 07:00:00,4.936916718880338,33.652,2.653344590216875
2021-07-21 08:00:00,7.718659774462382,62.154,2.639462873339653
2021-07-21 09:00:00,7.636546822388967,74.01,2.625581156462431
2021-07-21 10:00:00,8.329386099179588,76.516,2.611699439585209
2021-07-21 11:00:00,10.522894465923308,72.085,2.597817722707987
2021-07-21 12:00:00,6.3723915934562685,62.124,2.5839360058307648
2021-07-21 13:00:00,4.741641700267792,45.926,2.5700542889535427
2021-07-21 14:00:00,6.447703377405802,22.121,2.5561725720763206
2021-07-21 15:00:00,8.113814838727317,0.157,2.5422908551990986
2021-07-21 16:00:00,3.574595373868944,0.0,2.5284091383218765
2021-07-21 17:00:00,6.179067822297414,0.0,2.5145274214446545
2021-07-21 18:00:00,9.69717384974162,0.0,2.5006457045674324
2021-07-21 19:00:00,8.497746729850771,0.0,2.4867639876902103
2021-07-21 20:00:00,9.01538083553314,0.0,2.4728822708129883
2021-07-21 21:00:00,7.1162617643674215,0.0,2.459000553935766
2021-07-21 22:00:00,3.4367175340652465,0.0,2.445118837058544
2021-07-21 23:00:00,2.774228282769521,0.0,2.431237120181322
2021-07-22 00:00:00,1.5875063776969904,0.0,2.4173554033041
2021-07-22 01:00:00,1.4409881671269744,0.0,2.403473686426878
2021-07-22 02:00:00,1.2572216073671971,0.0,2.389591969549656
2021-07-22 03:00:00,1.2803747415542603,0.0,2.375710252672434
2021-07-22 04:00:00,1.4873247265815748,0.0,2.361828535795212
2021-07-22 05:00:00,1.2816609124342608,13.469,2.3479468189179897
2021-07-22 06:00:00,3.3186075588067387,42.321,2.3340651020407677
2021-07-22 07:00:00,5.162883152564366,60.207,2.3201833851635456
2021-07-22 08:00:00,5.738387763500213,70.938,2.3063016682863235
2021-07-22 09:00:00,7.488907909393314,76.314,2.2924199514091015
2021-07-22 10:00:00,6.352656638622282,76.894,2.2785382345318794
2021-07-22 11:00:00,7.994434273242949,72.527,2.2646565176546574
2021-07-22 12:00:00,7.097527595361075,62.874,2.2507748007774353
2021-07-22 13:00:00,4.488254578908284,47.25,2.2368930839002132
2021-07-22 14:00:00,3.879698320229848,24.198,2.223011367022991
2021-07-22 15:00:00,4.394655859470367,0.278,2.209129650145769
2021-07-22 16:00:00,4.269597121079761,0.0,2.195247933268547
2021-07-22 17:00:00,7.797395412127176,0.0,2.181366216391325
2021-07-22 18:00:00,12.1103626648585,0.0,2.167484499514103
2021-07-22 19:00:00,8.817207686106364,0.0,2.153602782636881
2021-07-22 20:00:00,7.714123860994976,0.0,2.139721065759659
2021-07-22 21:00:00,5.704877233505249,0.0,2.1258393488824368
2021-07-22 22:00:00,2.9728943308194475,0.0,2.1119576320052147
2021-07-22 23:00:00,2.571314028898875,0.0,2.0980759151279926
2021-07-23 00:00:00,2.272331964969635,0.0,2.0841941982507706
2021-07-23 01:00:00,2.3259922802448267,0.0,2.07580060698092
2021-07-23 02:00:00,2.049536206324896,0.0,2.067407015711069
2021-07-23 03:00:00,2.4311961412429812,0.0,2.0590134244412184
2021-07-23 04:00:00,2.100044085582098,0.0,2.0506198331713676
2021-07-23 05:00:00,3.2211621642112735,12.789,2.042226241901517
2021-07-23 06:00:00,5.377201763788859,40.985,2.033832650631666
2021-07-23 07:00:00,6.482330509026846,58.826,2.0254390593618155
2021-07-23 08:00:00,7.121916337807974,69.594,2.0170454680919647
2021-07-23 09:00:00,8.19188237984975,75.085,2.008651876822114
2021-07-23 10:00:00,6.879579524199169,75.554,2.0002582855522633
2021-07-23 11:00:00,7.227542165915172,70.888,1.9918646942824123
2021-07-23 12:00:00,4.225103557109833,58.481,1.9834711030125618
2021-07-23 13:00:00,7.1801568508148215,31.702,1.9750775117427113
2021-07-23 14:00:00,5.0647871732711796,6.873,1.9666839204728601
2021-07-23 15:00:00,4.5195218761761975,0.0,1.9582903292030096
2021-07-23 16:00:00,4.878185200691224,0.0,1.949896737933159
2021-07-23 17:00:00,6.421522212028503,0.0,1.941503146663308
2021-07-23 18:00:00,10.381943535804746,0.0,1.9331095553934574
2021-07-23 19:00:00,6.544648583730062,0.0,1.924715964123607
2021-07-23 20:00:00,6.477251466115315,0.0,1.9163223728537557
2021-07-23 21:00:00,4.52394142150879,0.0,1.9079287815839052
2021-07-23 22:00:00,5.770224599043528,0.0,1.8995351903140547
2021-07-23 23:00:00,3.4036558787027995,0.0,1.8911415990442035
2021-07-24 00:00:00,3.0991847236951195,0.0,1.882748007774353
2021-07-24 01:00:00,2.7583333730697635,0.0,1.875322903506458
2021-07-24 02:00:00,2.8544375618298847,0.0,1.8678977992385626
2021-07-24 03:00:00,2.4014232317606607,0.0,1.8604726949706674
2021-07-24 04:00:00,2.3148405234018963,0.0,1.8530475907027721
2021-07-24 05:00:00,2.82246036529541,5.814,1.845622486434877
2021-07-24 06:00:00,4.922224084536235,30.297,1.8381973821669817
2021-07-24 07:00:00,6.691339008013405,54.163,1.8307722778990865
2021-07-24 08:00:00,7.802241524060565,68.473,1.8233471736311913
2021-07-24 09:00:00,6.770231608549756,76.92,1.815922069363296
2021-07-24 10:00:00,4.80353277126948,78.054,1.8084969650954008
2021-07-24 11:00:00,5.292573300997416,73.571,1.8010718608275056
2021-07-24 12:00:00,6.245574994881948,60.792,1.7936467565596104
2021-07-24 13:00:00,4.140730488300323,39.195,1.7862216522917151
2021-07-24 14:00:00,5.174188534418742,16.239,1.77879654802382
2021-07-24 15:00:00,4.229044504960379,0.227,1.7713714437559247
2021-07-24 16:00:00,6.82392997344335,0.0,1.7639463394880295
2021-07-24 17:00:00,9.200677982966107,0.0,1.7565212352201343
2021-07-24 18:00:00,11.80220719178518,0.0,1.749096130952239
2021-07-24 19:00:00,10.283259995778405,0.0,1.7416710266843438
2021-07-24 20:00:00,8.345203765233355,0.0,1.7342459224164486
2021-07-24 21:00:00,5.442524508635203,0.0,1.7268208181485534
2021-07-24 22:00:00,3.192563207944234,0.0,1.7193957138806581
2021-07-24 23:00:00,4.32621165116628,0.0,1.711970609612763
2021-07-25 00:00:00,3.367716856797536,0.0,1.7045455053448677
2021-07-25 01:00:00,2.6325295249621075,0.0,1.6984117217361927
2021-07-25 02:00:00,2.457977104187011,0.0,1.6922779381275177
2021-07-25 03:00:00,2.387612422307332,0.0,1.6861441545188427
2021-07-25 04:00:00,2.47725384235382,0.0,1.6800103709101677
2021-07-25 05:00:00,2.3613835136095673,9.072,1.6738765873014927
2021-07-25 06:00:00,5.757934459050497,38.173,1.6677428036928177
2021-07-25 07:00:00,5.736976758639018,60.969,1.6616090200841427
2021-07-25 08:00:00,7.568714761734012,71.929,1.6554752364754677
2021-07-25 09:00:00,8.223148548603058,77.403,1.6493414528667927
2021-07-25 10:00:00,9.209710979461669,77.57,1.6432076692581177
2021-07-25 11:00:00,7.416900845368706,72.422,1.6370738856494427
2021-07-25 12:00:00,6.096446271737414,61.608,1.6309401020407677
2021-07-25 13:00:00,5.297303009033202,42.894,1.6248063184320927
2021-07-25 14:00:00,5.688816976547241,13.514,1.6186725348234177
2021-07-25 15:00:00,6.502695226669311,0.027,1.6125387512147427
2021-07-25 16:00:00,3.8836736241976424,0.0,1.6064049676060677
2021-07-25 17:00:00,6.012806510925293,0.0,1.6002711839973927
2021-07-25 18:00:00,11.295085382461547,0.0,1.5941374003887177
2021-07-25 19:00:00,13.726708992322283,0.0,1.5880036167800426
2021-07-25 20:00:00,9.51657892068227,0.0,1.5818698331713676
2021-07-25 21:00:00,4.753278279304505,0.0,1.5757360495626926
2021-07-25 22:00:00,5.395322771867116,0.0,1.5696022659540176
2021-07-25 23:00:00,3.55928518374761,0.0,1.5634684823453426
2021-07-26 00:00:00,2.22693762977918,0.0,1.5573346987366676
2021-07-26 01:00:00,2.2081899007161465,0.0,1.553460732102394
2021-07-26 02:00:00,2.1224191427230834,0.0,1.5495867654681206
2021-07-26 03:00:00,2.2527303735415134,0.0,1.545712798833847
2021-07-26 04:00:00,3.127974200248718,0.0,1.5418388321995735
2021-07-26 05:00:00,6.983842543760935,13.327,1.5379648655653
2021-07-26 06:00:00,7.460740518569947,39.873,1.5340908989310265
2021-07-26 07:00:00,3.9695766409238193,57.209,1.530216932296753
2021-07-26 08:00:00,3.286160822709401,68.443,1.5263429656624794
2021-07-26 09:00:00,6.20999540090561,73.982,1.5224689990282059
2021-07-26 10:00:00,5.118802726268766,74.493,1.5185950323939323
2021-07-26 11:00:00,3.1956969777743023,70.156,1.5147210657596588
2021-07-26 12:00:00,3.5311190327008566,60.455,1.5108470991253853
2021-07-26 13:00:00,3.8892633835474655,45.106,1.5069731324911118
2021-07-26 14:00:00,7.983494246006011,22.747,1.5030991658568382
2021-07-26 15:00:00,3.781934098402658,0.4,1.4992251992225647
2021-07-26 16:00:00,6.950385002295175,0.0,1.4953512325882912
2021-07-26 17:00:00,6.27807807524999,0.0,1.4914772659540176
2021-07-26 18:00:00,14.052558096249903,0.0,1.487603299319744
2021-07-26 19:00:00,12.774238475163774,0.0,1.4837293326854706
2021-07-26 20:00:00,10.557336123784385,0.0,1.479855366051197
2021-07-26 21:00:00,7.329361883799235,0.0,1.4759813994169235
2021-07-26 22:00:00,5.575787321726481,0.0,1.47210743278265
2021-07-26 23:00:00,2.7562148610750823,0.0,1.4682334661483765
2021-07-27 00:00:00,2.4042448282241824,0.0,1.464359499514103
2021-07-27 01:00:00,2.6874910712242124,0.0,1.4591942122206092
2021-07-27 02:00:00,2.616640218098958,0.0,1.4540289249271154
2021-07-27 03:00:00,2.7083596944808956,0.0,1.4488636376336217
2021-07-27 04:00:00,4.848446222146352,0.0,1.443698350340128
2021-07-27 05:00:00,7.203888591130576,12.642,1.4385330630466342
2021-07-27 06:00:00,7.747364846865337,39.398,1.4333677757531404
2021-07-27 07:00:00,5.533870700995127,57.293,1.4282024884596467
2021-07-27 08:00:00,6.744447998205819,68.586,1.423037201166153
2021-07-27 09:00:00,6.527984154224397,73.861,1.4178719138726592
2021-07-27 10:00:00,7.310190598169964,74.271,1.4127066265791655
2021-07-27 11:00:00,7.064058176676431,69.427,1.4075413392856717
2021-07-27 12:00:00,5.794360719124473,58.168,1.402376051992178
2021-07-27 13:00:00,5.215664649009706,40.064,1.3972107646986842
2021-07-27 14:00:00,4.219432628154753,19.023,1.3920454774051905
2021-07-27 15:00:00,4.235330508152644,0.291,1.3868801901116967
2021-07-27 16:00:00,6.109561880429587,0.0,1.381714902818203
2021-07-27 17:00:00,4.6543190598487865,0.0,1.3765496155247092
2021-07-27 18:00:00,11.4113554875056,0.0,1.3713843282312155
2021-07-27 19:00:00,11.079272158940633,0.0,1.3662190409377217
2021-07-27 20:00:00,10.300627764066064,0.0,1.361053753644228
2021-07-27 21:00:00,4.286066675186155,0.0,1.3558884663507342
2021-07-27 22:00:00,2.814617451032003,0.0,1.3507231790572405
2021-07-27 23:00:00,2.783252932627996,0.0,1.3455578917637467
2021-07-28 00:00:00,1.3612721045811973,0.0,1.340392604470253
2021-07-28 01:00:00,1.2405327041943863,0.0,1.3374871294945478
2021-07-28 02:00:00,1.1978746116161345,0.0,1.3345816545188427
2021-07-28 03:00:00,1.9828433722257612,0.0,1.3316761795431376
2021-07-28 04:00:00,4.929171921809513,0.0,1.3287707045674324
2021-07-28 05:00:00,3.8362418174743658,11.686,1.3258652295917273
2021-07-28 06:00:00,7.024339393774669,40.138,1.322959754616022
2021-07-28 07:00:00,6.140014417966208,58.873,1.320054279640317
2021-07-28 08:00:00,6.706746160984041,64.928,1.3171488046646118
2021-07-28 09:00:00,4.916693645715713,68.0,1.3142433296889067
2021-07-28 10:00:00,5.025745209058125,67.005,1.3113378547132015
2021-07-28 11:00:00,4.703064084053039,65.655,1.3084323797374964
2021-07-28 12:00:00,3.9885222613811497,57.046,1.3055269047617912
2021-07-28 13:00:00,5.418267989158632,42.667,1.302621429786086
2021-07-28 14:00:00,2.4490828653176626,21.072,1.299715954810381
2021-07-28 15:00:00,3.916798301537832,0.434,1.2968104798346758
2021-07-28 16:00:00,2.702808729807536,0.0,1.2939050048589706
2021-07-28 17:00:00,9.131356088320413,0.0,1.2909995298832655
2021-07-28 18:00:00,11.121346751848858,0.0,1.2880940549075603
2021-07-28 19:00:00,9.017159605026244,0.0,1.2851885799318552
2021-07-28 20:00:00,7.0155139287312815,0.0,1.28228310495615
2021-07-28 21:00:00,4.537099961439769,0.0,1.279377629980445
2021-07-28 22:00:00,1.3497289309899014,0.0,1.2764721550047398
2021-07-28 23:00:00,0.8629447599252065,0.0,1.2735666800290346
2021-07-29 00:00:00,0.9557404915491744,0.0,1.2706612050533295
2021-07-29 01:00:00,0.8314614633719126,0.0,1.266787238419056
2021-07-29 02:00:00,1.0572931726773578,0.0,1.2629132717847824
2021-07-29 03:00:00,1.0111091931660967,0.0,1.2590393051505089
2021-07-29 04:00:00,0.886116604010264,0.0,1.2551653385162354
2021-07-29 05:00:00,4.052378267049789,15.137,1.2512913718819618
2021-07-29 06:00:00,6.062233551343286,41.615,1.2474174052476883
2021-07-29 07:00:00,4.548137029012044,61.157,1.2435434386134148
2021-07-29 08:00:00,4.911667410532633,73.297,1.2396694719791412
2021-07-29 09:00:00,5.351414614915847,79.296,1.2357955053448677
2021-07-29 10:00:00,3.6282531023025513,79.948,1.2319215387105942
2021-07-29 11:00:00,3.776342276732127,75.457,1.2280475720763206
2021-07-29 12:00:00,4.587528280417126,65.429,1.2241736054420471
2021-07-29 13:00:00,3.076167726516724,49.372,1.2202996388077736
2021-07-29 14:00:00,5.8657050430774715,26.085,1.2164256721735
2021-07-29 15:00:00,5.019961619377134,0.802,1.2125517055392265
2021-07-29 16:00:00,5.171998127301534,0.0,1.208677738904953
2021-07-29 17:00:00,3.9372950474421193,0.0,1.2048037722706795
2021-07-29 18:00:00,9.099119981129968,0.0,1.200929805636406
2021-07-29 19:00:00,11.319690330823269,0.0,1.1970558390021324
2021-07-29 20:00:00,10.820301985740665,0.0,1.1931818723678589
2021-07-29 21:00:00,5.3306392987569176,0.0,1.1893079057335854
2021-07-29 22:00:00,3.319603206713994,0.0,1.1854339390993118
2021-07-29 23:00:00,1.5769819239775338,0.0,1.1815599724650383
2021-07-30 00:00:00,1.3105334003766378,0.0,1.1776860058307648
2021-07-30 01:00:00,1.0945443501075107,0.0,1.1763946805149317
2021-07-30 02:00:00,1.67529222369194,0.0,1.1751033551990986
2021-07-30 03:00:00,1.461117523908615,0.0,1.1738120298832655
2021-07-30 04:00:00,3.4823818167050673,0.0,1.1725207045674324
2021-07-30 05:00:00,3.3412109911441807,16.821,1.1712293792515993
2021-07-30 06:00:00,4.376486333211263,43.302,1.1699380539357662
2021-07-30 07:00:00,4.7852620601654055,61.294,1.1686467286199331
2021-07-30 08:00:00,9.299008937676748,72.478,1.1673554033041
2021-07-30 09:00:00,6.700400141874949,78.099,1.166064077988267
2021-07-30 10:00:00,5.346762120723724,78.666,1.1647727526724339
2021-07-30 11:00:00,5.500349797805151,74.112,1.1634814273566008
2021-07-30 12:00:00,4.973214781284332,64.008,1.1621901020407677
2021-07-30 13:00:00,5.575980140765509,48.2,1.1608987767249346
2021-07-30 14:00:00,4.347450204690298,25.412,1.1596074514091015
2021-07-30 15:00:00,4.560728623469671,0.815,1.1583161260932684
2021-07-30 16:00:00,4.242120812336604,0.0,1.1570248007774353
2021-07-30 17:00:00,8.525214101870857,0.0,1.1557334754616022
2021-07-30 18:00:00,13.304082791010538,0.0,1.1544421501457691
2021-07-30 19:00:00,10.22349533240001,0.0,1.153150824829936
2021-07-30 20:00:00,6.379100155830383,0.0,1.151859499514103
2021-07-30 21:00:00,3.572262436151504,0.0,1.1505681741982698
2021-07-30 22:00:00,2.4055839081605277,0.0,1.1492768488824368
2021-07-30 23:00:00,1.89485145608584,0.0,1.1479855235666037
2021-07-31 00:00:00,1.763470871249834,0.0,1.1466941982507706
2021-07-31 01:00:00,1.1103467285633088,0.0,1.1415289109572768
2021-07-31 02:00:00,1.284771662950516,0.0,1.136363623663783
2021-07-31 03:00:00,1.3088684737682337,0.0,1.1311983363702893
2021-07-31 04:00:00,3.6977742552757262,0.0,1.1260330490767956
2021-07-31 05:00:00,2.3534160772959387,17.866,1.1208677617833018
2021-07-31 06:00:00,3.3222956478595735,43.653,1.115702474489808
2021-07-31 07:00:00,3.4203714072704328,61.354,1.1105371871963143
2021-07-31 08:00:00,5.63521474202474,71.93,1.1053718999028206
2021-07-31 09:00:00,5.045565553506218,76.992,1.1002066126093268
2021-07-31 10:00:00,3.8932306389013926,77.613,1.095041325315833
2021-07-31 11:00:00,7.968553523222609,73.281,1.0898760380223393
2021-07-31 12:00:00,5.1948254386583965,63.926,1.0847107507288456
2021-07-31 13:00:00,4.438451846440634,48.509,1.0795454634353518
2021-07-31 14:00:00,7.140179272492728,26.13,1.074380176141858
2021-07-31 15:00:00,8.036163918177285,0.962,1.0692148888483644
2021-07-31 16:00:00,5.96812933286031,0.0,1.0640496015548706
2021-07-31 17:00:00,5.003492685159047,0.0,1.0588843142613769
2021-07-31 18:00:00,12.908258454004924,0.0,1.053719026967883
2021-07-31 19:00:00,11.142847887674971,0.0,1.0485537396743894
2021-07-31 20:00:00,6.83155472278595,0.0,1.0433884523808956
2021-07-31 21:00:00,6.03081384897232,0.0,1.0382231650874019
2021-07-31 22:00:00,3.562202076117198,0.0,1.0330578777939081
2021-07-31 23:00:00,3.2675313393274945,0.0,1.0278925905004144
2021-08-01 00:00:00,3.18738181591034,0.0,1.0227273032069206
2021-08-01 01:00:00,3.161565144856771,0.0,1.0194989945739508
2021-08-01 02:00:00,2.908934577306112,0.0,1.016270685940981
2021-08-01 03:00:00,2.9851908644040437,0.0,1.013042377308011
2021-08-01 04:00:00,2.57384256919225,0.0,1.0098140686750412
2021-08-01 05:00:00,2.2934392174084985,16.735,1.0065857600420713
2021-08-01 06:00:00,4.168580490350722,41.662,1.0033574514091015
2021-08-01 07:00:00,7.2307903726895635,59.093,1.0001291427761316
2021-08-01 08:00:00,8.821819190184277,69.653,0.9969008341431617
2021-08-01 09:00:00,12.30572137037913,75.611,0.9936725255101919
2021-08-01 10:00:00,11.977916701634724,76.383,0.9904442168772222
2021-08-01 11:00:00,10.64041230678558,72.161,0.9872159082442521
2021-08-01 12:00:00,8.623998971780143,62.023,0.9839875996112823
2021-08-01 13:00:00,5.634152932961781,46.504,0.9807592909783126
2021-08-01 14:00:00,4.225670945644379,24.132,0.9775309823453425
2021-08-01 15:00:00,7.3000801563262945,0.821,0.9743026737123728
2021-08-01 16:00:00,11.136099247137704,0.0,0.971074365079403
2021-08-01 17:00:00,12.382901056607563,0.0,0.967846056446433
2021-08-01 18:00:00,9.360548003514603,0.0,0.9646177478134632
2021-08-01 19:00:00,11.565670831998188,0.0,0.9613894391804935
2021-08-01 20:00:00,7.466193238894146,0.0,0.9581611305475234
2021-08-01 21:00:00,4.177408166726432,0.0,0.9549328219145536
2021-08-01 22:00:00,2.5614448189735417,0.0,0.9517045132815839
2021-08-01 23:00:00,2.5813474059104915,0.0,0.9484762046486138
2021-08-02 00:00:00,1.800952273607254,0.0,0.9452478960156441
2021-08-02 01:00:00,1.5324155330657958,0.0,0.9423424233682455
2021-08-02 02:00:00,1.5061417142550146,0.0,0.9394369507208465
2021-08-02 03:00:00,1.44660699168841,0.0,0.9365314780734479
2021-08-02 04:00:00,5.359069015582405,0.0,0.9336260054260492
2021-08-02 05:00:00,4.569267773628236,16.009,0.9307205327786505
2021-08-02 06:00:00,5.191727113723755,39.938,0.9278150601312518
2021-08-02 07:00:00,5.6758212248484305,58.118,0.9249095874838531
2021-08-02 08:00:00,6.989437051614127,69.214,0.9220041148364544
2021-08-02 09:00:00,7.35642300049464,74.292,0.9190986421890557
2021-08-02 10:00:00,4.996087578932444,75.121,0.916193169541657
2021-08-02 11:00:00,5.453786261876425,70.773,0.9132876968942583
2021-08-02 12:00:00,6.6453506588935864,60.702,0.9103822242468596
2021-08-02 13:00:00,3.5769503096739452,44.944,0.9074767515994608
2021-08-02 14:00:00,6.92380448381106,22.422,0.9045712789520621
2021-08-02 15:00:00,5.750939677158992,0.704,0.9016658063046634
2021-08-02 16:00:00,9.49532642364502,0.0,0.8987603336572647
2021-08-02 17:00:00,10.07736834685008,0.0,0.895854861009866
2021-08-02 18:00:00,14.832770307858777,0.0,0.8929493883624673
2021-08-02 19:00:00,9.05609574317932,0.0,0.8900439157150686
2021-08-02 20:00:00,6.981354514757793,0.0,0.8871384430676699
2021-08-02 21:00:00,6.3312448859214765,0.0,0.8842329704202712
2021-08-02 22:00:00,4.881873047351836,0.0,0.8813274977728724
2021-08-02 23:00:00,2.620588541030884,0.0,0.8784220251254737
2021-08-03 00:00:00,2.8735178470611573,0.0,0.875516552478075
2021-08-03 01:00:00,2.698235603173574,0.0,0.87325673783198
2021-08-03 02:00:00,2.7467721939086913,0.0,0.870996923185885
2021-08-03 03:00:00,2.6892884532610575,0.0,0.8687371085397899
2021-08-03 04:00:00,5.61550902525584,0.0,0.8664772938936949
2021-08-03 05:00:00,12.046866941452029,13.05,0.8642174792475998
2021-08-03 06:00:00,10.82096606095632,37.533,0.8619576646015048
2021-08-03 07:00:00,6.653761545817056,56.07,0.8596978499554098
2021-08-03 08:00:00,10.30142407417298,67.363,0.8574380353093147
2021-08-03 09:00:00,5.45093930562337,73.277,0.8551782206632197
2021-08-03 10:00:00,5.0232105592886604,74.233,0.8529184060171247
2021-08-03 11:00:00,7.167068747679392,69.963,0.8506585913710296
2021-08-03 12:00:00,7.167183933655422,59.645,0.8483987767249346
2021-08-03 13:00:00,4.595947885513306,43.729,0.8461389620788395
2021-08-03 14:00:00,5.225194829702377,21.141,0.8438791474327445
2021-08-03 15:00:00,6.308777725696563,0.667,0.8416193327866495
2021-08-03 16:00:00,10.210642655690515,0.0,0.8393595181405544
2021-08-03 17:00:00,14.12524290879568,0.0,0.8370997034944594
2021-08-03 18:00:00,13.336854648590087,0.0,0.8348398888483644
2021-08-03 19:00:00,13.87842362721761,0.0,0.8325800742022693
2021-08-03 20:00:00,10.365159225463865,0.0,0.8303202595561743
2021-08-03 21:00:00,6.427459716796874,0.0,0.8280604449100792
2021-08-03 22:00:00,2.978145384788513,0.0,0.8258006302639842
2021-08-03 23:00:00,2.692135250568391,0.0,0.8235408156178892
2021-08-04 00:00:00,2.4270744283994037,0.0,0.8212810009717941
2021-08-04 01:00:00,2.4375594814618435,0.0,0.8186983549967408
2021-08-04 02:00:00,2.713644842306773,0.0,0.8161157090216875
2021-08-04 03:00:00,2.631311496098836,0.0,0.8135330630466342
2021-08-04 04:00:00,5.2470313231150305,0.0,0.8109504170715809
2021-08-04 05:00:00,6.084823739528657,15.476,0.8083677710965276
2021-08-04 06:00:00,6.822583651542663,40.173,0.8057851251214743
2021-08-04 07:00:00,7.661747022469834,58.455,0.803202479146421
2021-08-04 08:00:00,8.692560315132143,69.353,0.8006198331713676
2021-08-04 09:00:00,4.784583661953605,73.183,0.7980371871963143
2021-08-04 10:00:00,3.0504496216773984,73.861,0.795454541221261
2021-08-04 11:00:00,3.780902793010075,69.371,0.7928718952462077
2021-08-04 12:00:00,5.183304913838706,59.061,0.7902892492711544
2021-08-04 13:00:00,6.448392645517985,42.946,0.7877066032961011
2021-08-04 14:00:00,6.483627390861513,20.768,0.7851239573210478
2021-08-04 15:00:00,4.641569542884826,0.727,0.7825413113459945
2021-08-04 16:00:00,6.283255948623022,0.0,0.7799586653709412
2021-08-04 17:00:00,9.867613116900126,0.0,0.7773760193958879
2021-08-04 18:00:00,13.326712497075397,0.0,0.7747933734208345
2021-08-04 19:00:00,10.011093227068583,0.0,0.7722107274457812
2021-08-04 20:00:00,9.346988399823507,0.0,0.7696280814707279
2021-08-04 21:00:00,6.878701575597128,0.0,0.7670454354956746
2021-08-04 22:00:00,3.618002780278524,0.0,0.7644627895206213
2021-08-04 23:00:00,3.1166968464851377,0.0,0.761880143545568
2021-08-05 00:00:00,3.0345626711845393,0.0,0.7592974975705147
2021-08-05 01:00:00,3.0217118819554645,0.0,0.7586518372409046
2021-08-05 02:00:00,2.989388418197632,0.0,0.7580061769112945
2021-08-05 03:00:00,2.870230309168498,0.0,0.7573605165816844
2021-08-05 04:00:00,4.0780137141545625,0.0,0.7567148562520742
2021-08-05 05:00:00,6.977913649876912,14.987,0.7560691959224641
2021-08-05 06:00:00,9.40470112959544,38.679,0.755423535592854
2021-08-05 07:00:00,5.798206166426339,56.864,0.7547778752632439
2021-08-05 08:00:00,4.232477792104086,67.922,0.7541322149336338
2021-08-05 09:00:00,5.699231594800948,73.294,0.7534865546040237
2021-08-05 10:00:00,5.776026737689972,74.01,0.7528408942744136
2021-08-05 11:00:00,8.606135133902232,69.439,0.7521952339448035
2021-08-05 12:00:00,5.07259713013967,59.981,0.7515495736151934
2021-08-05 13:00:00,5.016339431206386,44.931,0.7509039132855833
2021-08-05 14:00:00,7.922212958335878,23.279,0.7502582529559731
2021-08-05 15:00:00,5.290383418401082,1.044,0.749612592626363
2021-08-05 16:00:00,7.938609015941617,0.0,0.7489669322967529
2021-08-05 17:00:00,9.611987721920014,0.0,0.7483212719671428
2021-08-05 18:00:00,15.481396126747136,0.0,0.7476756116375327
2021-08-05 19:00:00,14.762308359146122,0.0,0.7470299513079226
2021-08-05 20:00:00,11.869602211316424,0.0,0.7463842909783125
2021-08-05 21:00:00,6.904623913764954,0.0,0.7457386306487024
2021-08-05 22:00:00,3.940072619915008,0.0,0.7450929703190923
2021-08-05 23:00:00,3.063918125629425,0.0,0.7444473099894822
2021-08-06 00:00:00,2.6704495469729106,0.0,0.743801649659872
2021-08-06 01:00:00,2.5866711537043257,0.0,0.7454158016480505
2021-08-06 02:00:00,2.617603623867035,0.0,0.747029953636229
2021-08-06 03:00:00,2.961380342642466,0.0,0.7486441056244075
2021-08-06 04:00:00,4.174711934725444,0.0,0.750258257612586
2021-08-06 05:00:00,6.1739710966746015,14.148,0.7518724096007645
2021-08-06 06:00:00,9.735627067089078,40.203,0.753486561588943
2021-08-06 07:00:00,6.042274339993796,57.827,0.7551007135771215
2021-08-06 08:00:00,11.511662387847904,68.368,0.7567148655653
2021-08-06 09:00:00,7.113400093714398,73.952,0.7583290175534785
2021-08-06 10:00:00,6.266602778434754,74.852,0.759943169541657
2021-08-06 11:00:00,4.797070332368214,70.637,0.7615573215298355
2021-08-06 12:00:00,4.682457160949707,60.384,0.763171473518014
2021-08-06 13:00:00,5.696098935604096,42.937,0.7647856255061924
2021-08-06 14:00:00,6.06455982128779,19.535,0.7663997774943709
2021-08-06 15:00:00,7.1489727139472965,0.871,0.7680139294825494
2021-08-06 16:00:00,6.928048237164814,0.0,0.7696280814707279
2021-08-06 17:00:00,7.740401351451875,0.0,0.7712422334589064
2021-08-06 18:00:00,12.703985476493834,0.0,0.7728563854470849
2021-08-06 19:00:00,8.769538577397665,0.0,0.7744705374352634
2021-08-06 20:00:00,8.953267264366145,0.0,0.7760846894234419
2021-08-06 21:00:00,7.726688222090403,0.0,0.7776988414116204
2021-08-06 22:00:00,3.9080033183097833,0.0,0.7793129933997989
2021-08-06 23:00:00,2.8465231021245327,0.0,0.7809271453879774
2021-08-07 00:00:00,2.4639352917671205,0.0,0.7825412973761559
2021-08-07 01:00:00,2.372695430119832,0.0,0.7831869600340724
2021-08-07 02:00:00,2.512100418408712,0.0,0.783832622691989
2021-08-07 03:00:00,2.3450183629989616,0.0,0.7844782853499055
2021-08-07 04:00:00,2.3146920561790467,0.0,0.785123948007822
2021-08-07 05:00:00,2.3040141344070437,4.163,0.7857696106657386
2021-08-07 06:00:00,4.5361938834190365,21.534,0.7864152733236551
2021-08-07 07:00:00,7.852891107400262,43.369,0.7870609359815717
2021-08-07 08:00:00,8.893537966410317,54.866,0.7877065986394882
2021-08-07 09:00:00,11.92778174082438,61.555,0.7883522612974048
2021-08-07 10:00:00,9.9986420472463,66.596,0.7889979239553213
2021-08-07 11:00:00,11.15800895690918,60.112,0.7896435866132379
2021-08-07 12:00:00,11.844820610682175,48.087,0.7902892492711544
2021-08-07 13:00:00,9.551795681317646,28.036,0.790934911929071
2021-08-07 14:00:00,8.897353041172032,10.908,0.7915805745869875
2021-08-07 15:00:00,8.224174944559733,0.359,0.792226237244904
2021-08-07 16:00:00,4.488809045155843,0.0,0.7928718999028206
2021-08-07 17:00:00,9.389337102572124,0.0,0.7935175625607371
2021-08-07 18:00:00,12.508835347493491,0.0,0.7941632252186537
2021-08-07 19:00:00,12.296418786048886,0.0,0.7948088878765702
2021-08-07 20:00:00,6.754953265190124,0.0,0.7954545505344868
2021-08-07 21:00:00,7.679434347152711,0.0,0.7961002131924033
2021-08-07 22:00:00,5.8938364028930685,0.0,0.7967458758503199
2021-08-07 23:00:00,4.855479252338409,0.0,0.7973915385082364
2021-08-08 00:00:00,3.35666735569636,0.0,0.798037201166153
2021-08-08 01:00:00,2.9905392368634542,0.0,0.7996513531543314
2021-08-08 02:00:00,2.6511322816212965,0.0,0.8012655051425099
2021-08-08 03:00:00,2.5990271369616185,0.0,0.8028796571306884
2021-08-08 04:00:00,2.613082480430603,0.0,0.8044938091188669
2021-08-08 05:00:00,2.866147108872732,2.101,0.8061079611070454
2021-08-08 06:00:00,5.303123188018801,8.642,0.8077221130952239
2021-08-08 07:00:00,6.379694378376006,19.828,0.8093362650834024
2021-08-08 08:00:00,9.3312860528628,31.631,0.8109504170715809
2021-08-08 09:00:00,8.501832791169486,50.943,0.8125645690597594
2021-08-08 10:00:00,12.944343868891396,63.341,0.8141787210479379
2021-08-08 11:00:00,8.907143568992614,61.206,0.8157928730361164
2021-08-08 12:00:00,11.061891349156705,44.386,0.8174070250242949
2021-08-08 13:00:00,10.81583122412364,30.673,0.8190211770124733
2021-08-08 14:00:00,11.543712949752807,13.717,0.8206353290006518
2021-08-08 15:00:00,9.302597657839453,0.188,0.8222494809888303
2021-08-08 16:00:00,11.355979124704993,0.0,0.8238636329770088
2021-08-08 17:00:00,9.716566554705306,0.0,0.8254777849651873
2021-08-08 18:00:00,13.08362032572428,0.0,0.8270919369533658
2021-08-08 19:00:00,9.15934289296468,0.0,0.8287060889415443
2021-08-08 20:00:00,9.283158175150554,0.0,0.8303202409297228
2021-08-08 21:00:00,5.1860101620356245,0.0,0.8319343929179013
2021-08-08 22:00:00,3.6354922374089553,0.0,0.8335485449060798
2021-08-08 23:00:00,1.9719111859798424,0.0,0.8351626968942583
2021-08-09 00:00:00,1.6193661461273832,0.0,0.8367768488824368
2021-08-09 01:00:00,1.580840609471004,0.0,0.8383910031989217
2021-08-09 02:00:00,1.3736614326635994,0.0,0.8400051575154066
2021-08-09 03:00:00,1.5797306438287095,0.0,0.8416193118318915
2021-08-09 04:00:00,1.5717566251754758,0.0,0.8432334661483765
2021-08-09 05:00:00,1.4262357036272677,0.783,0.8448476204648614
2021-08-09 06:00:00,1.7000457823276518,3.875,0.8464617747813463
2021-08-09 07:00:00,4.9902650554974874,10.327,0.8480759290978312
2021-08-09 08:00:00,10.01111798286438,18.037,0.8496900834143162
2021-08-09 09:00:00,9.541503254572548,36.458,0.8513042377308011
2021-08-09 10:00:00,9.68092579444249,49.292,0.852918392047286
2021-08-09 11:00:00,8.606531409422558,53.982,0.854532546363771
2021-08-09 12:00:00,8.353400506575905,50.572,0.8561467006802559
2021-08-09 13:00:00,10.196479749679566,37.356,0.8577608549967408
2021-08-09 14:00:00,6.900182356437045,16.644,0.8593750093132257
2021-08-09 15:00:00,8.278939350446063,0.301,0.8609891636297107
2021-08-09 16:00:00,6.326438164711002,0.0,0.8626033179461956
2021-08-09 17:00:00,10.634721672534942,0.0,0.8642174722626805
2021-08-09 18:00:00,16.367259629567464,0.0,0.8658316265791655
2021-08-09 19:00:00,12.237202334403994,0.0,0.8674457808956504
2021-08-09 20:00:00,8.79069287776947,0.0,0.8690599352121353
2021-08-09 21:00:00,6.9970691601435355,0.0,0.8706740895286202
2021-08-09 22:00:00,3.902638844648997,0.0,0.8722882438451052
2021-08-09 23:00:00,2.6465635061264043,0.0,0.8739023981615901
2021-08-10 00:00:00,2.513619867960611,0.0,0.875516552478075
2021-08-10 01:00:00,2.3296930551528927,0.0,0.8780991961248219
2021-08-10 02:00:00,3.1424529135227206,0.0,0.8806818397715688
2021-08-10 03:00:00,2.783074510097504,0.0,0.8832644834183156
2021-08-10 04:00:00,2.6661145746707917,0.0,0.8858471270650625
2021-08-10 05:00:00,4.711563193798066,17.125,0.8884297707118094
2021-08-10 06:00:00,8.704341093699137,44.068,0.8910124143585563
2021-08-10 07:00:00,3.9256400386492407,64.427,0.8935950580053031
2021-08-10 08:00:00,7.027090885241825,76.251,0.89617770165205
2021-08-10 09:00:00,10.077759047349293,81.862,0.8987603452987969
2021-08-10 10:00:00,8.987008488178253,82.339,0.9013429889455438
2021-08-10 11:00:00,5.400683279832204,77.634,0.9039256325922906
2021-08-10 12:00:00,6.030725133419038,67.479,0.9065082762390375
2021-08-10 13:00:00,7.051959478855134,51.673,0.9090909198857844
2021-08-10 14:00:00,9.176748208204906,29.251,0.9116735635325313
2021-08-10 15:00:00,8.262690277894338,2.613,0.9142562071792781
2021-08-10 16:00:00,6.393152562777204,0.0,0.916838850826025
2021-08-10 17:00:00,8.646745574474332,0.0,0.9194214944727719
2021-08-10 18:00:00,12.331090704600014,0.0,0.9220041381195188
2021-08-10 19:00:00,11.07162454128266,0.0,0.9245867817662656
2021-08-10 20:00:00,7.844893789291384,0.0,0.9271694254130125
2021-08-10 21:00:00,5.932440054416657,0.0,0.9297520690597594
2021-08-10 22:00:00,2.514536996682485,0.0,0.9323347127065063
2021-08-10 23:00:00,2.5095202445983893,0.0,0.9349173563532531
2021-08-11 00:00:00,2.4605826099713637,0.0,0.9375
2021-08-11 01:00:00,2.437950972716014,0.0,0.9520273748785257
2021-08-11 02:00:00,2.6408361434936523,0.0,0.9665547497570515
2021-08-11 03:00:00,2.506585458914439,0.0,0.9810821246355772
2021-08-11 04:00:00,6.283968969186148,0.0,0.9956094995141029
2021-08-11 05:00:00,6.558595498402911,19.595,1.0101368743926287
2021-08-11 06:00:00,6.627028226852417,45.255,1.0246642492711544
2021-08-11 07:00:00,4.424165654182434,62.698,1.0391916241496801
2021-08-11 08:00:00,7.071111810207368,72.879,1.0537189990282059
2021-08-11 09:00:00,12.580941470464069,77.466,1.0682463739067316
2021-08-11 10:00:00,9.624267005920412,76.214,1.0827737487852573
2021-08-11 11:00:00,10.33738818566004,44.202,1.097301123663783
2021-08-11 12:00:00,6.059408287207286,12.088,1.1118284985423088
2021-08-11 13:00:00,8.497319404284159,17.101,1.1263558734208345
2021-08-11 14:00:00,6.7806184490521755,2.882,1.1408832482993603
2021-08-11 15:00:00,7.121850335597993,0.0,1.155410623177886
2021-08-11 16:00:00,7.205276922384899,0.0,1.1699379980564117
2021-08-11 17:00:00,8.846698005994162,0.0,1.1844653729349375
2021-08-11 18:00:00,12.130117265383412,0.0,1.1989927478134632
2021-08-11 19:00:00,10.718939081827797,0.0,1.213520122691989
2021-08-11 20:00:00,8.64267086982727,0.0,1.2280474975705147
2021-08-11 21:00:00,4.318283633391062,0.0,1.2425748724490404
2021-08-11 22:00:00,3.9507437626520794,0.0,1.2571022473275661
2021-08-11 23:00:00,2.2179929614067087,0.0,1.2716296222060919
2021-08-12 00:00:00,2.288759942849477,0.0,1.2861569970846176
2021-08-12 01:00:00,2.2531497319539393,0.0,1.2990702223032713
2021-08-12 02:00:00,2.200594317913055,0.0,1.311983447521925
2021-08-12 03:00:00,2.4563999493916833,0.0,1.3248966727405787
2021-08-12 04:00:00,4.801142847537994,0.0,1.3378098979592323
2021-08-12 05:00:00,5.605091214179993,1.165,1.350723123177886
2021-08-12 06:00:00,6.284600643316904,11.655,1.3636363483965397
2021-08-12 07:00:00,4.625058456261954,35.275,1.3765495736151934
2021-08-12 08:00:00,3.0406633973121644,70.451,1.389462798833847
2021-08-12 09:00:00,4.523875792821248,78.577,1.4023760240525007
2021-08-12 10:00:00,4.82821253935496,79.407,1.4152892492711544
2021-08-12 11:00:00,5.3702147165934235,74.974,1.428202474489808
2021-08-12 12:00:00,5.825290167331696,65.115,1.4411156997084618
2021-08-12 13:00:00,5.344113699595132,48.884,1.4540289249271154
2021-08-12 14:00:00,4.008774455388387,23.709,1.4669421501457691
2021-08-12 15:00:00,4.574774932861328,1.69,1.4798553753644228
2021-08-12 16:00:00,9.414937456448872,0.0,1.4927686005830765
2021-08-12 17:00:00,10.415506052970883,0.0,1.5056818258017302
2021-08-12 18:00:00,9.740449253718058,0.0,1.5185950510203838
2021-08-12 19:00:00,6.493185393015543,0.0,1.5315082762390375
2021-08-12 20:00:00,4.910501825809479,0.0,1.5444215014576912
2021-08-12 21:00:00,4.671200148264567,0.0,1.5573347266763449
2021-08-12 22:00:00,3.807974048455556,0.0,1.5702479518949986
2021-08-12 23:00:00,2.859000138441721,0.0,1.5831611771136522
2021-08-13 00:00:00,2.6675445040067047,0.0,1.596074402332306
2021-08-13 01:00:00,2.6079156438509625,0.0,1.5970428939908743
2021-08-13 02:00:00,2.595564679304759,0.0,1.5980113856494427
2021-08-13 03:00:00,2.500827491283417,0.0,1.598979877308011
2021-08-13 04:00:00,2.416097819805145,0.0,1.5999483689665794
2021-08-13 05:00:00,3.1660014073053993,15.095,1.6009168606251478
2021-08-13 06:00:00,5.266217986742655,35.925,1.6018853522837162
2021-08-13 07:00:00,3.2594798564910894,42.613,1.6028538439422846
2021-08-13 08:00:00,6.8546491980552675,35.865,1.603822335600853
2021-08-13 09:00:00,7.967592171827951,37.272,1.6047908272594213
2021-08-13 10:00:00,4.35362035036087,46.064,1.6057593189179897
2021-08-13 11:00:00,4.947177131970722,69.509,1.6067278105765581
2021-08-13 12:00:00,4.148547232151032,64.52,1.6076963022351265
2021-08-13 13:00:00,5.391708707809447,48.499,1.6086647938936949
2021-08-13 14:00:00,4.916842369238536,24.949,1.6096332855522633
2021-08-13 15:00:00,5.872306434313458,1.279,1.6106017772108316
2021-08-13 16:00:00,6.879130951563519,0.0,1.6115702688694
2021-08-13 17:00:00,3.7864915351072934,0.0,1.6125387605279684
2021-08-13 18:00:00,7.800198241074883,0.0,1.6135072521865368
2021-08-13 19:00:00,6.851217055320739,0.0,1.6144757438451052
2021-08-13 20:00:00,5.10917071501414,0.0,1.6154442355036736
2021-08-13 21:00:00,3.856737913688024,0.0,1.616412727162242
2021-08-13 22:00:00,1.8373034914334616,0.0,1.6173812188208103
2021-08-13 23:00:00,1.1862068136533102,0.0,1.6183497104793787
2021-08-14 00:00:00,1.1415707508722943,0.0,1.619318202137947
2021-08-14 01:00:00,1.099971982836724,0.0,1.6202866937965155
2021-08-14 02:00:00,0.9144099285205208,0.0,1.6212551854550838
2021-08-14 03:00:00,2.4644560595353444,0.0,1.6222236771136522
2021-08-14 04:00:00,1.6563943564891828,0.0,1.6231921687722206
2021-08-14 05:00:00,1.314653484026592,13.283,1.624160660430789
2021-08-14 06:00:00,1.8996801296869912,43.579,1.6251291520893574
2021-08-14 07:00:00,3.379238013426462,62.338,1.6260976437479258
2021-08-14 08:00:00,3.8215107182661674,68.861,1.6270661354064941
2021-08-14 09:00:00,5.846787097056706,73.377,1.6280346270650625
2021-08-14 10:00:00,5.741210273901623,73.623,1.629003118723631
2021-08-14 11:00:00,5.002631596724191,68.143,1.6299716103821993
2021-08-14 12:00:00,6.269448896249134,58.272,1.6309401020407677
2021-08-14 13:00:00,4.2954206804434465,44.276,1.631908593699336
2021-08-14 14:00:00,4.720543281237285,20.935,1.6328770853579044
2021-08-14 15:00:00,5.3173095007737485,1.177,1.6338455770164728
2021-08-14 16:00:00,7.374179323514301,0.0,1.6348140686750412
2021-08-14 17:00:00,9.152556530634564,0.0,1.6357825603336096
2021-08-14 18:00:00,9.883995238939915,0.0,1.636751051992178
2021-08-14 19:00:00,8.323756853739416,0.0,1.6377195436507463
2021-08-14 20:00:00,6.503079803784687,0.0,1.6386880353093147
2021-08-14 21:00:00,4.1148266077041615,0.0,1.639656526967883
2021-08-14 22:00:00,3.701462916533152,0.0,1.6406250186264515
2021-08-14 23:00:00,3.977112845579783,0.0,1.6415935102850199
2021-08-15 00:00:00,3.2105164051055906,0.0,1.6425620019435883
2021-08-15 01:00:00,2.7795163909594227,0.0,1.6419163392856717
2021-08-15 02:00:00,2.8144613504409786,0.0,1.6412706766277552
2021-08-15 03:00:00,2.554280126094818,0.0,1.6406250139698386
2021-08-15 04:00:00,2.4128452201684323,0.0,1.639979351311922
2021-08-15 05:00:00,2.1601139664649964,19.872,1.6393336886540055
2021-08-15 06:00:00,2.905020638306936,45.151,1.638688025996089
2021-08-15 07:00:00,5.597465352217356,62.885,1.6380423633381724
2021-08-15 08:00:00,8.207206145922346,74.275,1.637396700680256
2021-08-15 09:00:00,5.757064680258433,80.392,1.6367510380223393
2021-08-15 10:00:00,10.554422112305955,80.354,1.6361053753644228
2021-08-15 11:00:00,10.21298942565918,74.021,1.6354597127065063
2021-08-15 12:00:00,9.710697277386986,56.968,1.6348140500485897
2021-08-15 13:00:00,5.816784421602885,31.283,1.6341683873906732
2021-08-15 14:00:00,8.544577427705125,8.197,1.6335227247327566
2021-08-15 15:00:00,9.301125399271646,0.137,1.63287706207484
2021-08-15 16:00:00,4.7372852842013025,0.0,1.6322313994169235
2021-08-15 17:00:00,4.537783249219259,0.0,1.631585736759007
2021-08-15 18:00:00,15.459191775321964,0.0,1.6309400741010904
2021-08-15 19:00:00,12.132020680109656,0.0,1.6302944114431739
2021-08-15 20:00:00,9.25777791341146,0.0,1.6296487487852573
2021-08-15 21:00:00,9.196261366208397,0.0,1.6290030861273408
2021-08-15 22:00:00,5.47518709897995,0.0,1.6283574234694242
2021-08-15 23:00:00,3.1646337270736704,0.0,1.6277117608115077
2021-08-16 00:00:00,3.013562393188477,0.0,1.6270660981535912
2021-08-16 01:00:00,2.96906643708547,0.0,1.6222236398607492
2021-08-16 02:00:00,3.098945256074269,0.0,1.6173811815679073
2021-08-16 03:00:00,3.0211667537689215,0.0,1.6125387232750654
2021-08-16 04:00:00,5.637688795725507,0.0,1.6076962649822235
2021-08-16 05:00:00,6.799419605731965,5.992,1.6028538066893816
2021-08-16 06:00:00,9.829751880963643,32.921,1.5980113483965397
2021-08-16 07:00:00,8.57808079322179,61.685,1.5931688901036978
2021-08-16 08:00:00,6.698368100325267,74.135,1.5883264318108559
2021-08-16 09:00:00,4.767621290683746,79.747,1.583483973518014
2021-08-16 10:00:00,7.942166880766552,80.244,1.578641515225172
2021-08-16 11:00:00,7.153705422083535,75.698,1.5737990569323301
2021-08-16 12:00:00,6.141334899266562,65.717,1.5689565986394882
2021-08-16 13:00:00,10.435026772816975,50.034,1.5641141403466463
2021-08-16 14:00:00,9.304873152573906,28.271,1.5592716820538044
2021-08-16 15:00:00,9.141571092605592,3.326,1.5544292237609625
2021-08-16 16:00:00,9.426146491368607,0.0,1.5495867654681206
2021-08-16 17:00:00,8.227977482477822,0.0,1.5447443071752787
2021-08-16 18:00:00,15.7233279466629,0.0,1.5399018488824368
2021-08-16 19:00:00,14.621665875116983,0.0,1.5350593905895948
2021-08-16 20:00:00,12.46011997063955,0.0,1.530216932296753
2021-08-16 21:00:00,6.535821747779849,0.0,1.525374474003911
2021-08-16 22:00:00,3.9673471053441367,0.0,1.520532015711069
2021-08-16 23:00:00,3.2072649161020914,0.0,1.5156895574182272
2021-08-17 00:00:00,2.984132981300354,0.0,1.5108470991253853
2021-08-17 01:00:00,2.854526054859162,0.0,1.5079416241496801
2021-08-17 02:00:00,2.940194014708202,0.0,1.505036149173975
2021-08-17 03:00:00,3.0141071279843645,0.0,1.5021306741982698
2021-08-17 04:00:00,5.5906853437423685,0.0,1.4992251992225647
2021-08-17 05:00:00,7.00520836909612,16.899,1.4963197242468596
2021-08-17 06:00:00,10.414019568761184,34.654,1.4934142492711544
2021-08-17 07:00:00,5.851072764396668,56.812,1.4905087742954493
2021-08-17 08:00:00,7.171391785144806,66.564,1.487603299319744
2021-08-17 09:00:00,6.910823257764182,74.223,1.484697824344039
2021-08-17 10:00:00,4.96198003689448,76.219,1.4817923493683338
2021-08-17 11:00:00,8.69200181166331,70.705,1.4788868743926287
2021-08-17 12:00:00,5.3768779873847965,60.229,1.4759813994169235
2021-08-17 13:00:00,7.08494413693746,29.299,1.4730759244412184
2021-08-17 14:00:00,12.508010280132297,6.591,1.4701704494655132
2021-08-17 15:00:00,8.43063162565231,0.532,1.467264974489808
2021-08-17 16:00:00,7.7167550762494415,0.0,1.464359499514103
2021-08-17 17:00:00,10.482759543259943,0.0,1.4614540245383978
2021-08-17 18:00:00,17.287821022669483,0.0,1.4585485495626926
2021-08-17 19:00:00,12.100066693623855,0.0,1.4556430745869875
2021-08-17 20:00:00,9.00672459602356,0.0,1.4527375996112823
2021-08-17 21:00:00,6.29573034842809,0.0,1.4498321246355772
2021-08-17 22:00:00,2.2844405392805736,0.0,1.446926649659872
2021-08-17 23:00:00,2.076172137260438,0.0,1.444021174684167
2021-08-18 00:00:00,2.140615789095561,0.0,1.4411156997084618
2021-08-18 01:00:00,1.7681542376677186,0.0,1.4378873957321048
2021-08-18 02:00:00,1.6206662197907762,0.0,1.4346590917557478
2021-08-18 03:00:00,1.6861902018388109,0.0,1.4314307877793908
2021-08-18 04:00:00,3.2135172247886654,0.0,1.4282024838030338
2021-08-18 05:00:00,6.090808169047039,13.782,1.4249741798266768
2021-08-18 06:00:00,7.846692478656768,32.143,1.4217458758503199
2021-08-18 07:00:00,5.246648641427358,49.202,1.4185175718739629
2021-08-18 08:00:00,5.868509884675344,67.972,1.415289267897606
2021-08-18 09:00:00,6.283932741483051,73.731,1.412060963921249
2021-08-18 10:00:00,7.342939146359762,75.734,1.408832659944892
2021-08-18 11:00:00,4.626877117156982,73.912,1.405604355968535
2021-08-18 12:00:00,3.944296892484029,64.99,1.402376051992178
2021-08-18 13:00:00,6.28229044477145,51.081,1.399147748015821
2021-08-18 14:00:00,7.15269316037496,29.325,1.395919444039464
2021-08-18 15:00:00,5.17298381725947,3.562,1.392691140063107
2021-08-18 16:00:00,4.581704894701638,0.0,1.38946283608675
2021-08-18 17:00:00,6.176679348945616,0.0,1.386234532110393
2021-08-18 18:00:00,14.114271306991576,0.0,1.383006228134036
2021-08-18 19:00:00,16.58748826980591,0.0,1.379777924157679
2021-08-18 20:00:00,10.698953596750895,0.0,1.376549620181322
2021-08-18 21:00:00,6.430626165866853,0.0,1.3733213162049651
2021-08-18 22:00:00,3.355310142040252,0.0,1.3700930122286081
2021-08-18 23:00:00,2.662679704030355,0.0,1.3668647082522511
2021-08-19 00:00:00,2.3887658238410947,0.0,1.3636364042758942
2021-08-19 01:00:00,2.113395456473033,0.0,1.3613765873014927
2021-08-19 02:00:00,2.232589900493622,0.0,1.3591167703270912
2021-08-19 03:00:00,2.3831766724586485,0.0,1.3568569533526897
2021-08-19 04:00:00,5.90963779687881,0.0,1.3545971363782883
2021-08-19 05:00:00,6.7398893237113935,6.847,1.3523373194038868
2021-08-19 06:00:00,9.728012681007383,27.211,1.3500775024294853
2021-08-19 07:00:00,6.932105255126958,52.913,1.3478176854550838
2021-08-19 08:00:00,6.188933964570363,68.614,1.3455578684806824
2021-08-19 09:00:00,8.000457564989725,79.947,1.343298051506281
2021-08-19 10:00:00,6.305900208155311,82.575,1.3410382345318794
2021-08-19 11:00:00,6.4382937192916865,78.193,1.338778417557478
2021-08-19 12:00:00,3.965957510471344,68.139,1.3365186005830765
2021-08-19 13:00:00,4.132037572065989,52.535,1.334258783608675
2021-08-19 14:00:00,5.006936458746593,30.568,1.3319989666342735
2021-08-19 15:00:00,6.497257832686106,4.363,1.329739149659872
2021-08-19 16:00:00,3.792316615581512,0.0,1.3274793326854706
2021-08-19 17:00:00,5.979907806714378,0.0,1.325219515711069
2021-08-19 18:00:00,13.31622239748637,0.0,1.3229596987366676
2021-08-19 19:00:00,13.72562131881714,0.0,1.3206998817622662
2021-08-19 20:00:00,9.835278399785365,0.0,1.3184400647878647
2021-08-19 21:00:00,6.66745035648346,0.0,1.3161802478134632
2021-08-19 22:00:00,3.729058225949605,0.0,1.3139204308390617
2021-08-19 23:00:00,2.734692784150441,0.0,1.3116606138646603
2021-08-20 00:00:00,2.931135324637095,0.0,1.3094007968902588
2021-08-20 01:00:00,2.776872106393178,0.0,1.3077866472303867
2021-08-20 02:00:00,2.7232892592747997,0.0,1.3061724975705147
2021-08-20 03:00:00,2.859174815813701,0.0,1.3045583479106426
2021-08-20 04:00:00,3.517590316136678,0.0,1.3029441982507706
2021-08-20 05:00:00,4.013391069571177,22.261,1.3013300485908985
2021-08-20 06:00:00,3.5755080739657084,47.021,1.2997158989310265
2021-08-20 07:00:00,5.408561835686365,64.352,1.2981017492711544
2021-08-20 08:00:00,10.969193077087398,74.885,1.2964875996112823
2021-08-20 09:00:00,11.72076875368754,80.281,1.2948734499514103
2021-08-20 10:00:00,8.489781014124553,80.514,1.2932593002915382
2021-08-20 11:00:00,4.208130153020224,76.117,1.2916451506316662
2021-08-20 12:00:00,3.925147289037704,66.06,1.2900310009717941
2021-08-20 13:00:00,5.51435907681783,48.687,1.288416851311922
2021-08-20 14:00:00,4.553139537572861,22.456,1.28680270165205
2021-08-20 15:00:00,6.538628351688386,2.447,1.285188551992178
2021-08-20 16:00:00,6.401834042867025,0.0,1.283574402332306
2021-08-20 17:00:00,6.30996631582578,0.0,1.2819602526724339
2021-08-20 18:00:00,12.144950000445048,0.0,1.2803461030125618
2021-08-20 19:00:00,8.73603432973226,0.0,1.2787319533526897
2021-08-20 20:00:00,5.6219902912775686,0.0,1.2771178036928177
2021-08-20 21:00:00,4.3280345678329475,0.0,1.2755036540329456
2021-08-20 22:00:00,4.750525534152985,0.0,1.2738895043730736
2021-08-20 23:00:00,2.8539819200833634,0.0,1.2722753547132015
2021-08-21 00:00:00,2.379459448655447,0.0,1.2706612050533295
2021-08-21 01:00:00,2.256985632578533,0.0,1.2687242217361927
2021-08-21 02:00:00,2.360923743247986,0.0,1.266787238419056
2021-08-21 03:00:00,2.175819599628449,0.0,1.2648502551019192
2021-08-21 04:00:00,2.1256222824255624,0.0,1.2629132717847824
2021-08-21 05:00:00,2.5212113459904995,7.334,1.2609762884676456
2021-08-21 06:00:00,5.218225514888766,25.294,1.2590393051505089
2021-08-21 07:00:00,6.5835006336371125,46.594,1.2571023218333721
2021-08-21 08:00:00,9.430705372492472,64.346,1.2551653385162354
2021-08-21 09:00:00,9.545880722999572,74.151,1.2532283551990986
2021-08-21 10:00:00,12.045302555958424,76.56,1.2512913718819618
2021-08-21 11:00:00,6.535706400871277,73.355,1.249354388564825
2021-08-21 12:00:00,5.221268274386725,65.076,1.2474174052476883
2021-08-21 13:00:00,6.2261121352513635,50.496,1.2454804219305515
2021-08-21 14:00:00,5.271253518263498,29.141,1.2435434386134148
2021-08-21 15:00:00,2.916398753722509,4.016,1.241606455296278
2021-08-21 16:00:00,4.790952720244728,0.0,1.2396694719791412
2021-08-21 17:00:00,7.024032990137736,0.0,1.2377324886620045
2021-08-21 18:00:00,11.622945368289944,0.0,1.2357955053448677
2021-08-21 19:00:00,9.880601588884986,0.0,1.233858522027731
2021-08-21 20:00:00,9.313130132357278,0.0,1.2319215387105942
2021-08-21 21:00:00,11.189792037010193,0.0,1.2299845553934574
2021-08-21 22:00:00,3.296487508217494,0.0,1.2280475720763206
2021-08-21 23:00:00,1.631543521086375,0.0,1.2261105887591839
2021-08-22 00:00:00,1.8914396166801453,0.0,1.2241736054420471
2021-08-22 01:00:00,1.4870385865370428,0.0,1.222882280126214
2021-08-22 02:00:00,1.6126104831695554,0.0,1.221590954810381
2021-08-22 03:00:00,1.3593524038791651,0.0,1.2202996294945478
2021-08-22 04:00:00,1.3344198962052665,0.0,1.2190083041787148
2021-08-22 05:00:00,1.5994436264038083,8.969,1.2177169788628817
2021-08-22 06:00:00,3.671989458799364,30.885,1.2164256535470486
2021-08-22 07:00:00,8.168952270348866,59.567,1.2151343282312155
2021-08-22 08:00:00,10.113928782939912,75.255,1.2138430029153824
2021-08-22 09:00:00,9.504510641098022,82.644,1.2125516775995493
2021-08-22 10:00:00,9.10763243039449,84.257,1.2112603522837162
2021-08-22 11:00:00,10.074883794784544,79.961,1.209969026967883
2021-08-22 12:00:00,4.882307247320811,69.989,1.20867770165205
2021-08-22 13:00:00,4.974882233142852,54.288,1.207386376336217
2021-08-22 14:00:00,8.480438915888469,32.28,1.2060950510203838
2021-08-22 15:00:00,3.636017100016277,5.612,1.2048037257045507
2021-08-22 16:00:00,4.065832982460657,0.0,1.2035124003887177
2021-08-22 17:00:00,7.620589379469553,0.0,1.2022210750728846
2021-08-22 18:00:00,9.421963381767274,0.0,1.2009297497570515
2021-08-22 19:00:00,9.56169662475586,0.0,1.1996384244412184
2021-08-22 20:00:00,7.593624361356098,0.0,1.1983470991253853
2021-08-22 21:00:00,6.341053946812948,0.0,1.1970557738095522
2021-08-22 22:00:00,3.1909699002901712,0.0,1.195764448493719
2021-08-22 23:00:00,2.1013651986916866,0.0,1.194473123177886
2021-08-23 00:00:00,1.953935400644938,0.0,1.193181797862053
2021-08-23 01:00:00,1.4297659814357755,0.0,1.191567643545568
2021-08-23 02:00:00,1.7175129016240436,0.0,1.189953489229083
2021-08-23 03:00:00,1.8793760617574051,0.0,1.1883393349125981
2021-08-23 04:00:00,5.238186256090801,0.039,1.1867251805961132
2021-08-23 05:00:00,6.668674504756924,23.634,1.1851110262796283
2021-08-23 06:00:00,8.612089383602143,48.49,1.1834968719631433
2021-08-23 07:00:00,6.039419422547026,66.07,1.1818827176466584
2021-08-23 08:00:00,5.500262262423833,77.138,1.1802685633301735
2021-08-23 09:00:00,6.463334184885026,82.518,1.1786544090136886
2021-08-23 10:00:00,6.227726290623348,83.121,1.1770402546972036
2021-08-23 11:00:00,7.319195948044459,78.752,1.1754261003807187
2021-08-23 12:00:00,4.947216325998307,69.195,1.1738119460642338
2021-08-23 13:00:00,4.196284953753155,53.994,1.1721977917477489
2021-08-23 14:00:00,3.0234243492285406,32.653,1.170583637431264
2021-08-23 15:00:00,3.4202081084251414,6.077,1.168969483114779
2021-08-23 16:00:00,5.5721670349439,0.0,1.167355328798294
2021-08-23 17:00:00,6.3804357051849365,0.0,1.1657411744818091
2021-08-23 18:00:00,12.641052150726315,0.0,1.1641270201653242
2021-08-23 19:00:00,12.651958433787028,0.0,1.1625128658488393
2021-08-23 20:00:00,8.23356993993123,0.0,1.1608987115323544
2021-08-23 21:00:00,4.7912927309672035,0.0,1.1592845572158694
2021-08-23 22:00:00,3.1976396401723233,0.0,1.1576704028993845
2021-08-23 23:00:00,2.1350086112817124,0.0,1.1560562485828996
2021-08-24 00:00:00,1.7869297782580058,0.0,1.1544420942664146
2021-08-24 01:00:00,1.8774801750977832,0.0,1.1531507736071944
2021-08-24 02:00:00,1.9134299874305711,0.0,1.1518594529479742
2021-08-24 03:00:00,1.997846593459447,0.0,1.150568132288754
2021-08-24 04:00:00,3.193756347894668,0.055,1.1492768116295338
2021-08-24 05:00:00,5.1517908851305645,22.762,1.1479854909703135
2021-08-24 06:00:00,7.156932795047763,47.471,1.1466941703110933
2021-08-24 07:00:00,4.718689876794816,65.545,1.1454028496518731
2021-08-24 08:00:00,10.92515908877055,77.04,1.144111528992653
2021-08-24 09:00:00,8.423635272185006,82.587,1.1428202083334327
2021-08-24 10:00:00,9.119215913613637,82.952,1.1415288876742125
2021-08-24 11:00:00,7.808487749099734,78.398,1.1402375670149922
2021-08-24 12:00:00,6.811062395572663,68.631,1.138946246355772
2021-08-24 13:00:00,4.570673489570618,53.227,1.1376549256965518
2021-08-24 14:00:00,4.249131774902343,31.519,1.1363636050373316
2021-08-24 15:00:00,9.604051713148754,5.619,1.1350722843781114
2021-08-24 16:00:00,6.4023829817771905,0.0,1.1337809637188911
2021-08-24 17:00:00,7.00701430241267,0.0,1.132489643059671
2021-08-24 18:00:00,7.886698563893635,0.0,1.1311983224004507
2021-08-24 19:00:00,9.556867909431451,0.0,1.1299070017412305
2021-08-24 20:00:00,6.958066754421948,0.0,1.1286156810820103
2021-08-24 21:00:00,5.033498493830363,0.0,1.12732436042279
2021-08-24 22:00:00,3.249626219272613,0.0,1.1260330397635698
2021-08-24 23:00:00,2.828118209044139,0.0,1.1247417191043496
2021-08-25 00:00:00,2.766215427716573,0.0,1.1234503984451294
2021-08-25 01:00:00,2.5855507612228403,0.0,1.1205449234694242
2021-08-25 02:00:00,2.4341913898785914,0.0,1.117639448493719
2021-08-25 03:00:00,2.1846946517626447,0.0,1.114733973518014
2021-08-25 04:00:00,6.1795103073120154,0.043,1.1118284985423088
2021-08-25 05:00:00,4.865830894311269,19.376,1.1089230235666037
2021-08-25 06:00:00,6.752447704474128,46.197,1.1060175485908985
2021-08-25 07:00:00,5.0396992186705285,64.676,1.1031120736151934
2021-08-25 08:00:00,7.957954359054567,75.572,1.1002065986394882
2021-08-25 09:00:00,7.883225742975871,80.235,1.097301123663783
2021-08-25 10:00:00,7.821037773291271,80.174,1.094395648688078
2021-08-25 11:00:00,5.960692600409192,75.43,1.0914901737123728
2021-08-25 12:00:00,4.737392779191335,66.386,1.0885846987366676
2021-08-25 13:00:00,4.82340777317683,51.189,1.0856792237609625
2021-08-25 14:00:00,4.4091397802035015,30.373,1.0827737487852573
2021-08-25 15:00:00,7.504373828570045,5.626,1.0798682738095522
2021-08-25 16:00:00,6.523649120330811,0.0,1.076962798833847
2021-08-25 17:00:00,9.177028663953145,0.0,1.074057323858142
2021-08-25 18:00:00,7.276386364301043,0.0,1.0711518488824368
2021-08-25 19:00:00,7.452698969841005,0.0,1.0682463739067316
2021-08-25 20:00:00,7.619964464505514,0.0,1.0653408989310265
2021-08-25 21:00:00,5.543489436308543,0.0,1.0624354239553213
2021-08-25 22:00:00,3.996778500080109,0.0,1.0595299489796162
2021-08-25 23:00:00,3.2143678943316143,0.0,1.056624474003911
2021-08-26 00:00:00,3.0602943142255152,0.0,1.0537189990282059
2021-08-26 01:00:00,3.0728665033976243,0.0,1.0475852177478373
2021-08-26 02:00:00,2.89420702457428,0.0,1.0414514364674687
2021-08-26 03:00:00,3.1172247449556987,0.0,1.0353176551871002
2021-08-26 04:00:00,5.342896620432535,0.0,1.0291838739067316
2021-08-26 05:00:00,6.071168979008991,13.633,1.023050092626363
2021-08-26 06:00:00,5.844836763540905,37.021,1.0169163113459945
2021-08-26 07:00:00,4.2738716801007595,54.179,1.010782530065626
2021-08-26 08:00:00,7.727913296222684,64.63,1.0046487487852573
2021-08-26 09:00:00,7.752104779084523,70.811,0.9985149675048888
2021-08-26 10:00:00,5.984407981236775,68.839,0.9923811862245201
2021-08-26 11:00:00,4.852352976799013,63.4,0.9862474049441518
2021-08-26 12:00:00,5.352832992871602,53.24,0.9801136236637831
2021-08-26 13:00:00,6.979322818915049,38.601,0.9739798423834144
2021-08-26 14:00:00,5.122668953736622,20.047,0.967846061103046
2021-08-26 15:00:00,10.79261980056763,1.283,0.9617122798226774
2021-08-26 16:00:00,6.690754616260531,0.0,0.9555784985423087
2021-08-26 17:00:00,6.715335456530253,0.0,0.9494447172619404
2021-08-26 18:00:00,9.455541531244917,0.0,0.9433109359815717
2021-08-26 19:00:00,11.324713373184208,0.0,0.9371771547012031
2021-08-26 20:00:00,9.4382399559021,0.0,0.9310433734208345
2021-08-26 21:00:00,9.153950754801432,0.0,0.924909592140466
2021-08-26 22:00:00,5.57049682935079,0.0,0.9187758108600974
2021-08-26 23:00:00,3.311507169405618,0.0,0.9126420295797288
2021-08-27 00:00:00,2.677890110015869,0.0,0.9065082482993603
2021-08-27 01:00:00,2.6294499119122823,0.0,0.9058625879697502
2021-08-27 02:00:00,2.621428648630778,0.0,0.9052169276401401
2021-08-27 03:00:00,2.572344537576039,0.0,0.90457126731053
2021-08-27 04:00:00,3.7669449011484777,0.018,0.9039256069809198
2021-08-27 05:00:00,6.0154546856880176,16.132,0.9032799466513097
2021-08-27 06:00:00,5.138298229376476,39.263,0.9026342863216996
2021-08-27 07:00:00,5.57344302733739,57.011,0.9019886259920895
2021-08-27 08:00:00,8.652048929532368,67.49,0.9013429656624794
2021-08-27 09:00:00,7.965744634469352,69.664,0.9006973053328693
2021-08-27 10:00:00,6.484319754441582,70.637,0.9000516450032592
2021-08-27 11:00:00,3.6040054122606913,67.755,0.8994059846736491
2021-08-27 12:00:00,9.917082929611212,58.007,0.898760324344039
2021-08-27 13:00:00,6.50656491915385,41.787,0.8981146640144289
2021-08-27 14:00:00,4.400836837291718,23.361,0.8974690036848187
2021-08-27 15:00:00,4.131385656197866,4.021,0.8968233433552086
2021-08-27 16:00:00,7.968333407243095,0.0,0.8961776830255985
2021-08-27 17:00:00,6.99975017706553,0.0,0.8955320226959884
2021-08-27 18:00:00,10.296564221382145,0.0,0.8948863623663783
2021-08-27 19:00:00,10.247325539588928,0.0,0.8942407020367682
2021-08-27 20:00:00,8.319778680801392,0.0,0.8935950417071581
2021-08-27 21:00:00,5.640274628003438,0.0,0.892949381377548
2021-08-27 22:00:00,4.0095637758572895,0.0,0.8923037210479379
2021-08-27 23:00:00,2.570459504922231,0.0,0.8916580607183278
2021-08-28 00:00:00,2.4695291241010033,0.0,0.8910124003887177
2021-08-28 01:00:00,2.4713600476582847,0.0,0.9320118837058544
2021-08-28 02:00:00,2.418195339043935,0.0,0.9730113670229913
2021-08-28 03:00:00,2.4084064761797586,0.0,1.014010850340128
2021-08-28 04:00:00,2.4541267196337393,0.1,1.0550103336572647
2021-08-28 05:00:00,2.4359506368637085,18.767,1.0960098169744015
2021-08-28 06:00:00,3.974826709429423,42.56,1.1370093002915382
2021-08-28 07:00:00,5.647626121838888,59.644,1.178008783608675
2021-08-28 08:00:00,7.921658730506899,70.25,1.2190082669258118
2021-08-28 09:00:00,7.435009221235913,75.561,1.2600077502429485
2021-08-28 10:00:00,9.586390010515847,75.232,1.3010072335600853
2021-08-28 11:00:00,6.1586320678393065,70.841,1.342006716877222
2021-08-28 12:00:00,8.174621864159903,62.077,1.3830062001943588
2021-08-28 13:00:00,5.470409711201986,47.45,1.4240056835114956
2021-08-28 14:00:00,3.5050852815310165,27.433,1.4650051668286324
2021-08-28 15:00:00,5.602219313383102,4.625,1.5060046501457691
2021-08-28 16:00:00,5.079165188471476,0.0,1.547004133462906
2021-08-28 17:00:00,3.3860892991224927,0.0,1.5880036167800426
2021-08-28 18:00:00,8.184246997038525,0.0,1.6290031000971794
2021-08-28 19:00:00,10.3576235294342,0.0,1.6700025834143164
2021-08-28 20:00:00,5.816496475537618,0.0,1.711002066731453
2021-08-28 21:00:00,2.8870749076207485,0.0,1.7520015500485897
2021-08-28 22:00:00,2.5154653032620744,0.0,1.7930010333657267
2021-08-28 23:00:00,1.418010423580805,0.0,1.8340005166828632
2021-08-29 00:00:00,0.8791370709737139,0.0,1.875
2021-08-29 01:00:00,0.8124272823333739,0.0,2.198799066245556
2021-08-29 02:00:00,0.9570467819770178,0.0,2.5225981324911118
2021-08-29 03:00:00,0.8742206970850626,0.0,2.8463971987366676
2021-08-29 04:00:00,0.9019916345675786,0.013,3.1701962649822235
2021-08-29 05:00:00,0.8187842011451724,8.075,3.4939953312277794
2021-08-29 06:00:00,7.25537975231806,21.298,3.8177943974733353
2021-08-29 07:00:00,6.902054063479105,42.619,4.141593463718891
2021-08-29 08:00:00,4.998604685068131,63.414,4.465392529964447
2021-08-29 09:00:00,4.711797096331916,70.497,4.789191596210003
2021-08-29 10:00:00,6.228736058870953,71.97,5.112990662455559
2021-08-29 11:00:00,1.3445867598056802,66.981,5.436789728701115
2021-08-29 12:00:00,4.700396408637366,55.575,5.7605887949466705
2021-08-29 13:00:00,2.829337612787882,41.059,6.084387861192226
2021-08-29 14:00:00,2.259552530447642,24.41,6.408186927437782
2021-08-29 15:00:00,5.6826147675514225,2.228,6.731985993683338
2021-08-29 16:00:00,5.546856629848482,0.0,7.055785059928894
2021-08-29 17:00:00,2.543790628512701,0.0,7.37958412617445
2021-08-29 18:00:00,7.835581364234289,0.0,7.703383192420006
2021-08-29 19:00:00,11.5434871673584,0.0,8.027182258665562
2021-08-29 20:00:00,7.368565491835273,0.0,8.350981324911118
2021-08-29 21:00:00,2.557316974798838,0.0,8.674780391156673
2021-08-29 22:00:00,1.8993805805842083,0.0,8.99857945740223
2021-08-29 23:00:00,1.0798152486483257,0.0,9.322378523647785
2021-08-30 00:00:00,1.072432869672776,0.0,9.646177589893341
2021-08-30 01:00:00,0.998323451479276,0.0,9.975464753806591
2021-08-30 02:00:00,1.1614840308825178,0.0,10.304751917719841
2021-08-30 03:00:00,0.9104940772056582,0.0,10.634039081633091
2021-08-30 04:00:00,3.5131024430195485,0.0,10.963326245546341
2021-08-30 05:00:00,6.9998206853866565,1.899,11.292613409459591
2021-08-30 06:00:00,4.477539332707723,8.712,11.62190057337284
2021-08-30 07:00:00,4.658712804317474,20.577,11.95118773728609
2021-08-30 08:00:00,3.724022841453553,29.971,12.28047490119934
2021-08-30 09:00:00,4.131496457258861,46.122,12.60976206511259
2021-08-30 10:00:00,5.272009684642156,51.763,12.93904922902584
2021-08-30 11:00:00,2.6804164032141373,51.303,13.26833639293909
2021-08-30 12:00:00,4.508723229169846,47.011,13.59762355685234
2021-08-30 13:00:00,4.625090044736862,37.614,13.92691072076559
2021-08-30 14:00:00,3.801478191216788,20.477,14.25619788467884
2021-08-30 15:00:00,3.672723531723023,4.224,14.58548504859209
2021-08-30 16:00:00,5.6665619194507615,0.0,14.914772212505339
2021-08-30 17:00:00,4.938543335596719,0.0,15.244059376418592
2021-08-30 18:00:00,8.882094069321955,0.0,15.57334654033184
2021-08-30 19:00:00,12.041687806447346,0.0,15.902633704245089
2021-08-30 20:00:00,7.938713979721069,0.0,16.23192086815834
2021-08-30 21:00:00,3.518551631768545,0.0,16.56120803207159
2021-08-30 22:00:00,2.284003949165344,0.0,16.89049519598484
2021-08-30 23:00:00,1.777262991666794,0.0,17.21978235989809
2021-08-31 00:00:00,1.4607896506786344,0.0,17.54906952381134
2021-08-31 01:00:00,1.4201287368933366,0.0,17.556494623422623
2021-08-31 02:00:00,1.3148471097151442,0.0,17.563919723033905
2021-08-31 03:00:00,1.3645673910776774,0.0,17.571344822645187
2021-08-31 04:00:00,2.422565732399622,0.028,17.57876992225647
2021-08-31 05:00:00,2.874174974362055,11.414,17.586195021867752
2021-08-31 06:00:00,7.474439974625904,40.756,17.593620121479034
2021-08-31 07:00:00,2.5206024666627243,62.651,17.601045221090317
2021-08-31 08:00:00,3.948191267251969,70.284,17.6084703207016
2021-08-31 09:00:00,6.24741157591343,76.418,17.61589542031288
2021-08-31 10:00:00,4.146687561273574,73.102,17.623320519924164
2021-08-31 11:00:00,4.451034927368165,59.519,17.630745619535446
2021-08-31 12:00:00,3.8490925828615814,45.635,17.63817071914673
2021-08-31 13:00:00,3.562513323624929,31.449,17.64559581875801
2021-08-31 14:00:00,5.012518954277039,19.741,17.653020918369293
2021-08-31 15:00:00,6.920391786098482,4.676,17.660446017980576
2021-08-31 16:00:00,6.091585048039752,0.0,17.667871117591858
2021-08-31 17:00:00,8.270299255847927,0.0,17.67529621720314
2021-08-31 18:00:00,10.009292872746784,0.0,17.682721316814423
2021-08-31 19:00:00,12.88238606452942,0.0,17.690146416425705
2021-08-31 20:00:00,9.113245550791422,0.0,17.697571516036987
2021-08-31 21:00:00,4.0784842888514214,0.0,17.70499661564827
2021-08-31 22:00:00,2.1141708453496295,0.0,17.712421715259552
2021-08-31 23:00:00,1.3685499191284185,0.0,17.719846814870834
2021-09-01 00:00:00,1.348722966512045,0.0,17.727271914482117
2021-09-01 01:00:00,1.3433540006478626,0.0,17.567793652415276
2021-09-01 02:00:00,1.3364600042502082,0.0,17.408315390348434
2021-09-01 03:00:00,1.3238612055778498,0.0,17.248837128281593
2021-09-01 04:00:00,4.252736169099808,0.327,17.089358866214752
2021-09-01 05:00:00,3.523008060455323,19.597,16.92988060414791
2021-09-01 06:00:00,8.38935659329096,44.994,16.77040234208107
2021-09-01 07:00:00,6.3514236887296045,64.667,16.61092408001423
2021-09-01 08:00:00,4.730429859956105,76.643,16.451445817947388
2021-09-01 09:00:00,3.490674006938934,83.233,16.291967555880547
2021-09-01 10:00:00,4.312210283676783,84.556,16.132489293813705
2021-09-01 11:00:00,2.977757485707601,80.504,15.973011031746866
2021-09-01 12:00:00,4.8354427377382905,70.944,15.813532769680023
2021-09-01 13:00:00,3.3484071373939512,55.599,15.65405450761318
2021-09-01 14:00:00,4.944440096616744,34.228,15.494576245546343
2021-09-01 15:00:00,6.754317458470662,8.781,15.3350979834795
2021-09-01 16:00:00,9.520872441927589,0.0,15.175619721412657
2021-09-01 17:00:00,7.202703146139782,0.0,15.01614145934582
2021-09-01 18:00:00,9.597132770220435,0.0,14.856663197278976
2021-09-01 19:00:00,7.429761417706811,0.0,14.697184935212135
2021-09-01 20:00:00,5.5647481083869925,0.0,14.537706673145294
2021-09-01 21:00:00,3.043805531660716,0.0,14.378228411078453
2021-09-01 22:00:00,1.210993256171545,0.0,14.218750149011612
2021-09-01 23:00:00,1.315449639161428,0.0,14.05927188694477
2021-09-02 00:00:00,1.2208097616831466,0.0,13.89979362487793
2021-09-02 01:00:00,1.0857906967401505,0.0,13.775826655328274
2021-09-02 02:00:00,1.1981620142857234,0.0,13.651859685778618
2021-09-02 03:00:00,1.2455569187800088,0.0,13.527892716228962
2021-09-02 04:00:00,3.567184409499168,0.665,13.403925746679306
2021-09-02 05:00:00,3.5027221341927848,24.608,13.27995877712965
2021-09-02 06:00:00,5.166332109769185,48.846,13.155991807579994
2021-09-02 07:00:00,6.382346259554226,65.787,13.032024838030338
2021-09-02 08:00:00,4.668930491805076,76.632,12.908057868480682
2021-09-02 09:00:00,5.2091387311617545,81.927,12.784090898931026
2021-09-02 10:00:00,3.545894849300384,82.477,12.66012392938137
2021-09-02 11:00:00,5.2930629154046365,78.157,12.536156959831715
2021-09-02 12:00:00,2.1270079791545866,68.783,12.412189990282059
2021-09-02 13:00:00,2.0114848335584,54.029,12.288223020732403
2021-09-02 14:00:00,5.336505492528283,33.484,12.164256051182747
2021-09-02 15:00:00,4.1462006648381555,8.955,12.040289081633091
2021-09-02 16:00:00,5.526167503992716,0.0,11.916322112083435
2021-09-02 17:00:00,5.632136787970862,0.0,11.79235514253378
2021-09-02 18:00:00,12.626610422134402,0.0,11.668388172984123
2021-09-02 19:00:00,7.731975460052488,0.0,11.544421203434467
2021-09-02 20:00:00,6.282864276568094,0.0,11.420454233884811
2021-09-02 21:00:00,3.070859054724375,0.0,11.296487264335155
2021-09-02 22:00:00,1.2934836596250527,0.0,11.1725202947855
2021-09-02 23:00:00,0.9836158494154612,0.0,11.048553325235844
2021-09-03 00:00:00,1.2986777633428572,0.0,10.924586355686188
2021-09-03 01:00:00,1.0032734334468845,0.0,10.833225324749947
2021-09-03 02:00:00,1.003939313689868,0.0,10.741864293813705
2021-09-03 03:00:00,1.0623225023349134,0.0,10.650503262877464
2021-09-03 04:00:00,0.9874164899190272,0.622,10.559142231941223
2021-09-03 05:00:00,4.372207726041478,23.015,10.467781201004982
2021-09-03 06:00:00,7.110985994338988,47.16,10.37642017006874
2021-09-03 07:00:00,5.6101660251617425,64.589,10.2850591391325
2021-09-03 08:00:00,5.794814976056418,75.709,10.193698108196259
2021-09-03 09:00:00,6.194952871402106,81.18,10.102337077260017
2021-09-03 10:00:00,2.273503079017003,81.65,10.010976046323776
2021-09-03 11:00:00,4.11173433860143,76.844,9.919615015387535
2021-09-03 12:00:00,3.668613737821579,67.552,9.828253984451294
2021-09-03 13:00:00,2.766541212797165,52.324,9.736892953515053
2021-09-03 14:00:00,2.7095212280750274,31.335,9.645531922578812
2021-09-03 15:00:00,3.836214675505956,7.022,9.55417089164257
2021-09-03 16:00:00,4.928202976783116,0.0,9.46280986070633
2021-09-03 17:00:00,8.829595092932385,0.0,9.371448829770088
2021-09-03 18:00:00,9.940608096122748,0.0,9.280087798833847
2021-09-03 19:00:00,12.48013322353363,0.0,9.188726767897606
2021-09-03 20:00:00,8.784407941500346,0.0,9.097365736961365
2021-09-03 21:00:00,4.626177680492403,0.0,9.006004706025124
2021-09-03 22:00:00,2.040168474117915,0.0,8.914643675088882
2021-09-03 23:00:00,1.7285355369249982,0.0,8.823282644152641
2021-09-04 00:00:00,1.4599247912565874,0.0,8.7319216132164
2021-09-04 01:00:00,1.1305894613265992,0.0,8.657347746193409
2021-09-04 02:00:00,1.177273707588514,0.0,8.582773879170418
2021-09-04 03:00:00,1.2537592192490898,0.0,8.508200012147427
2021-09-04 04:00:00,1.100974105795224,0.466,8.433626145124435
2021-09-04 05:00:00,1.2040923625230786,18.973,8.359052278101444
2021-09-04 06:00:00,2.729873385032019,45.586,8.284478411078453
2021-09-04 07:00:00,5.936722042163213,65.118,8.209904544055462
2021-09-04 08:00:00,7.888527556260426,76.614,8.13533067703247
2021-09-04 09:00:00,7.40432184934616,82.217,8.06075681000948
2021-09-04 10:00:00,6.909298058350883,82.843,7.9861829429864875
2021-09-04 11:00:00,5.8625226020813015,78.572,7.911609075963498
2021-09-04 12:00:00,5.272789655129118,69.221,7.837035208940506
2021-09-04 13:00:00,8.389901685714722,54.343,7.762461341917514
2021-09-04 14:00:00,11.072360793749493,33.57,7.6878874748945245
2021-09-04 15:00:00,6.394213072458906,9.194,7.613313607871532
2021-09-04 16:00:00,6.43824377854665,0.0,7.53873974084854
2021-09-04 17:00:00,9.328322788079578,0.0,7.46416587382555
2021-09-04 18:00:00,7.145315396785738,0.0,7.389592006802559
2021-09-04 19:00:00,10.47529967625936,0.0,7.315018139779568
2021-09-04 20:00:00,9.913281790415445,0.0,7.2404442727565765
2021-09-04 21:00:00,8.564822085698443,0.0,7.165870405733585
2021-09-04 22:00:00,6.1905432860056555,0.0,7.091296538710594
2021-09-04 23:00:00,5.614415526390076,0.0,7.016722671687603
2021-09-05 00:00:00,4.525873478253683,0.0,6.942148804664612
2021-09-05 01:00:00,3.8781282146771754,0.0,6.88920458778739
2021-09-05 02:00:00,3.931327152252197,0.0,6.836260370910168
2021-09-05 03:00:00,3.9544363180796296,0.0,6.783316154032946
2021-09-05 04:00:00,4.038965026537578,0.862,6.730371937155724
2021-09-05 05:00:00,5.355479196707408,24.154,6.6774277202785015
2021-09-05 06:00:00,7.376797489325204,48.265,6.6244835034012794
2021-09-05 07:00:00,7.628535838921863,65.605,6.571539286524057
2021-09-05 08:00:00,11.548709217707314,76.67,6.518595069646835
2021-09-05 09:00:00,10.22408173878988,82.138,6.465650852769613
2021-09-05 10:00:00,13.43088311354319,82.727,6.412706635892391
2021-09-05 11:00:00,6.683568267027537,78.514,6.359762419015169
2021-09-05 12:00:00,7.294587039947509,69.237,6.306818202137947
2021-09-05 13:00:00,7.875617174307505,54.497,6.253873985260725
2021-09-05 14:00:00,8.316429396470388,33.963,6.200929768383503
2021-09-05 15:00:00,10.554855974515274,9.812,6.147985551506281
2021-09-05 16:00:00,13.417054653167725,0.0,6.095041334629059
2021-09-05 17:00:00,15.409901491800936,0.0,6.042097117751837
2021-09-05 18:00:00,13.477283008893334,0.0,5.989152900874615
2021-09-05 19:00:00,11.02039692401886,0.0,5.936208683997393
2021-09-05 20:00:00,6.674592264493305,0.0,5.883264467120171
2021-09-05 21:00:00,5.7201467633247365,0.0,5.8303202502429485
2021-09-05 22:00:00,4.62932577530543,0.0,5.7773760333657265
2021-09-05 23:00:00,3.0452460765838625,0.0,5.724431816488504
2021-09-06 00:00:00,2.8863817890485124,0.0,5.671487599611282
2021-09-06 01:00:00,2.5564905722936,0.0,5.631779432296753
2021-09-06 02:00:00,2.74440997838974,0.0,5.5920712649822235
2021-09-06 03:00:00,2.6451368848482764,0.0,5.552363097667694
2021-09-06 04:00:00,4.456686107317607,0.796,5.512654930353165
2021-09-06 05:00:00,5.6486747741699235,21.929,5.472946763038635
2021-09-06 06:00:00,6.840866343180338,45.544,5.433238595724106
2021-09-06 07:00:00,5.262160897254944,63.167,5.393530428409576
2021-09-06 08:00:00,8.824577140808104,74.401,5.353822261095047
2021-09-06 09:00:00,6.732331705093383,80.105,5.314114093780518
2021-09-06 10:00:00,7.659246265888213,80.787,5.274405926465988
2021-09-06 11:00:00,7.521835124492648,76.574,5.234697759151459
2021-09-06 12:00:00,6.391615160306297,67.307,5.194989591836929
2021-09-06 13:00:00,6.255018981297811,52.581,5.1552814245224
2021-09-06 14:00:00,7.9471194704373636,32.154,5.1155732572078705
2021-09-06 15:00:00,8.89215595722199,8.742,5.075865089893341
2021-09-06 16:00:00,7.365261737505596,0.0,5.036156922578812
2021-09-06 17:00:00,6.869790395100916,0.0,4.996448755264282
2021-09-06 18:00:00,10.892029285430905,0.0,4.956740587949753
2021-09-06 19:00:00,10.187175567944845,0.0,4.917032420635223
2021-09-06 20:00:00,7.165910903612774,0.0,4.877324253320694
2021-09-06 21:00:00,5.603886262575784,0.0,4.8376160860061646
2021-09-06 22:00:00,4.378236436843873,0.0,4.797907918691635
2021-09-06 23:00:00,2.8220407962799072,0.0,4.758199751377106
2021-09-07 00:00:00,2.8582771460215244,0.0,4.718491584062576
2021-09-07 01:00:00,2.844237693150838,0.0,4.68685420230031
2021-09-07 02:00:00,2.6970718304316197,0.0,4.655216820538044
2021-09-07 03:00:00,2.3883944551150003,0.0,4.623579438775778
2021-09-07 04:00:00,2.476560688018799,0.992,4.591942057013512
2021-09-07 05:00:00,5.384524035453794,23.424,4.5603046752512455
2021-09-07 06:00:00,8.367608400185901,47.279,4.528667293488979
2021-09-07 07:00:00,6.385059082508087,64.049,4.497029911726713
2021-09-07 08:00:00,7.457303762435914,74.306,4.465392529964447
2021-09-07 09:00:00,7.291947090625764,79.903,4.433755148202181
2021-09-07 10:00:00,6.610502759615582,80.634,4.402117766439915
2021-09-07 11:00:00,8.041816635926564,76.662,4.3704803846776485
2021-09-07 12:00:00,6.202829734484355,67.699,4.338843002915382
2021-09-07 13:00:00,4.546361875534059,53.4,4.307205621153116
2021-09-07 14:00:00,5.540159730116529,33.549,4.27556823939085
2021-09-07 15:00:00,5.057327318191527,9.487,4.243930857628584
2021-09-07 16:00:00,7.228406620025632,0.0,4.212293475866318
2021-09-07 17:00:00,5.749640651543936,0.0,4.180656094104052
2021-09-07 18:00:00,13.027548058827715,0.0,4.149018712341785
2021-09-07 19:00:00,10.916540948549908,0.0,4.117381330579519
2021-09-07 20:00:00,6.97565819422404,0.0,4.085743948817253
2021-09-07 21:00:00,5.555753159523009,0.0,4.054106567054987
2021-09-07 22:00:00,3.3568665146827703,0.0,4.022469185292721
2021-09-07 23:00:00,2.698790085315704,0.0,3.9908318035304546
2021-09-08 00:00:00,2.8596785982449853,0.0,3.9591944217681885
2021-09-08 01:00:00,2.5555691758791617,0.0,3.9388560876250263
2021-09-08 02:00:00,2.7379648605982463,0.0,3.9185177534818654
2021-09-08 03:00:00,2.9022228995958965,0.0,3.898179419338703
2021-09-08 04:00:00,9.86756284236908,0.697,3.877841085195541
2021-09-08 05:00:00,10.237437955538432,18.802,3.85750275105238
2021-09-08 06:00:00,6.709715441862741,43.443,3.837164416909218
2021-09-08 07:00:00,7.01913073460261,59.481,3.8168260827660556
2021-09-08 08:00:00,6.5284621000289915,70.226,3.7964877486228947
2021-09-08 09:00:00,6.857221317291258,78.441,3.7761494144797325
2021-09-08 10:00:00,6.234673686822253,79.343,3.7558110803365703
2021-09-08 11:00:00,7.705535626411436,74.584,3.735472746193409
2021-09-08 12:00:00,4.817767039934794,59.453,3.715134412050247
2021-09-08 13:00:00,7.700880587100982,36.672,3.6947960779070854
2021-09-08 14:00:00,10.448023382822674,25.247,3.6744577437639236
2021-09-08 15:00:00,8.133788951237996,6.103,3.654119409620762
2021-09-08 16:00:00,9.46594344774882,0.0,3.6337810754776
2021-09-08 17:00:00,10.921867819627122,0.0,3.6134427413344383
2021-09-08 18:00:00,7.968794099489849,0.0,3.5931044071912766
2021-09-08 19:00:00,13.144034020105996,0.0,3.5727660730481148
2021-09-08 20:00:00,8.725408522288005,0.0,3.552427738904953
2021-09-08 21:00:00,5.154599348704021,0.0,3.5320894047617912
2021-09-08 22:00:00,2.969103082021078,0.0,3.5117510706186295
2021-09-08 23:00:00,2.3524224400520315,0.0,3.4914127364754677
2021-09-09 00:00:00,2.3117486556371047,0.0,3.471074402332306
2021-09-09 01:00:00,2.214910002549489,0.0,3.452350227162242
2021-09-09 02:00:00,2.711110917727153,0.0,3.433626051992178
2021-09-09 03:00:00,3.08590703010559,0.0,3.414901876822114
2021-09-09 04:00:00,3.942534546057382,0.0,3.39617770165205
2021-09-09 05:00:00,4.968933900197347,4.2,3.377453526481986
2021-09-09 06:00:00,3.4638606349627192,15.982,3.358729351311922
2021-09-09 07:00:00,5.831965871651968,34.019,3.340005176141858
2021-09-09 08:00:00,7.783079791069031,50.237,3.321281000971794
2021-09-09 09:00:00,7.714422794183096,61.421,3.30255682580173
2021-09-09 10:00:00,7.410089524587,68.662,3.283832650631666
2021-09-09 11:00:00,8.577315505345663,66.906,3.265108475461602
2021-09-09 12:00:00,11.430363925298051,58.121,3.2463843002915382
2021-09-09 13:00:00,11.088196166356406,42.224,3.2276601251214743
2021-09-09 14:00:00,7.494858495394387,19.311,3.2089359499514103
2021-09-09 15:00:00,9.126858774820963,3.659,3.1902117747813463
2021-09-09 16:00:00,13.746572176615397,0.0,3.1714875996112823
2021-09-09 17:00:00,13.24339282512665,0.0,3.1527634244412184
2021-09-09 18:00:00,12.91958552996317,0.0,3.1340392492711544
2021-09-09 19:00:00,18.1040405591329,0.0,3.1153150741010904
2021-09-09 20:00:00,10.901805114746098,0.0,3.0965908989310265
2021-09-09 21:00:00,7.777555775642394,0.0,3.0778667237609625
2021-09-09 22:00:00,5.012049682935079,0.0,3.0591425485908985
2021-09-09 23:00:00,4.920438210169475,0.0,3.0404183734208345
2021-09-10 00:00:00,4.590498153368632,0.0,3.0216941982507706
2021-09-10 01:00:00,4.552186838785807,0.0,3.0061983317136765
2021-09-10 02:00:00,4.512945222854614,0.0,2.9907024651765823
2021-09-10 03:00:00,4.66296574274699,0.0,2.975206598639488
2021-09-10 04:00:00,5.5713802417119345,0.371,2.959710732102394
2021-09-10 05:00:00,6.372734594345092,12.265,2.9442148655653
2021-09-10 06:00:00,9.798629903793332,34.413,2.928718999028206
2021-09-10 07:00:00,8.68521173795064,54.536,2.9132231324911118
2021-09-10 08:00:00,10.312694724400831,67.736,2.8977272659540176
2021-09-10 09:00:00,9.434079424540204,76.561,2.8822313994169235
2021-09-10 10:00:00,7.570456659793851,76.762,2.8667355328798294
2021-09-10 11:00:00,6.403421664237976,68.596,2.8512396663427353
2021-09-10 12:00:00,10.373407514890037,55.388,2.835743799805641
2021-09-10 13:00:00,10.698037926355996,39.464,2.820247933268547
2021-09-10 14:00:00,10.742525947093965,20.879,2.804752066731453
2021-09-10 15:00:00,8.566247578461965,4.087,2.789256200194359
2021-09-10 16:00:00,10.562072277069094,0.0,2.7737603336572647
2021-09-10 17:00:00,8.420949951807653,0.0,2.7582644671201706
2021-09-10 18:00:00,11.484935569763175,0.0,2.7427686005830765
2021-09-10 19:00:00,12.502487119038902,0.0,2.7272727340459824
2021-09-10 20:00:00,13.564336427052815,0.0,2.7117768675088882
2021-09-10 21:00:00,10.796864159901942,0.0,2.696281000971794
2021-09-10 22:00:00,8.479254897435506,0.0,2.6807851344347
2021-09-10 23:00:00,8.193721556663512,0.0,2.665289267897606
2021-09-11 00:00:00,6.317603540420533,0.0,2.649793401360512
2021-09-11 01:00:00,6.598423894246418,0.0,2.636880176141858
2021-09-11 02:00:00,6.144306667645774,0.0,2.6239669509232044
2021-09-11 03:00:00,6.512980111440024,0.0,2.6110537257045507
2021-09-11 04:00:00,6.1431756575902305,0.0,2.598140500485897
2021-09-11 05:00:00,6.824617568651835,2.47,2.5852272752672434
2021-09-11 06:00:00,12.98141661485036,10.108,2.5723140500485897
2021-09-11 07:00:00,14.554677232106526,21.375,2.559400824829936
2021-09-11 08:00:00,15.73992896874746,42.639,2.5464875996112823
2021-09-11 09:00:00,8.608228667577107,52.819,2.5335743743926287
2021-09-11 10:00:00,11.330566024780271,68.089,2.520661149173975
2021-09-11 11:00:00,8.847894199689229,68.873,2.5077479239553213
2021-09-11 12:00:00,7.264131601651508,63.099,2.4948346987366676
2021-09-11 13:00:00,9.54735975265503,50.345,2.481921473518014
2021-09-11 14:00:00,8.525469764073689,29.03,2.4690082482993603
2021-09-11 15:00:00,9.441312074661257,7.307,2.4560950230807066
2021-09-11 16:00:00,5.4146211783091225,0.0,2.443181797862053
2021-09-11 17:00:00,9.04565574328105,0.0,2.4302685726433992
2021-09-11 18:00:00,13.189644678433734,0.0,2.4173553474247456
2021-09-11 19:00:00,17.245053450266525,0.0,2.404442122206092
2021-09-11 20:00:00,16.205658404032388,0.0,2.391528896987438
2021-09-11 21:00:00,9.69284722805023,0.0,2.3786156717687845
2021-09-11 22:00:00,8.79751479625702,0.0,2.365702446550131
2021-09-11 23:00:00,6.144635971387228,0.0,2.352789221331477
2021-09-12 00:00:00,5.684962598482769,0.0,2.3398759961128235
2021-09-12 01:00:00,5.437594890594482,0.0,2.329545421525836
2021-09-12 02:00:00,5.433871118227641,0.0,2.3192148469388485
2021-09-12 03:00:00,5.396989313761393,0.0,2.308884272351861
2021-09-12 04:00:00,5.976723551750184,0.089,2.2985536977648735
2021-09-12 05:00:00,7.796861028671265,6.442,2.288223123177886
2021-09-12 06:00:00,12.52941931883494,34.154,2.2778925485908985
2021-09-12 07:00:00,11.03437444368999,52.403,2.267561974003911
2021-09-12 08:00:00,12.923567835489909,47.552,2.2572313994169235
2021-09-12 09:00:00,8.705136609077453,46.861,2.246900824829936
2021-09-12 10:00:00,6.171794060866039,44.879,2.2365702502429485
2021-09-12 11:00:00,6.8517638683319095,47.894,2.226239675655961
2021-09-12 12:00:00,11.929738283157349,44.141,2.2159091010689735
2021-09-12 13:00:00,9.945438901583351,39.008,2.205578526481986
2021-09-12 14:00:00,6.939805555343626,21.286,2.1952479518949986
2021-09-12 15:00:00,8.4229740858078,5.882,2.184917377308011
2021-09-12 16:00:00,11.967656238873806,0.0,2.1745868027210236
2021-09-12 17:00:00,10.77600135803223,0.0,2.164256228134036
2021-09-12 18:00:00,11.577673474947613,0.0,2.1539256535470486
2021-09-12 19:00:00,15.082831700642902,0.0,2.143595078960061
2021-09-12 20:00:00,9.92622498671214,0.0,2.1332645043730736
2021-09-12 21:00:00,9.15923320452372,0.0,2.122933929786086
2021-09-12 22:00:00,6.147623713811239,0.0,2.1126033551990986
2021-09-12 23:00:00,4.582179379463196,0.0,2.102272780612111
2021-09-13 00:00:00,4.38979746500651,0.0,2.0919422060251236
2021-09-13 01:00:00,4.233635338147481,0.0,2.0809659641236067
2021-09-13 02:00:00,4.197826536496479,0.0,2.0699897222220898
2021-09-13 03:00:00,4.146659235159556,0.0,2.059013480320573
2021-09-13 04:00:00,8.442608376344044,0.686,2.048037238419056
2021-09-13 05:00:00,8.83195928732554,16.9,2.037060996517539
2021-09-13 06:00:00,10.19299011230469,44.769,2.026084754616022
2021-09-13 07:00:00,8.252466392517094,62.874,2.015108512714505
2021-09-13 08:00:00,11.081620156764982,74.403,2.0041322708129883
2021-09-13 09:00:00,5.238403646151226,80.259,1.9931560289114714
2021-09-13 10:00:00,5.830915037790935,81.038,1.9821797870099545
2021-09-13 11:00:00,6.17480776309967,76.967,1.9712035451084375
2021-09-13 12:00:00,5.6784589171409605,68.014,1.9602273032069206
2021-09-13 13:00:00,6.504166618982954,53.509,1.9492510613054037
2021-09-13 14:00:00,2.4945548415184016,33.498,1.9382748194038868
2021-09-13 15:00:00,5.797971791028976,10.088,1.9272985775023699
2021-09-13 16:00:00,5.589418639739353,0.0,1.916322335600853
2021-09-13 17:00:00,7.01061000029246,0.0,1.905346093699336
2021-09-13 18:00:00,11.564887738227846,0.0,1.8943698517978191
2021-09-13 19:00:00,11.821982574462892,0.0,1.8833936098963022
2021-09-13 20:00:00,11.889552315076193,0.0,1.8724173679947853
2021-09-13 21:00:00,8.347495023409525,0.0,1.8614411260932684
2021-09-13 22:00:00,6.146120333671569,0.0,1.8504648841917515
2021-09-13 23:00:00,5.067609143257141,0.0,1.8394886422902346
2021-09-14 00:00:00,4.88263111114502,0.0,1.8285124003887177
2021-09-14 01:00:00,4.758937851587931,0.0,1.8220557877793908
2021-09-14 02:00:00,4.542970275878904,0.0,1.815599175170064
2021-09-14 03:00:00,4.52016817054363,0.0,1.8091425625607371
2021-09-14 04:00:00,4.497366065208356,2.013,1.8026859499514103
2021-09-14 05:00:00,4.474563959873082,25.373,1.7962293373420835
2021-09-14 06:00:00,4.451761854537808,48.584,1.7897727247327566
2021-09-14 07:00:00,4.428959749202534,65.149,1.7833161121234298
2021-09-14 08:00:00,4.406157643867259,75.752,1.776859499514103
2021-09-14 09:00:00,4.383355538531986,81.289,1.770402886904776
2021-09-14 10:00:00,4.360553433196712,81.872,1.7639462742954493
2021-09-14 11:00:00,4.3377513278614375,77.642,1.7574896616861224
2021-09-14 12:00:00,4.314949222526163,68.521,1.7510330490767956
2021-09-14 13:00:00,4.292147117190889,53.809,1.7445764364674687
2021-09-14 14:00:00,4.2693450118556155,33.681,1.738119823858142
2021-09-14 15:00:00,4.246542906520341,10.054,1.731663211248815
2021-09-14 16:00:00,4.223740801185067,0.0,1.7252065986394882
2021-09-14 17:00:00,4.200938695849793,0.0,1.7187499860301614
2021-09-14 18:00:00,4.178136590514519,0.0,1.7122933734208345
2021-09-14 19:00:00,4.155334485179245,0.0,1.7058367608115077
2021-09-14 20:00:00,4.132532379843971,0.0,1.6993801482021809
2021-09-14 21:00:00,4.1097302745086965,0.0,1.692923535592854
2021-09-14 22:00:00,4.086928169173423,0.0,1.6864669229835272
2021-09-14 23:00:00,4.064126063838149,0.0,1.6800103103742003
2021-09-15 00:00:00,4.041323958502875,0.0,1.6735536977648735
2021-09-15 01:00:00,4.0185218531676,0.0,1.6661285934969783
2021-09-15 02:00:00,3.9957197478323265,0.0,1.658703489229083
2021-09-15 03:00:00,3.9729176424970523,0.0,1.6512783849611878
2021-09-15 04:00:00,3.9501155371617784,1.306,1.6438532806932926
2021-09-15 05:00:00,3.927313431826504,22.152,1.6364281764253974
2021-09-15 06:00:00,3.9045113264912303,47.292,1.6290030721575022
2021-09-15 07:00:00,3.881709221155956,64.411,1.621577967889607
2021-09-15 08:00:00,3.8589071158206822,75.553,1.6141528636217117
2021-09-15 09:00:00,3.836105010485408,81.043,1.6067277593538165
2021-09-15 10:00:00,3.8133029051501337,81.484,1.5993026550859213
2021-09-15 11:00:00,3.79050079981486,77.278,1.591877550818026
2021-09-15 12:00:00,5.551047217845917,68.109,1.5844524465501308
2021-09-15 13:00:00,2.696495079994202,53.663,1.5770273422822356
2021-09-15 14:00:00,2.333383433024089,33.778,1.5696022380143404
2021-09-15 15:00:00,4.897681713104249,10.127,1.5621771337464452
2021-09-15 16:00:00,7.067481430371603,0.0,1.55475202947855
2021-09-15 17:00:00,7.79424333572388,0.0,1.5473269252106547
2021-09-15 18:00:00,7.327120089530945,0.0,1.5399018209427595
2021-09-15 19:00:00,8.155371356010438,0.0,1.5324767166748643
2021-09-15 20:00:00,7.292391880353292,0.0,1.525051612406969
2021-09-15 21:00:00,5.575522859891255,0.0,1.5176265081390738
2021-09-15 22:00:00,3.987867077191671,0.0,1.5102014038711786
2021-09-15 23:00:00,3.244802518685658,0.0,1.5027762996032834
2021-09-16 00:00:00,3.211816493670146,0.0,1.4953511953353882
2021-09-16 01:00:00,3.1343809843063366,0.0,1.489217416383326
2021-09-16 02:00:00,3.1178626139958694,0.0,1.483083637431264
2021-09-16 03:00:00,3.110202483336131,0.0,1.4769498584792018
2021-09-16 04:00:00,2.921332732836406,1.992,1.4708160795271397
2021-09-16 05:00:00,3.62284722328186,23.972,1.4646823005750775
2021-09-16 06:00:00,6.938855024178824,47.248,1.4585485216230154
2021-09-16 07:00:00,5.366151555379232,64.747,1.4524147426709533
2021-09-16 08:00:00,4.214030543963115,76.056,1.4462809637188911
2021-09-16 09:00:00,4.329451143741607,81.608,1.440147184766829
2021-09-16 10:00:00,3.308733757336935,81.986,1.4340134058147669
2021-09-16 11:00:00,3.075239570935566,77.53,1.4278796268627048
2021-09-16 12:00:00,3.359869794050853,68.166,1.4217458479106426
2021-09-16 13:00:00,3.663745363553365,53.54,1.4156120689585805
2021-09-16 14:00:00,3.3167716741561892,33.63,1.4094782900065184
2021-09-16 15:00:00,3.6478825290997823,10.473,1.4033445110544562
2021-09-16 16:00:00,3.866371579964956,0.0,1.397210732102394
2021-09-16 17:00:00,3.091275362173717,0.0,1.391076953150332
2021-09-16 18:00:00,5.282290263970692,0.0,1.3849431741982698
2021-09-16 19:00:00,7.255979291598001,0.0,1.3788093952462077
2021-09-16 20:00:00,7.239305806159974,0.0,1.3726756162941456
2021-09-16 21:00:00,3.907792337735494,0.0,1.3665418373420835
2021-09-16 22:00:00,2.7889229456583635,0.0,1.3604080583900213
2021-09-16 23:00:00,2.787798532394162,0.0,1.3542742794379592
2021-09-17 00:00:00,2.7866741191299607,0.0,1.348140500485897
2021-09-17 01:00:00,2.7855497058657592,0.0,1.3442665338516235
2021-09-17 02:00:00,2.784425292601558,0.0,1.34039256721735
2021-09-17 03:00:00,2.783300879337356,0.0,1.3365186005830765
2021-09-17 04:00:00,2.7821764660731545,2.276,1.332644633948803
2021-09-17 05:00:00,2.781052052808953,24.435,1.3287706673145294
2021-09-17 06:00:00,2.7799276395447516,47.159,1.324896700680256
2021-09-17 07:00:00,2.77880322628055,64.135,1.3210227340459824
2021-09-17 08:00:00,2.777678813016349,75.176,1.3171487674117088
2021-09-17 09:00:00,2.7765543997521474,80.523,1.3132748007774353
2021-09-17 10:00:00,2.775429986487946,80.841,1.3094008341431618
2021-09-17 11:00:00,2.774305573223744,76.433,1.3055268675088882
2021-09-17 12:00:00,2.7731811599595426,67.3,1.3016529008746147
2021-09-17 13:00:00,2.772056746695341,52.929,1.2977789342403412
2021-09-17 14:00:00,2.7709323334311398,33.255,1.2939049676060677
2021-09-17 15:00:00,2.7698079201669383,10.317,1.2900310009717941
2021-09-17 16:00:00,2.768683506902737,0.0,1.2861570343375206
2021-09-17 17:00:00,2.7675590936385355,0.0,1.282283067703247
2021-09-17 18:00:00,2.766434680374334,0.0,1.2784091010689735
2021-09-17 19:00:00,2.765310267110132,0.0,1.2745351344347
2021-09-17 20:00:00,2.7641858538459307,0.0,1.2706611678004265
2021-09-17 21:00:00,2.7630614405817293,0.0,1.266787201166153
2021-09-17 22:00:00,2.761937027317528,0.0,1.2629132345318794
2021-09-17 23:00:00,2.7608126140533265,0.0,1.259039267897606
2021-09-18 00:00:00,2.759688200789125,0.0,1.2551653012633324
2021-09-18 01:00:00,2.7585637875249236,0.0,1.2509685009717941
2021-09-18 02:00:00,2.757439374260722,0.0,1.246771700680256
2021-09-18 03:00:00,2.7563149609965203,0.0,1.2425749003887177
2021-09-18 04:00:00,2.755190547732319,2.018,1.2383781000971794
2021-09-18 05:00:00,2.7540661344681174,23.69,1.2341812998056412
2021-09-18 06:00:00,2.752941721203916,46.891,1.229984499514103
2021-09-18 07:00:00,2.7518173079397146,63.771,1.2257876992225647
2021-09-18 08:00:00,2.750692894675513,74.806,1.2215908989310265
2021-09-18 09:00:00,2.7495684814113117,80.434,1.2173940986394882
2021-09-18 10:00:00,2.7484440681471103,81.017,1.21319729834795
2021-09-18 11:00:00,2.7473196548829084,76.808,1.2090004980564117
2021-09-18 12:00:00,2.746195241618707,67.533,1.2048036977648735
2021-09-18 13:00:00,2.7450708283545056,53.134,1.2006068974733353
2021-09-18 14:00:00,2.743946415090304,33.425,1.196410097181797
2021-09-18 15:00:00,2.7428220018261027,10.385,1.1922132968902588
2021-09-18 16:00:00,2.7416975885619013,0.0,1.1880164965987206
2021-09-18 17:00:00,2.7405731752977,0.0,1.1838196963071823
2021-09-18 18:00:00,2.7394487620334984,0.0,1.179622896015644
2021-09-18 19:00:00,2.7383243487692965,0.0,1.1754260957241058
2021-09-18 20:00:00,2.737199935505095,0.0,1.1712292954325676
2021-09-18 21:00:00,2.7360755222408937,0.0,1.1670324951410294
2021-09-18 22:00:00,2.7349511089766922,0.0,1.1628356948494911
2021-09-18 23:00:00,2.733826695712491,0.0,1.1586388945579529
2021-09-19 00:00:00,2.7327022824482894,0.0,1.1544420942664146
2021-09-19 01:00:00,2.731577869184088,0.0,1.1512137902900577
2021-09-19 02:00:00,2.7304534559198865,0.0,1.1479854863137007
2021-09-19 03:00:00,2.7293290426556847,0.0,1.1447571823373437
2021-09-19 04:00:00,2.7282046293914832,2.68,1.1415288783609867
2021-09-19 05:00:00,2.727080216127282,25.199,1.1383005743846297
2021-09-19 06:00:00,2.7259558028630804,47.747,1.1350722704082727
2021-09-19 07:00:00,2.724831389598879,63.666,1.1318439664319158
2021-09-19 08:00:00,2.7237069763346775,73.688,1.1286156624555588
2021-09-19 09:00:00,2.722582563070476,78.257,1.1253873584792018
2021-09-19 10:00:00,2.7214581498062747,77.64,1.1221590545028448
2021-09-19 11:00:00,2.7203337365420728,72.211,1.1189307505264878
2021-09-19 12:00:00,2.7192093232778713,63.502,1.1157024465501308
2021-09-19 13:00:00,2.71808491001367,43.948,1.1124741425737739
2021-09-19 14:00:00,2.7169604967494685,15.936,1.1092458385974169
2021-09-19 15:00:00,2.715836083485267,2.623,1.10601753462106
2021-09-19 16:00:00,2.7147116702210656,0.0,1.102789230644703
2021-09-19 17:00:00,2.713587256956864,0.0,1.099560926668346
2021-09-19 18:00:00,2.7124628436926628,0.0,1.096332622691989
2021-09-19 19:00:00,2.7113384304284613,0.0,1.093104318715632
2021-09-19 20:00:00,2.7102140171642595,0.0,1.089876014739275
2021-09-19 21:00:00,2.709089603900058,0.0,1.086647710762918
2021-09-19 22:00:00,2.7079651906358566,0.0,1.083419406786561
2021-09-19 23:00:00,2.706840777371655,0.0,1.080191102810204
2021-09-20 00:00:00,2.7057163641074538,0.0,1.076962798833847
2021-09-20 01:00:00,2.7045919508432523,0.0,1.0729274153709412
2021-09-20 02:00:00,2.703467537579051,0.0,1.0688920319080353
2021-09-20 03:00:00,2.7023431243148495,0.0,1.0648566484451294
2021-09-20 04:00:00,2.7012187110506476,2.8,1.0608212649822235
2021-09-20 05:00:00,2.700094297786446,25.289,1.0567858815193176
2021-09-20 06:00:00,2.6989698845222447,48.256,1.0527504980564117
2021-09-20 07:00:00,2.6978454712580433,65.521,1.0487151145935059
2021-09-20 08:00:00,2.696721057993842,76.391,1.0446797311306
2021-09-20 09:00:00,2.6955966447296404,80.826,1.040644347667694
2021-09-20 10:00:00,2.694472231465439,79.243,1.0366089642047882
2021-09-20 11:00:00,2.6933478182012376,73.867,1.0325735807418823
2021-09-20 12:00:00,2.6922234049370357,63.55,1.0285381972789764
2021-09-20 13:00:00,2.6910989916728343,43.844,1.0245028138160706
2021-09-20 14:00:00,2.689974578408633,26.048,1.0204674303531647
2021-09-20 15:00:00,2.6888501651444314,8.059,1.0164320468902588
2021-09-20 16:00:00,2.68772575188023,0.0,1.012396663427353
2021-09-20 17:00:00,2.6866013386160286,0.0,1.008361279964447
2021-09-20 18:00:00,2.685476925351827,0.0,1.0043258965015411
2021-09-20 19:00:00,2.6843525120876257,0.0,1.0002905130386353
2021-09-20 20:00:00,2.683228098823424,0.0,0.9962551295757294
2021-09-20 21:00:00,2.6821036855592224,0.0,0.9922197461128235
2021-09-20 22:00:00,2.680979272295021,0.0,0.9881843626499176
2021-09-20 23:00:00,2.6798548590308195,0.0,0.9841489791870117
2021-09-21 00:00:00,2.678730445766618,0.0,0.9801135957241058
2021-09-21 01:00:00,2.6776060325024167,0.0,0.9781766147352755
2021-09-21 02:00:00,2.6764816192382153,0.0,0.9762396337464452
2021-09-21 03:00:00,2.675357205974014,0.0,0.9743026527576149
2021-09-21 04:00:00,2.674232792709812,2.906,0.9723656717687845
2021-09-21 05:00:00,2.6731083794456105,27.27,0.9704286907799542
2021-09-21 06:00:00,2.671983966181409,51.517,0.9684917097911239
2021-09-21 07:00:00,2.6708595529172077,68.412,0.9665547288022935
2021-09-21 08:00:00,2.6697351396530062,79.942,0.9646177478134632
2021-09-21 09:00:00,2.668610726388805,86.077,0.9626807668246329
2021-09-21 10:00:00,2.6674863131246034,87.748,0.9607437858358026
2021-09-21 11:00:00,2.666361899860402,83.715,0.9588068048469722
2021-09-21 12:00:00,2.6652374865962,74.296,0.9568698238581419
2021-09-21 13:00:00,2.6641130733319986,59.092,0.9549328428693116
2021-09-21 14:00:00,2.662988660067797,38.057,0.9529958618804812
2021-09-21 15:00:00,2.661864246803596,12.968,0.9510588808916509
2021-09-21 16:00:00,2.6607398335393944,0.0,0.9491218999028206
2021-09-21 17:00:00,2.659615420275193,0.0,0.9471849189139903
2021-09-21 18:00:00,2.6584910070109915,0.0,0.9452479379251599
2021-09-21 19:00:00,2.65736659374679,0.0,0.9433109569363296
2021-09-21 20:00:00,2.656242180482588,0.0,0.9413739759474993
2021-09-21 21:00:00,2.6551177672183868,0.0,0.939436994958669
2021-09-21 22:00:00,2.6539933539541853,0.0,0.9375000139698386
2021-09-21 23:00:00,2.652868940689984,0.0,0.9355630329810083
2021-09-22 00:00:00,2.6517445274257825,0.0,0.933626051992178
2021-09-22 01:00:00,2.650620114161581,0.0,0.9315276518464088
2021-09-22 02:00:00,2.6494957008973796,0.0,0.9294292517006397
2021-09-22 03:00:00,2.648371287633178,0.0,0.9273308515548706
2021-09-22 04:00:00,2.6472468743689763,3.648,0.9252324514091015
2021-09-22 05:00:00,2.646122461104775,28.033,0.9231340512633324
2021-09-22 06:00:00,2.6449980478405735,51.506,0.9210356511175632
2021-09-22 07:00:00,2.643873634576372,68.672,0.9189372509717941
2021-09-22 08:00:00,2.6427492213121706,79.822,0.916838850826025
2021-09-22 09:00:00,2.641624808047969,84.984,0.9147404506802559
2021-09-22 10:00:00,2.6405003947837677,85.11,0.9126420505344868
2021-09-22 11:00:00,2.6393759815195663,80.064,0.9105436503887177
2021-09-22 12:00:00,2.638251568255365,69.954,0.9084452502429485
2021-09-22 13:00:00,2.637127154991163,54.659,0.9063468500971794
2021-09-22 14:00:00,2.6360027417269616,34.822,0.9042484499514103
2021-09-22 15:00:00,2.63487832846276,11.932,0.9021500498056412
2021-09-22 16:00:00,2.6337539151985587,0.0,0.900051649659872
2021-09-22 17:00:00,2.6326295019343573,0.0,0.8979532495141029
2021-09-22 18:00:00,2.631505088670156,0.0,0.8958548493683338
2021-09-22 19:00:00,2.6303806754059544,0.0,0.8937564492225647
2021-09-22 20:00:00,2.629256262141753,0.0,0.8916580490767956
2021-09-22 21:00:00,2.628131848877551,0.0,0.8895596489310265
2021-09-22 22:00:00,2.6270074356133497,0.0,0.8874612487852573
2021-09-22 23:00:00,2.6258830223491483,0.0,0.8853628486394882
2021-09-23 00:00:00,2.624758609084947,0.0,0.8832644484937191
2021-09-23 01:00:00,2.6236341958207454,0.0,0.8810046361759305
2021-09-23 02:00:00,2.622509782556544,0.0,0.8787448238581419
2021-09-23 03:00:00,2.6213853692923426,0.0,0.8764850115403533
2021-09-23 04:00:00,2.620260956028141,3.184,0.8742251992225647
2021-09-23 05:00:00,2.6191365427639393,23.721,0.8719653869047761
2021-09-23 06:00:00,2.618012129499738,46.576,0.8697055745869875
2021-09-23 07:00:00,2.6168877162355364,63.027,0.8674457622691989
2021-09-23 08:00:00,2.615763302971335,73.639,0.8651859499514103
2021-09-23 09:00:00,2.6146388897071335,78.909,0.8629261376336217
2021-09-23 10:00:00,2.613514476442932,79.511,0.8606663253158331
2021-09-23 11:00:00,2.6123900631787307,75.311,0.8584065129980445
2021-09-23 12:00:00,2.6112656499145293,65.09,0.8561467006802559
2021-09-23 13:00:00,2.6101412366503274,51.062,0.8538868883624673
2021-09-23 14:00:00,2.609016823386126,32.107,0.8516270760446787
2021-09-23 15:00:00,2.6078924101219245,10.29,0.8493672637268901
2021-09-23 16:00:00,2.606767996857723,0.0,0.8471074514091015
2021-09-23 17:00:00,2.6056435835935217,0.0,0.8448476390913129
2021-09-23 18:00:00,2.6045191703293202,0.0,0.8425878267735243
2021-09-23 19:00:00,2.603394757065119,0.0,0.8403280144557357
2021-09-23 20:00:00,2.6022703438009174,0.0,0.8380682021379471
2021-09-23 21:00:00,2.6011459305367155,0.0,0.8358083898201585
2021-09-23 22:00:00,2.600021517272514,0.0,0.8335485775023699
2021-09-23 23:00:00,2.5988971040083126,0.0,0.8312887651845813
2021-09-24 00:00:00,2.597772690744111,0.0,0.8290289528667927
2021-09-24 01:00:00,2.59664827747991,0.0,0.8272533840499818
2021-09-24 02:00:00,2.5955238642157084,0.0,0.825477815233171
2021-09-24 03:00:00,2.594399450951507,0.0,0.8237022464163601
2021-09-24 04:00:00,2.5932750376873055,1.487,0.8219266775995493
2021-09-24 05:00:00,2.5921506244231036,16.168,0.8201511087827384
2021-09-24 06:00:00,2.591026211158902,42.066,0.8183755399659276
2021-09-24 07:00:00,2.5899017978947008,65.865,0.8165999711491168
2021-09-24 08:00:00,2.5887773846304993,77.307,0.8148244023323059
2021-09-24 09:00:00,2.587652971366298,82.529,0.8130488335154951
2021-09-24 10:00:00,2.5865285581020965,82.903,0.8112732646986842
2021-09-24 11:00:00,2.585404144837895,78.657,0.8094976958818734
2021-09-24 12:00:00,2.5842797315736936,69.496,0.8077221270650625
2021-09-24 13:00:00,2.5831553183094917,55.06,0.8059465582482517
2021-09-24 14:00:00,2.5820309050452903,35.175,0.8041709894314408
2021-09-24 15:00:00,2.580906491781089,11.7,0.80239542061463
2021-09-24 16:00:00,2.5797820785168875,0.0,0.8006198517978191
2021-09-24 17:00:00,2.578657665252686,0.0,0.7988442829810083
2021-09-24 18:00:00,5.978381931781771,0.0,0.7970687141641974
2021-09-24 19:00:00,6.584261067708331,0.0,0.7952931453473866
2021-09-24 20:00:00,6.257974886894226,0.0,0.7935175765305758
2021-09-24 21:00:00,5.723706746101382,0.0,0.7917420077137649
2021-09-24 22:00:00,4.094951673348745,0.0,0.7899664388969541
2021-09-24 23:00:00,3.226362295945485,0.0,0.7881908700801432
2021-09-25 00:00:00,3.0248504976431527,0.0,0.7864153012633324
2021-09-25 01:00:00,2.8500213662783307,0.0,0.7844783179461956
2021-09-25 02:00:00,2.125217614571253,0.0,0.7825413346290588
2021-09-25 03:00:00,2.4387450714906063,0.0,0.7806043513119221
2021-09-25 04:00:00,2.486649252971014,3.524,0.7786673679947853
2021-09-25 05:00:00,3.7131805499394734,23.422,0.7767303846776485
2021-09-25 06:00:00,3.9749839901924138,33.152,0.7747934013605118
2021-09-25 07:00:00,5.677066934108733,56.192,0.772856418043375
2021-09-25 08:00:00,4.030100679397583,74.969,0.7709194347262383
2021-09-25 09:00:00,3.5213533520698546,80.891,0.7689824514091015
2021-09-25 10:00:00,3.62964102824529,81.145,0.7670454680919647
2021-09-25 11:00:00,4.150096992651621,75.477,0.765108484774828
2021-09-25 12:00:00,4.337575201193491,61.402,0.7631715014576912
2021-09-25 13:00:00,2.92816323041916,40.581,0.7612345181405544
2021-09-25 14:00:00,3.713580850760142,23.166,0.7592975348234177
2021-09-25 15:00:00,3.17441467444102,6.542,0.7573605515062809
2021-09-25 16:00:00,3.1795099059740703,0.0,0.7554235681891441
2021-09-25 17:00:00,3.5257049798965454,0.0,0.7534865848720074
2021-09-25 18:00:00,7.784510199228922,0.0,0.7515496015548706
2021-09-25 19:00:00,9.09377493063609,0.0,0.7496126182377338
2021-09-25 20:00:00,7.358045506477357,0.0,0.7476756349205971
2021-09-25 21:00:00,6.141445310910544,0.0,0.7457386516034603
2021-09-25 22:00:00,4.289411274592082,0.0,0.7438016682863235
2021-09-25 23:00:00,4.0319983283678695,0.0,0.7418646849691868
2021-09-26 00:00:00,3.2941157102584833,0.0,0.73992770165205
2021-09-26 01:00:00,2.8046958843866983,0.0,0.737667887005955
2021-09-26 02:00:00,3.0780253291130077,0.0,0.7354080723598599
2021-09-26 03:00:00,2.795809177557627,0.0,0.7331482577137649
2021-09-26 04:00:00,2.52978789806366,3.702,0.7308884430676699
2021-09-26 05:00:00,2.4651883920033764,25.816,0.7286286284215748
2021-09-26 06:00:00,2.8682837724685672,47.671,0.7263688137754798
2021-09-26 07:00:00,3.228802474339803,63.991,0.7241089991293848
2021-09-26 08:00:00,4.5148722966512045,74.807,0.7218491844832897
2021-09-26 09:00:00,3.328890204429626,79.619,0.7195893698371947
2021-09-26 10:00:00,3.406437071164449,80.076,0.7173295551910996
2021-09-26 11:00:00,3.2184760451316827,76.029,0.7150697405450046
2021-09-26 12:00:00,3.049955383936564,66.646,0.7128099258989096
2021-09-26 13:00:00,3.3995707670847577,51.674,0.7105501112528145
2021-09-26 14:00:00,3.861067008972168,32.174,0.7082902966067195
2021-09-26 15:00:00,3.89742747147878,9.616,0.7060304819606245
2021-09-26 16:00:00,4.6073237260182704,0.0,0.7037706673145294
2021-09-26 17:00:00,3.6451504230499263,0.0,0.7015108526684344
2021-09-26 18:00:00,4.709468364715576,0.0,0.6992510380223393
2021-09-26 19:00:00,8.562896450360615,0.0,0.6969912233762443
2021-09-26 20:00:00,7.612468282381694,0.0,0.6947314087301493
2021-09-26 21:00:00,3.9846582055091866,0.0,0.6924715940840542
2021-09-26 22:00:00,2.746810932954153,0.0,0.6902117794379592
2021-09-26 23:00:00,2.260492010911306,0.0,0.6879519647918642
2021-09-27 00:00:00,2.3966302752494815,0.0,0.6856921501457691
2021-09-27 01:00:00,2.427030797799428,0.0,0.6844008271582425
2021-09-27 02:00:00,2.2632444461186725,0.0,0.6831095041707158
2021-09-27 03:00:00,2.1462615986665083,0.0,0.6818181811831892
2021-09-27 04:00:00,2.914232782522838,3.135,0.6805268581956625
2021-09-27 05:00:00,4.392436969280243,24.207,0.6792355352081358
2021-09-27 06:00:00,5.622391831874849,46.653,0.6779442122206092
2021-09-27 07:00:00,3.8047376394271857,63.667,0.6766528892330825
2021-09-27 08:00:00,6.454479551315308,74.609,0.6753615662455559
2021-09-27 09:00:00,4.999682422478994,79.747,0.6740702432580292
2021-09-27 10:00:00,3.87318116426468,78.761,0.6727789202705026
2021-09-27 11:00:00,3.617830435434977,64.585,0.6714875972829759
2021-09-27 12:00:00,2.698744946718216,50.472,0.6701962742954493
2021-09-27 13:00:00,3.1221999267737073,37.356,0.6689049513079226
2021-09-27 14:00:00,2.318633766969045,22.421,0.667613628320396
2021-09-27 15:00:00,3.164933856328328,6.472,0.6663223053328693
2021-09-27 16:00:00,2.946488344669342,0.0,0.6650309823453426
2021-09-27 17:00:00,3.4744896729787196,0.0,0.663739659357816
2021-09-27 18:00:00,5.304685807228091,0.0,0.6624483363702893
2021-09-27 19:00:00,10.451176659266157,0.0,0.6611570133827627
2021-09-27 20:00:00,8.456141082445777,0.0,0.659865690395236
2021-09-27 21:00:00,5.824219727516175,0.0,0.6585743674077094
2021-09-27 22:00:00,3.0256967425346377,0.0,0.6572830444201827
2021-09-27 23:00:00,2.67104561328888,0.0,0.655991721432656
2021-09-28 00:00:00,2.526730581124625,0.0,0.6547003984451294
2021-09-28 01:00:00,2.535603566964468,0.0,0.6535704922862351
2021-09-28 02:00:00,2.5907922546068822,0.0,0.6524405861273408
2021-09-28 03:00:00,2.5271694620450336,0.0,0.6513106799684465
2021-09-28 04:00:00,2.587322159608205,4.28,0.6501807738095522
2021-09-28 05:00:00,3.6013889988263452,27.819,0.6490508676506579
2021-09-28 06:00:00,6.064043458302817,50.429,0.6479209614917636
2021-09-28 07:00:00,5.358536167939503,66.133,0.6467910553328693
2021-09-28 08:00:00,3.919584600130717,75.845,0.645661149173975
2021-09-28 09:00:00,3.327523259321849,85.07,0.6445312430150807
2021-09-28 10:00:00,2.5696889360745754,85.843,0.6434013368561864
2021-09-28 11:00:00,2.718543338775635,81.899,0.6422714306972921
2021-09-28 12:00:00,4.530447487036388,73.005,0.6411415245383978
2021-09-28 13:00:00,3.4069619099299113,57.637,0.6400116183795035
2021-09-28 14:00:00,3.2723194956779476,37.043,0.6388817122206092
2021-09-28 15:00:00,2.7729815721511835,12.633,0.6377518060617149
2021-09-28 16:00:00,3.6256403366724657,0.0,0.6366218999028206
2021-09-28 17:00:00,5.478349741299947,0.0,0.6354919937439263
2021-09-28 18:00:00,7.587390176455179,0.0,0.634362087585032
2021-09-28 19:00:00,7.283813325564067,0.0,0.6332321814261377
2021-09-28 20:00:00,6.302631187438965,0.0,0.6321022752672434
2021-09-28 21:00:00,3.949389008680979,0.0,0.6309723691083491
2021-09-28 22:00:00,2.689787459373474,0.0,0.6298424629494548
2021-09-28 23:00:00,2.5284732143084203,0.0,0.6287125567905605
2021-09-29 00:00:00,2.2494724432627367,0.0,0.6275826506316662
2021-09-29 01:00:00,2.4563556551933288,0.0,0.6267755734734237
2021-09-29 02:00:00,2.3734339992205298,0.0,0.6259684963151813
2021-09-29 03:00:00,2.2426111340522765,0.0,0.6251614191569388
2021-09-29 04:00:00,2.9820969303449,2.248,0.6243543419986963
2021-09-29 05:00:00,3.447156858444214,21.79,0.6235472648404539
2021-09-29 06:00:00,6.551665902137755,50.364,0.6227401876822114
2021-09-29 07:00:00,4.766474986076355,66.975,0.6219331105239689
2021-09-29 08:00:00,5.5312211871147134,78.213,0.6211260333657265
2021-09-29 09:00:00,3.346982280413309,83.503,0.620318956207484
2021-09-29 10:00:00,3.303159840901693,84.264,0.6195118790492415
2021-09-29 11:00:00,2.734133752187093,80.241,0.6187048018909991
2021-09-29 12:00:00,3.270945167541504,71.518,0.6178977247327566
2021-09-29 13:00:00,2.6033322413762403,56.107,0.6170906475745142
2021-09-29 14:00:00,3.326322511831919,35.658,0.6162835704162717
2021-09-29 15:00:00,2.712322187423705,11.648,0.6154764932580292
2021-09-29 16:00:00,3.13571796019872,0.0,0.6146694160997868
2021-09-29 17:00:00,5.943438653151195,0.0,0.6138623389415443
2021-09-29 18:00:00,9.519250257809956,0.0,0.6130552617833018
2021-09-29 19:00:00,7.410664558410643,0.0,0.6122481846250594
2021-09-29 20:00:00,6.771061627070109,0.0,0.6114411074668169
2021-09-29 21:00:00,4.829288494586945,0.0,0.6106340303085744
2021-09-29 22:00:00,3.9122474193573,0.0,0.609826953150332
2021-09-29 23:00:00,3.911675002394604,0.0,0.6090198759920895
2021-09-30 00:00:00,3.9111025854319084,0.0,0.608212798833847
2021-09-30 01:00:00,3.9105301684692124,0.0,0.6065986468456686
2021-09-30 02:00:00,3.909957751506517,0.0,0.6049844948574901
2021-09-30 03:00:00,3.909385334543821,0.0,0.6033703428693116
2021-09-30 04:00:00,3.9088129175811255,4.296,0.6017561908811331
2021-09-30 05:00:00,3.9082405006184295,27.736,0.6001420388929546
2021-09-30 06:00:00,3.907668083655734,51.563,0.5985278869047761
2021-09-30 07:00:00,3.907095666693038,68.414,0.5969137349165976
2021-09-30 08:00:00,3.9065232497303426,79.086,0.5952995829284191
2021-09-30 09:00:00,3.9059508327676467,84.225,0.5936854309402406
2021-09-30 10:00:00,3.905378415804951,84.491,0.5920712789520621
2021-09-30 11:00:00,3.904805998842255,79.984,0.5904571269638836
2021-09-30 12:00:00,3.9042335818795597,70.892,0.5888429749757051
2021-09-30 13:00:00,3.9036611649168638,56.194,0.5872288229875267
2021-09-30 14:00:00,3.9030887479541683,36.01,0.5856146709993482
2021-09-30 15:00:00,3.9025163309914723,12.128,0.5840005190111697
2021-09-30 16:00:00,3.901943914028777,0.0,0.5823863670229912
2021-09-30 17:00:00,3.901371497066081,0.0,0.5807722150348127
2021-09-30 18:00:00,3.9007990801033854,0.0,0.5791580630466342
2021-09-30 19:00:00,3.9002266631406894,0.0,0.5775439110584557
2021-09-30 20:00:00,3.899654246177994,0.0,0.5759297590702772
2021-09-30 21:00:00,3.899081829215298,0.0,0.5743156070820987
2021-09-30 22:00:00,3.8985094122526025,0.0,0.5727014550939202
2021-09-30 23:00:00,3.8979369952899066,0.0,0.5710873031057417
2021-10-01 00:00:00,3.897364578327211,0.0,0.5694731511175632
2021-10-01 01:00:00,3.896792161364515,0.0,0.5680204136297107
2021-10-01 02:00:00,3.8962197444018196,0.0,0.5665676761418581
2021-10-01 03:00:00,3.8956473274391237,0.0,0.5651149386540055
2021-10-01 04:00:00,3.895074910476428,4.326,0.563662201166153
2021-10-01 05:00:00,3.8945024935137322,24.752,0.5622094636783004
2021-10-01 06:00:00,3.8939300765510367,46.881,0.5607567261904478
2021-10-01 07:00:00,3.893357659588341,61.904,0.5593039887025952
2021-10-01 08:00:00,3.8927852426256453,63.142,0.5578512512147427
2021-10-01 09:00:00,3.8922128256629493,62.018,0.5563985137268901
2021-10-01 10:00:00,3.891640408700254,56.046,0.5549457762390375
2021-10-01 11:00:00,3.891067991737558,56.529,0.5534930387511849
2021-10-01 12:00:00,3.8904955747748624,59.417,0.5520403012633324
2021-10-01 13:00:00,3.8899231578121665,48.034,0.5505875637754798
2021-10-01 14:00:00,3.889350740849471,30.568,0.5491348262876272
2021-10-01 15:00:00,3.888778323886775,10.998,0.5476820887997746
2021-10-01 16:00:00,3.8882059069240795,0.0,0.5462293513119221
2021-10-01 17:00:00,3.8876334899613836,0.0,0.5447766138240695
2021-10-01 18:00:00,3.887061072998688,0.0,0.5433238763362169
2021-10-01 19:00:00,3.886488656035992,0.0,0.5418711388483644
2021-10-01 20:00:00,3.8859162390732966,0.0,0.5404184013605118
2021-10-01 21:00:00,3.8853438221106007,0.0,0.5389656638726592
2021-10-01 22:00:00,3.884771405147905,0.0,0.5375129263848066
2021-10-01 23:00:00,3.8841989881852093,0.0,0.5360601888969541
2021-10-02 00:00:00,3.8836265712225138,0.0,0.5346074514091015
2021-10-02 01:00:00,3.883054154259818,0.0,0.5329932970926166
2021-10-02 02:00:00,3.8824817372971223,0.0,0.5313791427761316
2021-10-02 03:00:00,3.8819093203344264,0.0,0.5297649884596467
2021-10-02 04:00:00,3.881336903371731,2.143,0.5281508341431618
2021-10-02 05:00:00,3.880764486409035,19.395,0.5265366798266768
2021-10-02 06:00:00,3.8801920694463394,43.291,0.5249225255101919
2021-10-02 07:00:00,3.8796196524836435,60.505,0.523308371193707
2021-10-02 08:00:00,3.879047235520948,72.051,0.5216942168772221
2021-10-02 09:00:00,3.878474818558252,77.652,0.5200800625607371
2021-10-02 10:00:00,3.8779024015955565,78.25,0.5184659082442522
2021-10-02 11:00:00,3.8773299846328606,74.291,0.5168517539277673
2021-10-02 12:00:00,3.876757567670165,65.738,0.5152375996112823
2021-10-02 13:00:00,3.876185150707469,52.101,0.5136234452947974
2021-10-02 14:00:00,3.8756127337447737,33.439,0.5120092909783125
2021-10-02 15:00:00,3.8750403167820777,11.588,0.5103951366618276
2021-10-02 16:00:00,3.874467899819382,0.005,0.5087809823453426
2021-10-02 17:00:00,3.8738954828566863,0.0,0.5071668280288577
2021-10-02 18:00:00,3.873323065893991,0.0,0.5055526737123728
2021-10-02 19:00:00,3.872750648931295,0.0,0.5039385193958879
2021-10-02 20:00:00,3.8721782319685993,0.0,0.5023243650794029
2021-10-02 21:00:00,3.8716058150059034,0.0,0.500710210762918
2021-10-02 22:00:00,3.8710333980432075,0.0,0.4990960564464331
2021-10-02 23:00:00,3.870460981080512,0.0,0.4974819021299481
2021-10-03 00:00:00,3.869888564117816,0.0,0.4958677478134632
2021-10-03 01:00:00,3.8693161471551205,0.0,0.49457642599008983
2021-10-03 02:00:00,3.8687437301924246,0.0,0.4932851041667163
2021-10-03 03:00:00,3.868171313229729,0.0,0.4919937823433429
2021-10-03 04:00:00,3.867598896267033,3.834,0.4907024605199695
2021-10-03 05:00:00,3.8670264793043376,23.504,0.48941113869659597
2021-10-03 06:00:00,3.8664540623416417,46.923,0.4881198168732226
2021-10-03 07:00:00,3.865881645378946,63.584,0.4868284950498492
2021-10-03 08:00:00,3.8653092284162502,73.635,0.48553717322647566
2021-10-03 09:00:00,3.8647368114535547,78.513,0.4842458514031023
2021-10-03 10:00:00,3.864164394490859,78.822,0.4829545295797289
2021-10-03 11:00:00,3.8635919775281633,74.758,0.48166320775635535
2021-10-03 12:00:00,3.8630195605654674,65.979,0.48037188593298197
2021-10-03 13:00:00,3.862447143602772,52.152,0.4790805641096086
2021-10-03 14:00:00,3.861874726640076,33.238,0.47778924228623504
2021-10-03 15:00:00,3.8613023096773804,11.341,0.47649792046286166
2021-10-03 16:00:00,3.8607298927146845,0.021,0.4752065986394883
2021-10-03 17:00:00,3.860157475751989,0.0,0.47391527681611473
2021-10-03 18:00:00,3.859585058789293,0.0,0.47262395499274135
2021-10-03 19:00:00,3.8590126418265975,0.0,0.47133263316936796
2021-10-03 20:00:00,3.8584402248639016,0.0,0.4700413113459944
2021-10-03 21:00:00,3.857867807901206,0.0,0.46874998952262104
2021-10-03 22:00:00,3.85729539093851,0.0,0.4674586676992476
2021-10-03 23:00:00,3.8567229739758147,0.0,0.46616734587587416
2021-10-04 00:00:00,3.8561505570131187,0.0,0.4648760240525007
2021-10-04 01:00:00,3.855578140050423,0.0,0.46503743971697986
2021-10-04 02:00:00,3.8550057230877273,0.0,0.465198855381459
2021-10-04 03:00:00,3.8544333061250318,0.0,0.46536027104593813
2021-10-04 04:00:00,3.853860889162336,1.641,0.46552168671041727
2021-10-04 05:00:00,3.8532884721996403,11.925,0.4656831023748964
2021-10-04 06:00:00,3.8527160552369444,31.568,0.46584451803937554
2021-10-04 07:00:00,3.852143638274249,59.382,0.4660059337038547
2021-10-04 08:00:00,3.851571221311553,74.285,0.4661673493683338
2021-10-04 09:00:00,3.8509988043488574,79.521,0.46632876503281295
2021-10-04 10:00:00,3.8504263873861615,79.752,0.4664901806972921
2021-10-04 11:00:00,3.849853970423466,75.464,0.4666515963617712
2021-10-04 12:00:00,3.84928155346077,66.523,0.46681301202625036
2021-10-04 13:00:00,3.8487091364980746,52.565,0.4669744276907295
2021-10-04 14:00:00,3.8481367195353786,32.885,0.46713584335520864
2021-10-04 15:00:00,3.847564302572683,10.92,0.46729725901968777
2021-10-04 16:00:00,3.846991885609987,0.0,0.4674586746841669
2021-10-04 17:00:00,3.8464194686472917,0.0,0.46762009034864604
2021-10-04 18:00:00,3.8458470516845957,0.0,0.4677815060131252
2021-10-04 19:00:00,3.8452746347219002,0.0,0.4679429216776043
2021-10-04 20:00:00,3.8447022177592043,0.0,0.46810433734208345
2021-10-04 21:00:00,3.844129800796509,0.0,0.4682657530065626
2021-10-04 22:00:00,3.843557383833813,0.0,0.4684271686710417
2021-10-04 23:00:00,3.8429849668711173,0.0,0.46858858433552086
2021-10-05 00:00:00,3.8424125499084214,0.0,0.46875
2021-10-05 01:00:00,3.841840132945726,0.0,0.539934141561389
2021-10-05 02:00:00,3.84126771598303,0.0,0.6111182831227779
2021-10-05 03:00:00,3.8406952990203345,0.0,0.6823024246841669
2021-10-05 04:00:00,3.8401228820576385,3.889,0.7534865662455558
2021-10-05 05:00:00,3.839550465094943,26.391,0.8246707078069448
2021-10-05 06:00:00,3.838978048132247,47.794,0.8958548493683338
2021-10-05 07:00:00,3.8384056311695516,63.502,0.9670389909297227
2021-10-05 08:00:00,3.8378332142068556,73.337,1.0382231324911115
2021-10-05 09:00:00,3.83726079724416,78.008,1.1094072740525007
2021-10-05 10:00:00,3.836688380281464,77.088,1.1805914156138897
2021-10-05 11:00:00,3.8361159633187687,69.988,1.2517755571752784
2021-10-05 12:00:00,3.8355435463560728,59.052,1.3229596987366676
2021-10-05 13:00:00,3.8349711293933773,48.158,1.3941438402980566
2021-10-05 14:00:00,3.8343987124306813,32.881,1.4653279818594453
2021-10-05 15:00:00,3.833826295467986,11.226,1.5365121234208345
2021-10-05 16:00:00,3.83325387850529,0.073,1.6076962649822235
2021-10-05 17:00:00,3.8326814615425944,0.0,1.6788804065436123
2021-10-05 18:00:00,3.8321090445798984,0.0,1.7500645481050014
2021-10-05 19:00:00,3.831536627617203,0.0,1.8212486896663904
2021-10-05 20:00:00,3.830964210654507,0.0,1.8924328312277792
2021-10-05 21:00:00,3.830391793691811,0.0,1.9636169727891684
2021-10-05 22:00:00,3.8298193767291155,0.0,2.034801114350557
2021-10-05 23:00:00,3.8292469597664196,0.0,2.1059852559119463
2021-10-06 00:00:00,3.828674542803724,0.0,2.1771693974733353
2021-10-06 01:00:00,3.828102125841028,0.0,2.236408805474639
2021-10-06 02:00:00,3.8275297088783327,0.0,2.2956482134759426
2021-10-06 03:00:00,3.8269572919156367,0.0,2.3548876214772463
2021-10-06 04:00:00,3.826384874952941,1.364,2.41412702947855
2021-10-06 05:00:00,3.8258124579902453,7.486,2.4733664374798536
2021-10-06 06:00:00,3.8252400410275498,16.329,2.5326058454811573
2021-10-06 07:00:00,3.824667624064854,25.523,2.591845253482461
2021-10-06 08:00:00,3.8240952071021583,40.547,2.6510846614837646
2021-10-06 09:00:00,3.8235227901394624,56.069,2.7103240694850683
2021-10-06 10:00:00,3.822950373176767,71.684,2.769563477486372
2021-10-06 11:00:00,3.822377956214071,74.572,2.8288028854876757
2021-10-06 12:00:00,3.8218055392513754,67.762,2.8880422934889793
2021-10-06 13:00:00,3.8212331222886795,54.068,2.947281701490283
2021-10-06 14:00:00,3.820660705325984,34.026,3.0065211094915867
2021-10-06 15:00:00,3.820088288363288,11.489,3.0657605174928904
2021-10-06 16:00:00,3.8195158714005926,0.068,3.124999925494194
2021-10-06 17:00:00,3.8189434544378966,0.0,3.1842393334954977
2021-10-06 18:00:00,3.818371037475201,0.0,3.2434787414968014
2021-10-06 19:00:00,3.817798620512505,0.0,3.302718149498105
2021-10-06 20:00:00,3.8172262035498097,0.0,3.3619575574994087
2021-10-06 21:00:00,3.8166537865871137,0.0,3.4211969655007124
2021-10-06 22:00:00,3.8160813696244182,0.0,3.480436373502016
2021-10-06 23:00:00,3.8155089526617223,0.0,3.5396757815033197
2021-10-07 00:00:00,3.814936535699027,0.0,3.5989151895046234
2021-10-07 01:00:00,3.814364118736331,0.0,3.5843878146260977
2021-10-07 02:00:00,3.8137917017736354,0.0,3.569860439747572
2021-10-07 03:00:00,3.8132192848109394,0.0,3.555333064869046
2021-10-07 04:00:00,3.812646867848244,1.997,3.5408056899905205
2021-10-07 05:00:00,3.812074450885548,14.865,3.5262783151119947
2021-10-07 06:00:00,3.8115020339228525,41.879,3.511750940233469
2021-10-07 07:00:00,3.8109296169601565,62.645,3.4972235653549433
2021-10-07 08:00:00,3.810357199997461,75.494,3.4826961904764175
2021-10-07 09:00:00,3.809784783034765,81.162,3.468168815597892
2021-10-07 10:00:00,3.8092123660720696,81.021,3.453641440719366
2021-10-07 11:00:00,3.8086399491093736,70.803,3.4391140658408403
2021-10-07 12:00:00,3.808067532146678,49.45,3.4245866909623146
2021-10-07 13:00:00,3.807495115183982,20.82,3.410059316083789
2021-10-07 14:00:00,3.8069226982212867,9.135,3.395531941205263
2021-10-07 15:00:00,3.8063502812585908,8.244,3.3810045663267374
2021-10-07 16:00:00,3.8057778642958953,0.193,3.3664771914482117
2021-10-07 17:00:00,3.8052054473331993,0.0,3.351949816569686
2021-10-07 18:00:00,3.804633030370504,0.0,3.33742244169116
2021-10-07 19:00:00,3.804060613407808,0.0,3.3228950668126345
2021-10-07 20:00:00,3.8034881964451124,0.0,3.3083676919341087
2021-10-07 21:00:00,3.8029157794824164,0.0,3.293840317055583
2021-10-07 22:00:00,3.802343362519721,0.0,3.2793129421770573
2021-10-07 23:00:00,3.801770945557025,0.0,3.2647855672985315
2021-10-08 00:00:00,3.8011985285943295,0.0,3.250258192420006
2021-10-08 01:00:00,3.8006261116316336,0.0,3.231534017249942
2021-10-08 02:00:00,3.800053694668938,0.0,3.212809842079878
2021-10-08 03:00:00,3.799481277706242,0.0,3.194085666909814
2021-10-08 04:00:00,3.7989088607435466,4.668,3.17536149173975
2021-10-08 05:00:00,3.7983364437808507,19.574,3.156637316569686
2021-10-08 06:00:00,3.797764026818155,22.347,3.137913141399622
2021-10-08 07:00:00,3.7971916098554592,36.699,3.119188966229558
2021-10-08 08:00:00,3.7966191928927637,59.921,3.100464791059494
2021-10-08 09:00:00,3.796046775930068,70.996,3.08174061588943
2021-10-08 10:00:00,3.7954743589673723,59.59,3.063016440719366
2021-10-08 11:00:00,3.7949019420046763,49.256,3.044292265549302
2021-10-08 12:00:00,3.794329525041981,47.374,3.025568090379238
2021-10-08 13:00:00,3.793757108079285,43.102,3.006843915209174
2021-10-08 14:00:00,3.7931846911165894,34.199,2.98811974003911
2021-10-08 15:00:00,3.7926122741538935,11.719,2.969395564869046
2021-10-08 16:00:00,3.792039857191198,0.156,2.9506713896989822
2021-10-08 17:00:00,3.791467440228502,0.0,2.9319472145289183
2021-10-08 18:00:00,3.790895023265806,0.0,2.9132230393588543
2021-10-08 19:00:00,3.7903226063031106,0.0,2.8944988641887903
2021-10-08 20:00:00,3.7897501893404146,0.0,2.8757746890187263
2021-10-08 21:00:00,3.789177772377719,0.0,2.8570505138486624
2021-10-08 22:00:00,3.788605355415023,0.0,2.8383263386785984
2021-10-08 23:00:00,3.7880329384523277,0.0,2.8196021635085344
2021-10-09 00:00:00,3.7874605214896317,0.0,2.8008779883384705
2021-10-09 01:00:00,3.7868881045269362,0.0,2.784897880628705
2021-10-09 02:00:00,3.7863156875642403,0.0,2.7689177729189396
2021-10-09 03:00:00,3.785743270601545,0.0,2.752937665209174
2021-10-09 04:00:00,3.785170853638849,5.666,2.7369575574994087
2021-10-09 05:00:00,3.7845984366761534,27.814,2.7209774497896433
2021-10-09 06:00:00,3.7840260197134574,49.125,2.704997342079878
2021-10-09 07:00:00,3.783453602750762,65.203,2.6890172343701124
2021-10-09 08:00:00,3.782881185788066,75.604,2.673037126660347
2021-10-09 09:00:00,3.7823087688253705,80.499,2.6570570189505816
2021-10-09 10:00:00,3.7817363518626745,78.448,2.641076911240816
2021-10-09 11:00:00,3.781163934899979,75.775,2.6250968035310507
2021-10-09 12:00:00,3.780591517937283,68.101,2.6091166958212852
2021-10-09 13:00:00,3.7800191009745876,54.122,2.59313658811152
2021-10-09 14:00:00,3.7794466840118917,34.818,2.5771564804017544
2021-10-09 15:00:00,3.778874267049196,12.138,2.561176372691989
2021-10-09 16:00:00,3.7783018500865,0.179,2.5451962649822235
2021-10-09 17:00:00,3.7777294331238047,0.0,2.529216157272458
2021-10-09 18:00:00,3.7771570161611088,0.0,2.5132360495626926
2021-10-09 19:00:00,3.7765845991984133,0.0,2.497255941852927
2021-10-09 20:00:00,3.7760121822357173,0.0,2.4812758341431618
2021-10-09 21:00:00,3.775439765273022,0.0,2.4652957264333963
2021-10-09 22:00:00,3.774867348310326,0.0,2.449315618723631
2021-10-09 23:00:00,3.7742949313476304,0.0,2.4333355110138655
2021-10-10 00:00:00,3.7737225143849344,0.0,2.4173554033041
2021-10-10 01:00:00,3.773150097422239,0.0,2.4023437779396772
2021-10-10 02:00:00,3.772577680459543,0.0,2.3873321525752544
2021-10-10 03:00:00,3.7720052634968475,0.0,2.3723205272108316
2021-10-10 04:00:00,3.7714328465341516,5.635,2.357308901846409
2021-10-10 05:00:00,3.770860429571456,27.005,2.342297276481986
2021-10-10 06:00:00,3.77028801260876,47.611,2.3272856511175632
2021-10-10 07:00:00,3.7697155956460646,62.696,2.3122740257531404
2021-10-10 08:00:00,3.7691431786833687,72.703,2.2972624003887177
2021-10-10 09:00:00,3.768570761720673,77.771,2.282250775024295
2021-10-10 10:00:00,3.7679983447579772,78.163,2.267239149659872
2021-10-10 11:00:00,3.7674259277952817,73.964,2.2522275242954493
2021-10-10 12:00:00,3.766853510832586,64.946,2.2372158989310265
2021-10-10 13:00:00,3.7662810938698903,50.865,2.2222042735666037
2021-10-10 14:00:00,3.7657086769071944,30.355,2.207192648202181
2021-10-10 15:00:00,3.765136259944499,8.845,2.192181022837758
2021-10-10 16:00:00,3.764563842981803,0.11,2.1771693974733353
2021-10-10 17:00:00,3.7639914260191074,0.0,2.1621577721089125
2021-10-10 18:00:00,3.7634190090564115,0.0,2.1471461467444897
2021-10-10 19:00:00,3.762846592093716,0.0,2.132134521380067
2021-10-10 20:00:00,3.76227417513102,0.0,2.117122896015644
2021-10-10 21:00:00,3.7617017581683245,0.0,2.1021112706512213
2021-10-10 22:00:00,3.7611293412056286,0.0,2.0870996452867985
2021-10-10 23:00:00,3.760556924242933,0.0,2.0720880199223757
2021-10-11 00:00:00,3.759984507280237,0.0,2.057076394557953
2021-10-11 01:00:00,3.7594120903175416,0.0,2.0438403449952602
2021-10-11 02:00:00,3.7588396733548457,0.0,2.0306042954325676
2021-10-11 03:00:00,3.75826725639215,0.0,2.017368245869875
2021-10-11 04:00:00,3.7576948394294543,4.667,2.0041321963071823
2021-10-11 05:00:00,3.7571224224667588,20.618,1.99089614674449
2021-10-11 06:00:00,3.756550005504063,28.332,1.977660097181797
2021-10-11 07:00:00,3.7559775885413673,35.308,1.9644240476191042
2021-10-11 08:00:00,3.7554051715786714,40.443,1.951187998056412
2021-10-11 09:00:00,3.754832754615976,54.256,1.937951948493719
2021-10-11 10:00:00,3.75426033765328,64.096,1.9247158989310262
2021-10-11 11:00:00,3.7536879206905844,61.26,1.911479849368334
2021-10-11 12:00:00,3.7531155037278885,54.28,1.8982437998056412
2021-10-11 13:00:00,3.752543086765193,39.724,1.8850077502429483
2021-10-11 14:00:00,3.751970669802497,24.274,1.871771700680256
2021-10-11 15:00:00,3.7513982528398016,9.225,1.8585356511175632
2021-10-11 16:00:00,3.7508258358771056,0.251,1.8452996015548706
2021-10-11 17:00:00,3.7502534189144097,0.0,1.832063551992178
2021-10-11 18:00:00,3.749681001951714,0.0,1.8188275024294853
2021-10-11 19:00:00,3.7491085849890182,0.0,1.8055914528667927
2021-10-11 20:00:00,3.7485361680263227,0.0,1.7923554033041
2021-10-11 21:00:00,3.747963751063627,0.0,1.7791193537414074
2021-10-11 22:00:00,3.7473913341009313,0.0,1.7658833041787148
2021-10-11 23:00:00,3.7468189171382353,0.0,1.752647254616022
2021-10-12 00:00:00,3.74624650017554,0.0,1.7394112050533295
2021-10-12 01:00:00,3.745674083212844,0.0,1.7310176091268659
2021-10-12 02:00:00,3.7451016662501484,0.0,1.7226240132004023
2021-10-12 03:00:00,3.7445292492874525,0.0,1.7142304172739387
2021-10-12 04:00:00,3.743956832324757,5.515,1.705836821347475
2021-10-12 05:00:00,3.743384415362061,26.323,1.6974432254210114
2021-10-12 06:00:00,3.7428119983993655,47.381,1.6890496294945478
2021-10-12 07:00:00,3.7422395814366696,63.319,1.6806560335680842
2021-10-12 08:00:00,3.741667164473974,75.135,1.6722624376416206
2021-10-12 09:00:00,3.741094747511278,81.96,1.663868841715157
2021-10-12 10:00:00,3.7405223305485826,83.312,1.6554752457886934
2021-10-12 11:00:00,3.7399499135858867,79.568,1.6470816498622298
2021-10-12 12:00:00,3.739377496623191,70.651,1.6386880539357662
2021-10-12 13:00:00,3.7388050796604952,56.309,1.6302944580093026
2021-10-12 14:00:00,3.7382326626977997,36.34,1.621900862082839
2021-10-12 15:00:00,3.737660245735104,11.992,1.6135072661563754
2021-10-12 16:00:00,3.7370878287724083,0.296,1.6051136702299118
2021-10-12 17:00:00,3.7365154118097124,0.0,1.5967200743034482
2021-10-12 18:00:00,3.735942994847017,0.0,1.5883264783769846
2021-10-12 19:00:00,3.735370577884321,0.0,1.579932882450521
2021-10-12 20:00:00,3.7347981609216254,0.0,1.5715392865240574
2021-10-12 21:00:00,3.7342257439589295,0.0,1.5631456905975938
2021-10-12 22:00:00,3.733653326996234,0.0,1.5547520946711302
2021-10-12 23:00:00,3.733080910033538,0.0,1.5463584987446666
2021-10-13 00:00:00,3.7325084930708425,0.0,1.537964902818203
2021-10-13 01:00:00,3.7319360761081466,0.0,1.5308626275509596
2021-10-13 02:00:00,3.731363659145451,0.0,1.5237603522837162
2021-10-13 03:00:00,3.730791242182755,0.0,1.5166580770164728
2021-10-13 04:00:00,3.7302188252200597,2.04,1.5095558017492294
2021-10-13 05:00:00,3.7296464082573637,11.548,1.502453526481986
2021-10-13 06:00:00,3.729073991294668,33.513,1.4953512512147427
2021-10-13 07:00:00,3.7285015743319723,51.479,1.4882489759474993
2021-10-13 08:00:00,3.7279291573692768,68.36,1.481146700680256
2021-10-13 09:00:00,3.727356740406581,77.709,1.4740444254130125
2021-10-13 10:00:00,3.7267843234438853,81.871,1.4669421501457691
2021-10-13 11:00:00,3.7262119064811894,80.233,1.4598398748785257
2021-10-13 12:00:00,3.725639489518494,71.604,1.4527375996112823
2021-10-13 13:00:00,3.725067072555798,57.337,1.445635324344039
2021-10-13 14:00:00,3.7244946555931024,37.066,1.4385330490767956
2021-10-13 15:00:00,3.7239222386304065,13.132,1.4314307738095522
2021-10-13 16:00:00,3.723349821667711,0.362,1.4243284985423088
2021-10-13 17:00:00,3.722777404705015,0.0,1.4172262232750654
2021-10-13 18:00:00,3.7222049877423196,0.0,1.410123948007822
2021-10-13 19:00:00,3.7216325707796236,0.0,1.4030216727405787
2021-10-13 20:00:00,3.721060153816928,0.0,1.3959193974733353
2021-10-13 21:00:00,3.720487736854232,0.0,1.3888171222060919
2021-10-13 22:00:00,3.7199153198915367,0.0,1.3817148469388485
2021-10-13 23:00:00,3.7193429029288407,0.0,1.374612571671605
2021-10-14 00:00:00,3.7187704859661452,0.0,1.3675102964043617
2021-10-14 01:00:00,3.7181980690034493,0.0,1.3621835922822356
2021-10-14 02:00:00,3.717625652040754,0.0,1.3568568881601095
2021-10-14 03:00:00,3.717053235078058,0.0,1.3515301840379834
2021-10-14 04:00:00,3.7164808181153624,5.088,1.3462034799158573
2021-10-14 05:00:00,3.7159084011526664,22.749,1.3408767757937312
2021-10-14 06:00:00,3.715335984189971,49.041,1.335550071671605
2021-10-14 07:00:00,3.714763567227275,66.706,1.330223367549479
2021-10-14 08:00:00,3.7141911502645795,78.287,1.324896663427353
2021-10-14 09:00:00,3.7136187333018835,83.364,1.3195699593052268
2021-10-14 10:00:00,3.713046316339188,84.296,1.3142432551831007
2021-10-14 11:00:00,3.712473899376492,80.292,1.3089165510609746
2021-10-14 12:00:00,3.7119014824137966,70.814,1.3035898469388485
2021-10-14 13:00:00,3.7113290654511006,56.314,1.2982631428167224
2021-10-14 14:00:00,3.710756648488405,36.351,1.2929364386945963
2021-10-14 15:00:00,3.710184231525709,12.723,1.2876097345724702
2021-10-14 16:00:00,3.7096118145630133,0.35,1.282283030450344
2021-10-14 17:00:00,3.7090393976003178,0.0,1.276956326328218
2021-10-14 18:00:00,3.708466980637622,0.0,1.2716296222060919
2021-10-14 19:00:00,3.7078945636749263,0.0,1.2663029180839658
2021-10-14 20:00:00,3.7073221467122304,0.0,1.2609762139618397
2021-10-14 21:00:00,3.706749729749535,0.0,1.2556495098397136
2021-10-14 22:00:00,3.706177312786839,0.0,1.2503228057175875
2021-10-14 23:00:00,3.7056048958241434,0.0,1.2449961015954614
2021-10-15 00:00:00,3.7050324788614475,0.0,1.2396693974733353
2021-10-15 01:00:00,3.704460061898752,0.0,1.2356340140104294
2021-10-15 02:00:00,3.703887644936056,0.0,1.2315986305475235
2021-10-15 03:00:00,3.7033152279733605,0.0,1.2275632470846176
2021-10-15 04:00:00,3.7027428110106646,6.709,1.2235278636217117
2021-10-15 05:00:00,3.702170394047969,28.996,1.2194924801588058
2021-10-15 06:00:00,3.701597977085273,45.073,1.2154570966959
2021-10-15 07:00:00,3.7010255601225777,54.948,1.211421713232994
2021-10-15 08:00:00,3.7004531431598817,73.855,1.2073863297700882
2021-10-15 09:00:00,3.699880726197186,80.108,1.2033509463071823
2021-10-15 10:00:00,3.6993083092344903,79.932,1.1993155628442764
2021-10-15 11:00:00,3.698735892271795,68.958,1.1952801793813705
2021-10-15 12:00:00,3.698163475309099,47.146,1.1912447959184647
2021-10-15 13:00:00,3.6975910583464033,40.853,1.1872094124555588
2021-10-15 14:00:00,3.6970186413837074,28.809,1.183174028992653
2021-10-15 15:00:00,3.696446224421012,10.789,1.179138645529747
2021-10-15 16:00:00,3.695873807458316,0.438,1.1751032620668411
2021-10-15 17:00:00,3.6953013904956205,0.0,1.1710678786039352
2021-10-15 18:00:00,3.6947289735329245,0.0,1.1670324951410294
2021-10-15 19:00:00,3.694156556570229,0.0,1.1629971116781235
2021-10-15 20:00:00,3.693584139607533,0.0,1.1589617282152176
2021-10-15 21:00:00,3.6930117226448376,0.0,1.1549263447523117
2021-10-15 22:00:00,3.6924393056821416,0.0,1.1508909612894058
2021-10-15 23:00:00,3.691866888719446,0.0,1.1468555778265
2021-10-16 00:00:00,3.69129447175675,0.0,1.142820194363594
2021-10-16 01:00:00,3.6907220547940547,0.0,1.1413674568757415
2021-10-16 02:00:00,3.6901496378313587,0.0,1.139914719387889
2021-10-16 03:00:00,3.6895772208686632,0.0,1.1384619819000363
2021-10-16 04:00:00,3.6890048039059673,3.831,1.1370092444121838
2021-10-16 05:00:00,3.688432386943272,21.897,1.1355565069243312
2021-10-16 06:00:00,3.687859969980576,46.367,1.1341037694364786
2021-10-16 07:00:00,3.6872875530178804,63.039,1.132651031948626
2021-10-16 08:00:00,3.6867151360551844,75.129,1.1311982944607735
2021-10-16 09:00:00,3.686142719092489,80.454,1.129745556972921
2021-10-16 10:00:00,3.685570302129793,81.522,1.1282928194850683
2021-10-16 11:00:00,3.6849978851670975,76.497,1.1268400819972157
2021-10-16 12:00:00,3.6844254682044015,63.15,1.1253873445093632
2021-10-16 13:00:00,3.683853051241706,45.252,1.1239346070215106
2021-10-16 14:00:00,3.68328063427901,30.026,1.122481869533658
2021-10-16 15:00:00,3.6827082173163146,11.919,1.1210291320458055
2021-10-16 16:00:00,3.6821358003536186,0.529,1.1195763945579529
2021-10-16 17:00:00,3.681563383390923,0.0,1.1181236570701003
2021-10-16 18:00:00,3.680990966428227,0.0,1.1166709195822477
2021-10-16 19:00:00,3.6804185494655317,0.0,1.1152181820943952
2021-10-16 20:00:00,3.6798461325028358,0.0,1.1137654446065426
2021-10-16 21:00:00,3.6792737155401403,0.0,1.11231270711869
2021-10-16 22:00:00,3.6787012985774443,0.0,1.1108599696308374
2021-10-16 23:00:00,3.678128881614749,0.0,1.1094072321429849
2021-10-17 00:00:00,3.677556464652053,0.0,1.1079544946551323
2021-10-17 01:00:00,3.6769840476893574,0.0,1.1140882782638073
2021-10-17 02:00:00,3.6764116307266614,0.0,1.1202220618724823
2021-10-17 03:00:00,3.675839213763966,0.0,1.1263558454811573
2021-10-17 04:00:00,3.67526679680127,1.299,1.1324896290898323
2021-10-17 05:00:00,3.6746943798385745,9.02,1.1386234126985073
2021-10-17 06:00:00,3.6741219628758786,19.341,1.1447571963071823
2021-10-17 07:00:00,3.673549545913183,29.672,1.1508909799158573
2021-10-17 08:00:00,3.672977128950487,42.928,1.1570247635245323
2021-10-17 09:00:00,3.6724047119877916,55.616,1.1631585471332073
2021-10-17 10:00:00,3.6718322950250957,64.365,1.1692923307418823
2021-10-17 11:00:00,3.6712598780624,63.824,1.1754261143505573
2021-10-17 12:00:00,3.6706874610997042,56.776,1.1815598979592323
2021-10-17 13:00:00,3.6701150441370087,41.499,1.1876936815679073
2021-10-17 14:00:00,3.669542627174313,23.501,1.1938274651765823
2021-10-17 15:00:00,3.668970210211617,6.328,1.1999612487852573
2021-10-17 16:00:00,3.6683977932489213,0.034,1.2060950323939323
2021-10-17 17:00:00,3.6678253762862254,0.0,1.2122288160026073
2021-10-17 18:00:00,3.66725295932353,0.0,1.2183625996112823
2021-10-17 19:00:00,3.666680542360834,0.0,1.2244963832199574
2021-10-17 20:00:00,3.6661081253981385,0.0,1.2306301668286324
2021-10-17 21:00:00,3.6655357084354425,0.0,1.2367639504373074
2021-10-17 22:00:00,3.664963291472747,0.0,1.2428977340459824
2021-10-17 23:00:00,3.664390874510051,0.0,1.2490315176546574
2021-10-18 00:00:00,3.6638184575473556,0.0,1.2551653012633324
2021-10-18 01:00:00,3.6632460405846596,0.0,1.2650116346776485
2021-10-18 02:00:00,3.662673623621964,0.0,1.2748579680919647
2021-10-18 03:00:00,3.662101206659268,0.0,1.284704301506281
2021-10-18 04:00:00,3.6615287896965727,2.012,1.294550634920597
2021-10-18 05:00:00,3.6609563727338768,11.652,1.3043969683349133
2021-10-18 06:00:00,3.6603839557711813,21.121,1.3142433017492294
2021-10-18 07:00:00,3.6598115388084853,33.293,1.3240896351635456
2021-10-18 08:00:00,3.65923912184579,49.047,1.3339359685778618
2021-10-18 09:00:00,3.658666704883094,64.178,1.343782301992178
2021-10-18 10:00:00,3.6580942879203984,67.5,1.3536286354064941
2021-10-18 11:00:00,3.6575218709577024,62.46,1.3634749688208103
2021-10-18 12:00:00,3.656949453995007,51.498,1.3733213022351265
2021-10-18 13:00:00,3.656377037032311,37.155,1.3831676356494427
2021-10-18 14:00:00,3.6558046200696155,20.975,1.3930139690637589
2021-10-18 15:00:00,3.6552322031069195,6.475,1.402860302478075
2021-10-18 16:00:00,3.654659786144224,0.072,1.4127066358923912
2021-10-18 17:00:00,3.654087369181528,0.0,1.4225529693067074
2021-10-18 18:00:00,3.6535149522188326,0.0,1.4323993027210236
2021-10-18 19:00:00,3.6529425352561367,0.0,1.4422456361353397
2021-10-18 20:00:00,3.652370118293441,0.0,1.452091969549656
2021-10-18 21:00:00,3.651797701330745,0.0,1.461938302963972
2021-10-18 22:00:00,3.6512252843680497,0.0,1.4717846363782883
2021-10-18 23:00:00,3.6506528674053538,0.0,1.4816309697926044
2021-10-19 00:00:00,3.6500804504426583,0.0,1.4914773032069206
2021-10-19 01:00:00,3.6495080334799623,0.0,1.8541774479672313
2021-10-19 02:00:00,3.648935616517267,0.0,2.216877592727542
2021-10-19 03:00:00,3.648363199554571,0.0,2.5795777374878526
2021-10-19 04:00:00,3.6477907825918754,4.307,2.9422778822481637
2021-10-19 05:00:00,3.6472183656291794,20.977,3.304978027008474
2021-10-19 06:00:00,3.646645948666484,44.139,3.6676781717687845
2021-10-19 07:00:00,3.646073531703788,63.75,4.030378316529095
2021-10-19 08:00:00,3.6455011147410925,73.843,4.393078461289407
2021-10-19 09:00:00,3.6449286977783966,80.977,4.7557786060497165
2021-10-19 10:00:00,3.644356280815701,82.502,5.118478750810027
2021-10-19 11:00:00,3.643783863853005,77.722,5.481178895570339
2021-10-19 12:00:00,3.6432114468903096,69.316,5.843879040330648
2021-10-19 13:00:00,3.6426390299276137,54.642,6.206579185090959
2021-10-19 14:00:00,3.642066612964918,33.681,6.569279329851271
2021-10-19 15:00:00,3.6414941960022222,10.589,6.93197947461158
2021-10-19 16:00:00,3.6409217790395267,0.619,7.294679619371891
2021-10-19 17:00:00,3.640349362076831,0.0,7.657379764132203
2021-10-19 18:00:00,3.6397769451141353,0.0,8.020079908892512
2021-10-19 19:00:00,3.6392045281514394,0.0,8.382780053652825
2021-10-19 20:00:00,3.638632111188744,0.0,8.745480198413134
2021-10-19 21:00:00,3.638059694226048,0.0,9.108180343173444
2021-10-19 22:00:00,3.6374872772633524,0.0,9.470880487933757
2021-10-19 23:00:00,3.6369148603006565,0.0,9.833580632694066
2021-10-20 00:00:00,3.636342443337961,0.0,10.196280777454376
2021-10-20 01:00:00,3.635770026375265,0.0,11.779119111597538
2021-10-20 02:00:00,3.6351976094125695,0.0,13.3619574457407
2021-10-20 03:00:00,3.6346251924498736,0.0,14.944795779883862
2021-10-20 04:00:00,3.634052775487178,4.712,16.527634114027023
2021-10-20 05:00:00,3.633480358524482,16.708,18.110472448170185
2021-10-20 06:00:00,3.6329079415617866,31.385,19.693310782313347
2021-10-20 07:00:00,3.6323355245990907,42.125,21.27614911645651
2021-10-20 08:00:00,3.631763107636395,41.468,22.858987450599667
2021-10-20 09:00:00,3.6311906906736993,38.126,24.441825784742832
2021-10-20 10:00:00,3.6306182737110038,35.57,26.024664118885994
2021-10-20 11:00:00,3.630045856748308,27.335,27.607502453029152
2021-10-20 12:00:00,5.29311728477478,18.195,29.190340787172318
2021-10-20 13:00:00,6.3853734612464885,14.576,30.773179121315483
2021-10-20 14:00:00,6.401876946290334,12.247,32.35601745545864
2021-10-20 15:00:00,5.24495853583018,2.695,33.9388557896018
2021-10-20 16:00:00,6.3052183667818715,0.0,35.52169412374496
2021-10-20 17:00:00,10.112103939056402,0.0,37.104532457888126
2021-10-20 18:00:00,9.8455246369044,0.0,38.68737079203129
2021-10-20 19:00:00,9.223474335670472,0.0,40.27020912617444
2021-10-20 20:00:00,12.019109892845156,0.0,41.85304746031761
2021-10-20 21:00:00,6.390568645795186,0.0,43.43588579446077
2021-10-20 22:00:00,2.7335961480935413,0.0,45.01872412860393
2021-10-20 23:00:00,1.9704589903354648,0.0,46.6015624627471
2021-10-21 00:00:00,1.5227036237716671,0.0,48.18440079689026
2021-10-21 01:00:00,1.6498628854751591,0.0,49.88975331187248
2021-10-21 02:00:00,1.6560142854849491,0.0,51.595105826854706
2021-10-21 03:00:00,2.4376819809277857,0.0,53.30045834183693
2021-10-21 04:00:00,2.8417375425497693,1.98,55.00581085681915
2021-10-21 05:00:00,4.008318018913269,11.066,56.711163371801376
2021-10-21 06:00:00,3.4927956501642856,20.89,58.4165158867836
2021-10-21 07:00:00,6.261169556776687,28.311,60.12186840176582
2021-10-21 08:00:00,9.808942254384364,35.669,61.82722091674805
2021-10-21 09:00:00,6.1052879810333245,43.06,63.53257343173027
2021-10-21 10:00:00,4.9375607013702405,47.866,65.2379259467125
2021-10-21 11:00:00,8.30798279444377,47.848,66.94327846169472
2021-10-21 12:00:00,7.682835491498311,44.116,68.64863097667694
2021-10-21 13:00:00,7.948421200116473,37.748,70.35398349165916
2021-10-21 14:00:00,5.979058718681335,26.862,72.05933600664139
2021-10-21 15:00:00,7.424793863296511,11.747,73.76468852162361
2021-10-21 16:00:00,5.900741036732993,0.613,75.47004103660583
2021-10-21 17:00:00,7.708494778474171,0.0,77.17539355158806
2021-10-21 18:00:00,6.135038534800211,0.0,78.88074606657028
2021-10-21 19:00:00,11.64501222769419,0.0,80.5860985815525
2021-10-21 20:00:00,8.169548114140829,0.0,82.29145109653473
2021-10-21 21:00:00,6.8716535568237305,0.0,83.99680361151695
2021-10-21 22:00:00,4.843890468279522,0.0,85.70215612649918
2021-10-21 23:00:00,3.309917565186819,0.0,87.4075086414814
2021-10-22 00:00:00,3.2326282779375717,0.0,89.11286115646362
2021-10-22 01:00:00,3.4007401307423906,0.0,89.76255774497986
2021-10-22 02:00:00,3.487740941842396,0.0,90.4122543334961
2021-10-22 03:00:00,3.159134391943612,0.0,91.06195092201233
2021-10-22 04:00:00,4.783272171020508,4.37,91.71164751052856
2021-10-22 05:00:00,4.908165542284648,26.219,92.3613440990448
2021-10-22 06:00:00,4.171625494956971,50.666,93.01104068756104
2021-10-22 07:00:00,4.96425793170929,69.062,93.66073727607727
2021-10-22 08:00:00,6.121652412414549,80.096,94.3104338645935
2021-10-22 09:00:00,4.904301623503367,85.332,94.96013045310974
2021-10-22 10:00:00,5.248739937941234,85.692,95.60982704162598
2021-10-22 11:00:00,6.775453956921894,81.185,96.25952363014221
2021-10-22 12:00:00,7.148916347821554,71.614,96.90922021865845
2021-10-22 13:00:00,5.8987546602884935,56.789,97.55891680717468
2021-10-22 14:00:00,6.173676840464273,36.657,98.20861339569092
2021-10-22 15:00:00,5.838421205679576,12.791,98.85830998420715
2021-10-22 16:00:00,6.989512018362681,0.784,99.50800657272339
2021-10-22 17:00:00,7.626255905628202,0.0,100.15770316123962
2021-10-22 18:00:00,8.971808107693988,0.0,100.80739974975586
2021-10-22 19:00:00,9.152668190002442,0.0,101.4570963382721
2021-10-22 20:00:00,10.729397257169088,0.0,102.10679292678833
2021-10-22 21:00:00,7.832437380154928,0.0,102.75648951530457
2021-10-22 22:00:00,4.959283248583476,0.0,103.4061861038208
2021-10-22 23:00:00,4.22052051226298,0.0,104.05588269233704
2021-10-23 00:00:00,3.565245791276296,0.0,104.70557928085327
2021-10-23 01:00:00,3.606917679309845,0.0,103.66461217403412
2021-10-23 02:00:00,3.873101969559988,0.0,102.62364506721497
2021-10-23 03:00:00,3.6481748263041185,0.0,101.58267796039581
2021-10-23 04:00:00,3.531961878140768,4.364,100.54171085357666
2021-10-23 05:00:00,4.798278816541036,20.368,99.50074374675751
2021-10-23 06:00:00,6.621737774213157,43.687,98.45977663993835
2021-10-23 07:00:00,8.461721324920653,63.921,97.4188095331192
2021-10-23 08:00:00,10.702395788828532,76.644,96.37784242630005
2021-10-23 09:00:00,8.991938614845276,82.272,95.3368753194809
2021-10-23 10:00:00,5.208370649814607,82.872,94.29590821266174
2021-10-23 11:00:00,5.826198776563009,78.533,93.25494110584259
2021-10-23 12:00:00,7.927964556217195,69.202,92.21397399902344
2021-10-23 13:00:00,6.959195494651794,54.709,91.17300689220428
2021-10-23 14:00:00,7.884637578328452,35.073,90.13203978538513
2021-10-23 15:00:00,8.621263709561584,12.418,89.09107267856598
2021-10-23 16:00:00,4.9224538564682,0.809,88.05010557174683
2021-10-23 17:00:00,5.5363807121912645,0.0,87.00913846492767
2021-10-23 18:00:00,7.987767632802325,0.0,85.96817135810852
2021-10-23 19:00:00,8.333173799514771,0.0,84.92720425128937
2021-10-23 20:00:00,11.857910966873169,0.0,83.88623714447021
2021-10-23 21:00:00,7.633613260587055,0.0,82.84527003765106
2021-10-23 22:00:00,5.670751790205638,0.0,81.80430293083191
2021-10-23 23:00:00,4.577278447151183,0.0,80.76333582401276
2021-10-24 00:00:00,3.218578251202901,0.0,79.7223687171936
2021-10-24 01:00:00,2.8927573045094808,0.0,79.13869082927704
2021-10-24 02:00:00,3.139108407497405,0.0,78.55501294136047
2021-10-24 03:00:00,2.955817341804504,0.0,77.97133505344391
2021-10-24 04:00:00,2.8758571306864424,7.419,77.38765716552734
2021-10-24 05:00:00,2.8362105588118234,28.835,76.80397927761078
2021-10-24 06:00:00,3.736024936040243,49.049,76.22030138969421
2021-10-24 07:00:00,5.787606612841291,64.059,75.63662350177765
2021-10-24 08:00:00,8.042335871855418,74.191,75.05294561386108
2021-10-24 09:00:00,6.6213047822316495,79.237,74.46926772594452
2021-10-24 10:00:00,4.71412714322408,79.421,73.88558983802795
2021-10-24 11:00:00,4.769214618206024,74.913,73.30191195011139
2021-10-24 12:00:00,5.060943361123403,66.085,72.71823406219482
2021-10-24 13:00:00,3.81680146853129,48.269,72.13455617427826
2021-10-24 14:00:00,4.38051648537318,28.897,71.5508782863617
2021-10-24 15:00:00,10.6650172829628,10.608,70.96720039844513
2021-10-24 16:00:00,8.809037272135415,0.881,70.38352251052856
2021-10-24 17:00:00,10.617199746767684,0.0,69.799844622612
2021-10-24 18:00:00,9.091335654258726,0.0,69.21616673469543
2021-10-24 19:00:00,11.948974355061848,0.0,68.63248884677887
2021-10-24 20:00:00,8.098662996292116,0.0,68.0488109588623
2021-10-24 21:00:00,7.220706812540687,0.0,67.46513307094574
2021-10-24 22:00:00,6.440605552991231,0.0,66.88145518302917
2021-10-24 23:00:00,3.5547027945518495,0.0,66.29777729511261
2021-10-25 00:00:00,2.591152230898538,0.0,65.71409940719604
2021-10-25 01:00:00,2.5946725408236193,0.0,66.032894551754
2021-10-25 02:00:00,2.801895149548849,0.0,66.35168969631195
2021-10-25 03:00:00,2.548382393519085,0.0,66.6704848408699
2021-10-25 04:00:00,3.4190254767735793,5.735,66.98927998542786
2021-10-25 05:00:00,6.894441886742905,24.402,67.30807512998581
2021-10-25 06:00:00,4.5180593907833115,30.698,67.62687027454376
2021-10-25 07:00:00,5.3064685583114635,33.483,67.94566541910172
2021-10-25 08:00:00,6.445840787887573,30.806,68.26446056365967
2021-10-25 09:00:00,6.2405215938886025,25.342,68.58325570821762
2021-10-25 10:00:00,6.042514554659527,50.556,68.90205085277557
2021-10-25 11:00:00,6.456603447596231,39.054,69.22084599733353
2021-10-25 12:00:00,4.444795648256938,20.048,69.53964114189148
2021-10-25 13:00:00,5.459909848372139,10.517,69.85843628644943
2021-10-25 14:00:00,4.957752494017282,6.964,70.17723143100739
2021-10-25 15:00:00,6.239382016658784,4.349,70.49602657556534
2021-10-25 16:00:00,5.671502522627512,0.139,70.81482172012329
2021-10-25 17:00:00,6.771329951286316,0.0,71.13361686468124
2021-10-25 18:00:00,9.248457527160646,0.0,71.4524120092392
2021-10-25 19:00:00,13.554416592915851,0.0,71.77120715379715
2021-10-25 20:00:00,13.4605446656545,0.0,72.0900022983551
2021-10-25 21:00:00,10.821806836128236,0.0,72.40879744291306
2021-10-25 22:00:00,5.102272478739421,0.0,72.72759258747101
2021-10-25 23:00:00,4.219727404912312,0.0,73.04638773202896
2021-10-26 00:00:00,4.176698275407156,0.0,73.36518287658691
2021-10-26 01:00:00,3.963048883279165,0.0,73.40424537658691
2021-10-26 02:00:00,3.938115052382151,0.0,73.44330787658691
2021-10-26 03:00:00,4.731204060713449,0.0,73.48237037658691
2021-10-26 04:00:00,3.941100855668386,3.329,73.52143287658691
2021-10-26 05:00:00,8.888410407304768,16.596,73.56049537658691
2021-10-26 06:00:00,7.295030395189924,29.68,73.59955787658691
2021-10-26 07:00:00,7.502905587355295,38.062,73.63862037658691
2021-10-26 08:00:00,7.561496611436208,42.221,73.67768287658691
2021-10-26 09:00:00,7.907510650157929,50.163,73.71674537658691
2021-10-26 10:00:00,8.830782103538516,51.602,73.75580787658691
2021-10-26 11:00:00,8.313685043652855,47.365,73.79487037658691
2021-10-26 12:00:00,8.197504417101543,41.77,73.83393287658691
2021-10-26 13:00:00,4.587541019916533,36.898,73.87299537658691
2021-10-26 14:00:00,4.859746710459391,25.097,73.91205787658691
2021-10-26 15:00:00,7.66797970533371,9.935,73.95112037658691
2021-10-26 16:00:00,10.680237611134848,0.89,73.99018287658691
2021-10-26 17:00:00,7.686276960372926,0.0,74.02924537658691
2021-10-26 18:00:00,7.631593195597333,0.0,74.06830787658691
2021-10-26 19:00:00,13.79449642499288,0.0,74.10737037658691
2021-10-26 20:00:00,9.416868948936465,0.0,74.14643287658691
2021-10-26 21:00:00,7.53403225739797,0.0,74.18549537658691
2021-10-26 22:00:00,4.380997820695242,0.0,74.22455787658691
2021-10-26 23:00:00,3.5051463643709813,0.0,74.26362037658691
2021-10-27 00:00:00,3.521554199854533,0.0,74.30268287658691
2021-10-27 01:00:00,3.4824987014134723,0.0,73.68736788630486
2021-10-27 02:00:00,3.454838732878367,0.0,73.0720528960228
2021-10-27 03:00:00,3.2052177588144932,0.0,72.45673790574074
2021-10-27 04:00:00,5.688685218493144,5.295,71.84142291545868
2021-10-27 05:00:00,6.0313321789105725,16.872,71.22610792517662
2021-10-27 06:00:00,5.481923749049504,31.507,70.61079293489456
2021-10-27 07:00:00,6.030581839879355,50.025,69.9954779446125
2021-10-27 08:00:00,4.592515043417614,64.43,69.38016295433044
2021-10-27 09:00:00,8.113906252384187,72.296,68.76484796404839
2021-10-27 10:00:00,5.695321039358774,71.587,68.14953297376633
2021-10-27 11:00:00,9.958328541119892,65.52,67.53421798348427
2021-10-27 12:00:00,9.058901230494184,50.885,66.91890299320221
2021-10-27 13:00:00,8.293362387021379,38.929,66.30358800292015
2021-10-27 14:00:00,8.755129400889077,26.13,65.68827301263809
2021-10-27 15:00:00,6.4651950677235925,11.702,65.07295802235603
2021-10-27 16:00:00,6.61994966665904,1.237,64.45764303207397
2021-10-27 17:00:00,7.034562142690024,0.0,63.84232804179192
2021-10-27 18:00:00,8.534593002001447,0.0,63.22701305150986
2021-10-27 19:00:00,12.266664266586302,0.0,62.61169806122779
2021-10-27 20:00:00,7.826444435119628,0.0,61.99638307094575
2021-10-27 21:00:00,7.361816716194156,0.0,61.38106808066368
2021-10-27 22:00:00,4.591479317347208,0.0,60.765753090381615
2021-10-27 23:00:00,4.146091898282369,0.0,60.15043810009957
2021-10-28 00:00:00,3.8487132509549458,0.0,59.535123109817505
2021-10-28 01:00:00,3.867931238810221,0.0,58.8970485329628
2021-10-28 02:00:00,3.776210689544677,0.0,58.25897395610809
2021-10-28 03:00:00,3.785576192537944,0.0,57.62089937925339
2021-10-28 04:00:00,3.858199520905812,6.24,56.98282480239868
2021-10-28 05:00:00,5.431150041023892,20.492,56.344750225543976
2021-10-28 06:00:00,3.693562334775928,32.27,55.70667564868927
2021-10-28 07:00:00,6.718345272541047,39.129,55.068601071834564
2021-10-28 08:00:00,8.586927966276807,41.363,54.43052649497986
2021-10-28 09:00:00,10.082299892107647,35.39,53.79245191812515
2021-10-28 10:00:00,8.56651201248169,32.486,53.15437734127045
2021-10-28 11:00:00,8.72288814385732,28.09,52.51630276441574
2021-10-28 12:00:00,9.157647689183555,23.164,51.878228187561035
2021-10-28 13:00:00,6.662475089232128,18.287,51.24015361070633
2021-10-28 14:00:00,6.056518594423929,13.734,50.60207903385162
2021-10-28 15:00:00,6.214736493428549,7.153,49.96400445699692
2021-10-28 16:00:00,7.54611083269119,0.993,49.32592988014221
2021-10-28 17:00:00,8.335574448108671,0.0,48.687855303287506
2021-10-28 18:00:00,12.472336228688562,0.0,48.0497807264328
2021-10-28 19:00:00,13.127175251642866,0.0,47.411706149578094
2021-10-28 20:00:00,6.869694066047667,0.0,46.77363157272339
2021-10-28 21:00:00,6.6440140247344965,0.0,46.13555699586868
2021-10-28 22:00:00,4.02712676525116,0.0,45.49748241901398
2021-10-28 23:00:00,3.6256264328956607,0.0,44.85940784215927
2021-10-29 00:00:00,3.579643829663594,0.0,44.221333265304565
2021-10-29 01:00:00,3.5706390778223676,0.0,43.753713220357895
2021-10-29 02:00:00,3.324236476421357,0.0,43.286093175411224
2021-10-29 03:00:00,3.6059098203976943,0.0,42.818473130464554
2021-10-29 04:00:00,4.796100771427153,7.808,42.35085308551788
2021-10-29 05:00:00,4.125921245416006,28.102,41.88323304057121
2021-10-29 06:00:00,1.43257409731547,47.852,41.41561299562454
2021-10-29 07:00:00,6.079869939883549,63.163,40.94799295067787
2021-10-29 08:00:00,4.777209369341532,73.421,40.4803729057312
2021-10-29 09:00:00,3.5243633707364403,78.626,40.01275286078453
2021-10-29 10:00:00,3.509798161188762,79.174,39.54513281583786
2021-10-29 11:00:00,3.784687850872676,75.08,39.07751277089119
2021-10-29 12:00:00,2.3795112530390417,66.221,38.60989272594452
2021-10-29 13:00:00,2.760517497857412,52.369,38.14227268099785
2021-10-29 14:00:00,5.149276061852773,33.475,37.67465263605118
2021-10-29 15:00:00,4.3808281203111,11.897,37.20703259110451
2021-10-29 16:00:00,6.44037412405014,1.083,36.73941254615784
2021-10-29 17:00:00,5.750530036290488,0.0,36.271792501211166
2021-10-29 18:00:00,5.9460294802983595,0.0,35.804172456264496
2021-10-29 19:00:00,12.023412084579473,0.0,35.336552411317825
2021-10-29 20:00:00,9.812512397766117,0.0,34.868932366371155
2021-10-29 21:00:00,6.1857978105545035,0.0,34.401312321424484
2021-10-29 22:00:00,4.4823276480038965,0.0,33.933692276477814
2021-10-29 23:00:00,3.2976375659306845,0.0,33.46607223153114
2021-10-30 00:00:00,3.3344488143920903,0.0,32.99845218658447
2021-10-30 01:00:00,3.285862267017365,0.0,32.68579073250294
2021-10-30 02:00:00,3.2485222339630133,0.0,32.3731292784214
2021-10-30 03:00:00,3.1949789325396214,0.0,32.06046782433987
2021-10-30 04:00:00,3.2277901132901508,5.935,31.747806370258335
2021-10-30 05:00:00,6.897732269763946,22.505,31.435144916176792
2021-10-30 06:00:00,6.151738746960958,44.321,31.12248346209526
2021-10-30 07:00:00,10.25091912349065,61.291,30.80982200801373
2021-10-30 08:00:00,8.390665098031365,71.586,30.497160553932186
2021-10-30 09:00:00,6.116481848557788,72.438,30.184499099850655
2021-10-30 10:00:00,5.814340833822886,69.991,29.87183764576912
2021-10-30 11:00:00,5.5642621119817095,66.039,29.559176191687584
2021-10-30 12:00:00,5.849338781833649,61.008,29.24651473760605
2021-10-30 13:00:00,7.164460937182109,50.092,28.933853283524513
2021-10-30 14:00:00,8.475441400210062,32.007,28.621191829442978
2021-10-30 15:00:00,7.893197854359944,12.041,28.308530375361443
2021-10-30 16:00:00,6.222336475054422,1.412,27.995868921279907
2021-10-30 17:00:00,11.299516495068866,0.0,27.683207467198372
2021-10-30 18:00:00,6.135719164212544,0.0,27.370546013116837
2021-10-30 19:00:00,9.263558546702066,0.0,27.0578845590353
2021-10-30 20:00:00,10.418154279390972,0.0,26.745223104953766
2021-10-30 21:00:00,8.249568533897397,0.0,26.43256165087223
2021-10-30 22:00:00,6.876833430926005,0.0,26.119900196790695
2021-10-30 23:00:00,5.022283959388734,0.0,25.80723874270916
2021-10-31 00:00:00,3.7322567264238993,0.0,25.494577288627625
2021-10-31 01:00:00,3.3232380350430812,0.0,25.383200719952583
2021-10-31 02:00:00,3.2646651188532516,0.0,25.271824151277542
2021-10-31 03:00:00,3.326060903072358,0.0,25.1604475826025
2021-10-31 04:00:00,6.101017169157663,4.219,25.04907101392746
2021-10-31 05:00:00,7.885927184422812,14.156,24.93769444525242
2021-10-31 06:00:00,6.398863641420999,21.646,24.826317876577377
2021-10-31 07:00:00,10.230318999290468,29.27,24.714941307902336
2021-10-31 08:00:00,9.126611149311069,40.086,24.603564739227295
2021-10-31 09:00:00,5.146357691287995,46.545,24.492188170552254
2021-10-31 10:00:00,5.291171423594156,46.361,24.380811601877213
2021-10-31 11:00:00,6.793649299939472,45.603,24.26943503320217
2021-10-31 12:00:00,10.840456239382434,47.335,24.15805846452713
2021-10-31 13:00:00,7.820332018534342,43.508,24.04668189585209
2021-10-31 14:00:00,8.014949607849122,33.082,23.935305327177048
2021-10-31 15:00:00,8.984874550501509,13.385,23.823928758502007
2021-10-31 16:00:00,6.661045849323272,1.514,23.712552189826965
2021-10-31 17:00:00,7.005505653222401,0.0,23.601175621151924
2021-10-31 18:00:00,5.134285000960033,0.0,23.489799052476883
2021-10-31 19:00:00,9.88541236718496,0.0,23.37842248380184
2021-10-31 20:00:00,8.999414507548016,0.0,23.2670459151268
2021-10-31 21:00:00,7.148173197110494,0.0,23.15566934645176
2021-10-31 22:00:00,4.970646631717682,0.0,23.044292777776718
2021-10-31 23:00:00,3.5727252960205074,0.0,22.932916209101677
2021-11-01 00:00:00,3.338845094045004,0.0,22.821539640426636
2021-11-01 01:00:00,3.37269359032313,0.0,22.78844952583313
2021-11-01 02:00:00,3.3611422141393037,0.0,22.755359411239624
2021-11-01 03:00:00,3.4672993699709567,0.0,22.722269296646118
2021-11-01 04:00:00,3.4474091966946916,3.302,22.689179182052612
2021-11-01 05:00:00,5.001283931732177,11.166,22.656089067459106
2021-11-01 06:00:00,5.950345400969188,36.858,22.6229989528656
2021-11-01 07:00:00,5.351629018783569,55.735,22.589908838272095
2021-11-01 08:00:00,6.203802641232809,53.758,22.55681872367859
2021-11-01 09:00:00,8.053081297874451,51.155,22.523728609085083
2021-11-01 10:00:00,5.950777296225231,51.981,22.490638494491577
2021-11-01 11:00:00,8.108418401082359,54.975,22.45754837989807
2021-11-01 12:00:00,5.822405238946279,46.966,22.424458265304565
2021-11-01 13:00:00,6.190769235293069,32.737,22.39136815071106
2021-11-01 14:00:00,7.798226865132644,19.034,22.358278036117554
2021-11-01 15:00:00,5.6526039123535154,10.08,22.325187921524048
2021-11-01 16:00:00,8.713293608029682,0.894,22.292097806930542
2021-11-01 17:00:00,8.823733909924828,0.0,22.259007692337036
2021-11-01 18:00:00,11.10937781333924,0.0,22.22591757774353
2021-11-01 19:00:00,12.759489814440409,0.0,22.192827463150024
2021-11-01 20:00:00,8.851237607002263,0.0,22.15973734855652
2021-11-01 21:00:00,5.769301931063334,0.0,22.126647233963013
2021-11-01 22:00:00,4.965282309055329,0.0,22.093557119369507
2021-11-01 23:00:00,3.8134073972702023,0.0,22.060467004776
2021-11-02 00:00:00,3.3588570117950436,0.0,22.027376890182495
2021-11-02 01:00:00,3.224037822087605,0.0,21.93391740322113
2021-11-02 02:00:00,3.162248651186625,0.0,21.840457916259766
2021-11-02 03:00:00,3.160642727216085,0.0,21.7469984292984
2021-11-02 04:00:00,3.380715195337932,3.617,21.653538942337036
2021-11-02 05:00:00,7.62229186296463,19.74,21.56007945537567
2021-11-02 06:00:00,6.335891497135162,32.356,21.466619968414307
2021-11-02 07:00:00,7.114771914482115,45.219,21.373160481452942
2021-11-02 08:00:00,5.830098736286163,60.48,21.279700994491577
2021-11-02 09:00:00,6.706978956858317,75.469,21.186241507530212
2021-11-02 10:00:00,8.813838338851928,80.486,21.092782020568848
2021-11-02 11:00:00,7.574757862091064,78.98,20.999322533607483
2021-11-02 12:00:00,10.22538372675578,70.617,20.905863046646118
2021-11-02 13:00:00,5.648596862951914,56.026,20.812403559684753
2021-11-02 14:00:00,6.881168834368387,36.307,20.71894407272339
2021-11-02 15:00:00,7.642587447166447,13.043,20.625484585762024
2021-11-02 16:00:00,4.891696874300639,1.338,20.53202509880066
2021-11-02 17:00:00,5.391331875324249,0.0,20.438565611839294
2021-11-02 18:00:00,7.6101257522900925,0.0,20.34510612487793
2021-11-02 19:00:00,12.191146612167357,0.0,20.251646637916565
2021-11-02 20:00:00,10.336913228034977,0.0,20.1581871509552
2021-11-02 21:00:00,8.103784108161925,0.0,20.064727663993835
2021-11-02 22:00:00,3.982701245943704,0.0,19.97126817703247
2021-11-02 23:00:00,3.1823000272115065,0.0,19.877808690071106
2021-11-03 00:00:00,3.0941491842269904,0.0,19.78434920310974
2021-11-03 01:00:00,3.00983943939209,0.0,19.684594571590424
2021-11-03 02:00:00,3.091251850128174,0.0,19.584839940071106
2021-11-03 03:00:00,3.0496682882308965,0.047,19.48508530855179
2021-11-03 04:00:00,5.601164658864339,8.584,19.38533067703247
2021-11-03 05:00:00,6.824005598823233,31.145,19.285576045513153
2021-11-03 06:00:00,3.635871053735415,51.762,19.185821413993835
2021-11-03 07:00:00,4.451028629144034,66.825,19.086066782474518
2021-11-03 08:00:00,5.039719541867575,77.199,18.9863121509552
2021-11-03 09:00:00,7.493609408537547,79.567,18.886557519435883
2021-11-03 10:00:00,4.636117851734161,76.567,18.786802887916565
2021-11-03 11:00:00,7.313734877109527,75.994,18.687048256397247
2021-11-03 12:00:00,5.867757022380829,68.818,18.58729362487793
2021-11-03 13:00:00,9.8115010301272,52.516,18.487538993358612
2021-11-03 14:00:00,4.887571446100869,32.395,18.387784361839294
2021-11-03 15:00:00,3.996430309613546,12.148,18.288029730319977
2021-11-03 16:00:00,6.374787167708079,1.505,18.18827509880066
2021-11-03 17:00:00,7.539207295576728,0.0,18.08852046728134
2021-11-03 18:00:00,10.669033527374266,0.0,17.988765835762024
2021-11-03 19:00:00,9.914603948593138,0.0,17.889011204242706
2021-11-03 20:00:00,11.709970045089722,0.0,17.78925657272339
2021-11-03 21:00:00,10.456696550051369,0.0,17.68950194120407
2021-11-03 22:00:00,6.037057876586914,0.0,17.589747309684753
2021-11-03 23:00:00,5.76537827650706,0.0,17.489992678165436
2021-11-04 00:00:00,4.569014461835225,0.0,17.390238046646118
2021-11-04 01:00:00,4.048798724015553,0.0,17.315018475055695
2021-11-04 02:00:00,4.046597878138225,0.0,17.23979890346527
2021-11-04 03:00:00,4.228655135631561,0.073,17.164579331874847
2021-11-04 04:00:00,5.69541536172231,8.217,17.089359760284424
2021-11-04 05:00:00,7.1416728317737554,27.729,17.014140188694
2021-11-04 06:00:00,7.43371202945709,48.116,16.938920617103577
2021-11-04 07:00:00,7.27649183273316,63.032,16.863701045513153
2021-11-04 08:00:00,5.655692529678346,73.475,16.78848147392273
2021-11-04 09:00:00,6.433752107620238,78.605,16.713261902332306
2021-11-04 10:00:00,4.511205581823984,79.019,16.638042330741882
2021-11-04 11:00:00,4.50295696258545,74.995,16.56282275915146
2021-11-04 12:00:00,5.038887017965317,66.07,16.487603187561035
2021-11-04 13:00:00,5.241123962402344,47.011,16.41238361597061
2021-11-04 14:00:00,5.582901247342429,21.21,16.337164044380188
2021-11-04 15:00:00,6.941993995507557,10.129,16.261944472789764
2021-11-04 16:00:00,6.945105814933773,1.718,16.18672490119934
2021-11-04 17:00:00,9.053481992085777,0.0,16.111505329608917
2021-11-04 18:00:00,9.938635706901549,0.0,16.036285758018494
2021-11-04 19:00:00,11.534019184112546,0.0,15.961066186428068
2021-11-04 20:00:00,12.121723190943396,0.0,15.885846614837648
2021-11-04 21:00:00,7.498118742307025,0.0,15.810627043247223
2021-11-04 22:00:00,4.658768399556477,0.0,15.735407471656798
2021-11-04 23:00:00,3.874753069877624,0.0,15.660187900066378
2021-11-05 00:00:00,3.792986138661703,0.0,15.584968328475952
2021-11-05 01:00:00,3.720927659670513,0.0,15.51668968051672
2021-11-05 02:00:00,3.486718277136485,0.0,15.448411032557487
2021-11-05 03:00:00,3.5912687619527186,0.079,15.380132384598255
2021-11-05 04:00:00,4.58783369064331,8.462,15.311853736639023
2021-11-05 05:00:00,8.160147651036583,29.167,15.24357508867979
2021-11-05 06:00:00,10.602242338657378,48.94,15.175296440720558
2021-11-05 07:00:00,4.8930783510208125,63.725,15.107017792761326
2021-11-05 08:00:00,6.124628615379332,73.106,15.038739144802094
2021-11-05 09:00:00,8.150200311342875,77.702,14.970460496842861
2021-11-05 10:00:00,4.248485843340556,77.903,14.902181848883629
2021-11-05 11:00:00,6.8427949905395495,73.737,14.833903200924397
2021-11-05 12:00:00,8.371379764874778,65.09,14.765624552965164
2021-11-05 13:00:00,8.89917704264323,51.587,14.697345905005932
2021-11-05 14:00:00,8.061677821477256,33.311,14.6290672570467
2021-11-05 15:00:00,8.547911500930786,11.897,14.560788609087467
2021-11-05 16:00:00,6.428998009363808,1.432,14.492509961128235
2021-11-05 17:00:00,8.432567977905274,0.0,14.424231313169003
2021-11-05 18:00:00,10.48696084022522,0.0,14.35595266520977
2021-11-05 19:00:00,13.314782476425172,0.0,14.287674017250538
2021-11-05 20:00:00,8.146800239880879,0.0,14.219395369291306
2021-11-05 21:00:00,6.2058789253234865,0.0,14.151116721332073
2021-11-05 22:00:00,4.3691928625106815,0.0,14.08283807337284
2021-11-05 23:00:00,4.3187836368878685,0.0,14.014559425413609
2021-11-06 00:00:00,4.367679937680562,0.0,13.946280777454376
2021-11-06 01:00:00,4.249034452438354,0.0,13.882844559848309
2021-11-06 02:00:00,3.996383476257325,0.0,13.819408342242241
2021-11-06 03:00:00,3.944602139790853,0.138,13.755972124636173
2021-11-06 04:00:00,3.552757140000662,8.606,13.692535907030106
2021-11-06 05:00:00,2.085666822393735,25.589,13.629099689424038
2021-11-06 06:00:00,0.8942427376906078,42.016,13.56566347181797
2021-11-06 07:00:00,4.142295144001643,54.295,13.502227254211903
2021-11-06 08:00:00,6.941362035274509,66.013,13.438791036605835
2021-11-06 09:00:00,6.674462727705642,74.443,13.375354818999767
2021-11-06 10:00:00,6.462092157204942,68.291,13.3119186013937
2021-11-06 11:00:00,5.711137123902637,44.833,13.248482383787632
2021-11-06 12:00:00,5.524074923992156,26.561,13.185046166181564
2021-11-06 13:00:00,4.560364429155985,17.055,13.121609948575497
2021-11-06 14:00:00,4.90731386343638,12.041,13.058173730969429
2021-11-06 15:00:00,8.442611161867779,8.318,12.994737513363361
2021-11-06 16:00:00,8.995275696118677,1.732,12.931301295757294
2021-11-06 17:00:00,8.510191893577574,0.0,12.867865078151226
2021-11-06 18:00:00,8.70790448188782,0.0,12.804428860545158
2021-11-06 19:00:00,8.820518056551615,0.0,12.74099264293909
2021-11-06 20:00:00,8.762729255358378,0.0,12.677556425333023
2021-11-06 21:00:00,8.437584098180128,0.0,12.614120207726955
2021-11-06 22:00:00,6.758723211288452,0.0,12.550683990120888
2021-11-06 23:00:00,5.176334404945374,0.0,12.48724777251482
2021-11-07 00:00:00,4.85429326693217,0.0,12.423811554908752
2021-11-07 01:00:00,4.4294056097666425,0.0,12.359729707241058
2021-11-07 02:00:00,4.220166858037312,0.0,12.295647859573364
2021-11-07 03:00:00,3.9966552893320726,0.027,12.23156601190567
2021-11-07 04:00:00,3.982105465730032,5.668,12.167484164237976
2021-11-07 05:00:00,5.341414801279705,20.42,12.103402316570282
2021-11-07 06:00:00,6.183032687505086,39.757,12.039320468902588
2021-11-07 07:00:00,7.1604601343472805,59.539,11.975238621234894
2021-11-07 08:00:00,6.796641576290131,76.579,11.9111567735672
2021-11-07 09:00:00,10.16084816058477,82.209,11.847074925899506
2021-11-07 10:00:00,9.670710702737177,83.06,11.782993078231812
2021-11-07 11:00:00,7.835685551166533,79.21,11.718911230564117
2021-11-07 12:00:00,4.25984616279602,70.376,11.654829382896423
2021-11-07 13:00:00,8.609413933753968,56.169,11.59074753522873
2021-11-07 14:00:00,10.858519021670029,36.47,11.526665687561035
2021-11-07 15:00:00,10.899065272013347,12.757,11.462583839893341
2021-11-07 16:00:00,7.672743574778239,1.344,11.398501992225647
2021-11-07 17:00:00,7.547879815101624,0.0,11.334420144557953
2021-11-07 18:00:00,6.486337931950887,0.0,11.270338296890259
2021-11-07 19:00:00,11.725798654556275,0.0,11.206256449222565
2021-11-07 20:00:00,6.320024426778158,0.0,11.14217460155487
2021-11-07 21:00:00,3.564636393388113,0.0,11.078092753887177
2021-11-07 22:00:00,3.14244681596756,0.0,11.014010906219482
2021-11-07 23:00:00,2.993179325262706,0.0,10.949929058551788
2021-11-08 00:00:00,2.6805006464322414,0.0,10.885847210884094
2021-11-08 01:00:00,2.4826649308204667,0.0,10.829674676060677
2021-11-08 02:00:00,2.528760377566019,0.0,10.773502141237259
2021-11-08 03:00:00,2.544171043237051,0.162,10.717329606413841
2021-11-08 04:00:00,2.5507572650909425,8.133,10.661157071590424
2021-11-08 05:00:00,2.611683392524719,30.643,10.604984536767006
2021-11-08 06:00:00,2.5936510125796,51.581,10.548812001943588
2021-11-08 07:00:00,2.5464368502298993,67.294,10.49263946712017
2021-11-08 08:00:00,2.7450192928314197,77.418,10.436466932296753
2021-11-08 09:00:00,1.8376132279634476,82.344,10.380294397473335
2021-11-08 10:00:00,4.938870771725972,82.493,10.324121862649918
2021-11-08 11:00:00,4.704214489459991,77.986,10.2679493278265
2021-11-08 12:00:00,7.782187199592587,68.823,10.211776793003082
2021-11-08 13:00:00,8.030434560775754,54.67,10.155604258179665
2021-11-08 14:00:00,6.163607645034791,35.399,10.099431723356247
2021-11-08 15:00:00,5.300249016284942,12.404,10.04325918853283
2021-11-08 16:00:00,10.243103671073913,1.401,9.987086653709412
2021-11-08 17:00:00,9.737696234385174,0.0,9.930914118885994
2021-11-08 18:00:00,9.251386706034342,0.0,9.874741584062576
2021-11-08 19:00:00,8.392395814259848,0.0,9.818569049239159
2021-11-08 20:00:00,4.16444081068039,0.0,9.762396514415741
2021-11-08 21:00:00,3.2742309133211767,0.0,9.706223979592323
2021-11-08 22:00:00,2.2808376133441923,0.0,9.650051444768906
2021-11-08 23:00:00,1.7188375075658162,0.0,9.593878909945488
2021-11-09 00:00:00,1.1420680264631913,0.0,9.53770637512207
2021-11-09 01:00:00,0.9763233333826064,0.0,9.48992744088173
2021-11-09 02:00:00,0.9545884996652606,0.0,9.442148506641388
2021-11-09 03:00:00,1.0168417423963545,0.158,9.394369572401047
2021-11-09 04:00:00,0.9523944348096846,8.48,9.346590638160706
2021-11-09 05:00:00,2.5903543392817183,29.571,9.298811703920364
2021-11-09 06:00:00,1.656478689114253,50.039,9.251032769680023
2021-11-09 07:00:00,1.5386403401692703,64.123,9.203253835439682
2021-11-09 08:00:00,6.588110514481863,69.311,9.15547490119934
2021-11-09 09:00:00,6.024512656529745,75.594,9.107695966959
2021-11-09 10:00:00,5.359441467126212,79.366,9.059917032718658
2021-11-09 11:00:00,7.627093191941582,75.123,9.012138098478317
2021-11-09 12:00:00,6.614812608559927,62.211,8.964359164237976
2021-11-09 13:00:00,7.575796167055764,49.186,8.916580229997635
2021-11-09 14:00:00,5.037818733851114,32.432,8.868801295757294
2021-11-09 15:00:00,6.496184353033701,12.797,8.821022361516953
2021-11-09 16:00:00,8.919688280423484,2.109,8.773243427276611
2021-11-09 17:00:00,10.250709780057274,0.0,8.72546449303627
2021-11-09 18:00:00,8.865320952733358,0.0,8.677685558795929
2021-11-09 19:00:00,12.270208056767782,0.0,8.629906624555588
2021-11-09 20:00:00,8.604057025909423,0.0,8.582127690315247
2021-11-09 21:00:00,6.958963767687481,0.0,8.534348756074905
2021-11-09 22:00:00,4.988560962677002,0.0,8.486569821834564
2021-11-09 23:00:00,3.727213521798452,0.0,8.438790887594223
2021-11-10 00:00:00,3.5875708619753515,0.0,8.391011953353882
2021-11-10 01:00:00,3.3028952558835347,0.0,8.350335322320461
2021-11-10 02:00:00,3.221997666358949,0.0,8.30965869128704
2021-11-10 03:00:00,2.9594761927922564,0.233,8.26898206025362
2021-11-10 04:00:00,3.7534131526947023,8.93,8.2283054292202
2021-11-10 05:00:00,4.327644944190981,26.232,8.187628798186779
2021-11-10 06:00:00,6.103287311395008,46.304,8.146952167153358
2021-11-10 07:00:00,5.201688985029856,66.265,8.106275536119938
2021-11-10 08:00:00,5.584249587853751,76.646,8.065598905086517
2021-11-10 09:00:00,4.601184511184693,81.177,8.024922274053097
2021-11-10 10:00:00,4.743795680999756,82.026,7.984245643019677
2021-11-10 11:00:00,4.594618523120881,78.145,7.943569011986255
2021-11-10 12:00:00,5.1612615505854285,69.101,7.902892380952835
2021-11-10 13:00:00,7.180623284975686,54.586,7.862215749919415
2021-11-10 14:00:00,4.422144071261088,30.013,7.821539118885993
2021-11-10 15:00:00,4.972388974825541,11.724,7.780862487852573
2021-11-10 16:00:00,8.0850142677625,2.253,7.740185856819154
2021-11-10 17:00:00,8.603426392873128,0.0,7.699509225785731
2021-11-10 18:00:00,10.34041918118795,0.0,7.658832594752312
2021-11-10 19:00:00,13.554054482777913,0.0,7.618155963718892
2021-11-10 20:00:00,7.80398392677307,0.0,7.57747933268547
2021-11-10 21:00:00,6.0754715283711755,0.0,7.53680270165205
2021-11-10 22:00:00,4.1567131161689765,0.0,7.4961260706186295
2021-11-10 23:00:00,3.1681445002555852,0.0,7.455449439585209
2021-11-11 00:00:00,3.0714732527732855,0.0,7.414772808551788
2021-11-11 01:00:00,3.2134774446487415,0.0,7.378938607871532
2021-11-11 02:00:00,2.8790168086687733,0.0,7.3431044071912766
2021-11-11 03:00:00,3.3683707515398664,0.159,7.307270206511021
2021-11-11 04:00:00,4.117216781775157,8.237,7.271436005830765
2021-11-11 05:00:00,7.689814782142637,26.323,7.235601805150509
2021-11-11 06:00:00,8.4302316904068,49.104,7.199767604470253
2021-11-11 07:00:00,6.301223444938659,64.679,7.163933403789997
2021-11-11 08:00:00,5.602987921237949,75.205,7.128099203109741
2021-11-11 09:00:00,4.48084146976471,79.897,7.092265002429485
2021-11-11 10:00:00,10.224918886025744,75.558,7.056430801749229
2021-11-11 11:00:00,8.44448047478994,68.345,7.0205966010689735
2021-11-11 12:00:00,10.97383972009023,63.011,6.984762400388718
2021-11-11 13:00:00,9.177900870641071,53.266,6.948928199708462
2021-11-11 14:00:00,9.00904032389323,33.89,6.913093999028206
2021-11-11 15:00:00,8.393547836939497,12.713,6.87725979834795
2021-11-11 16:00:00,6.507066476345062,1.994,6.841425597667694
2021-11-11 17:00:00,8.693013151486715,0.0,6.805591396987438
2021-11-11 18:00:00,9.938346886634829,0.0,6.769757196307182
2021-11-11 19:00:00,13.034731213251751,0.0,6.733922995626926
2021-11-11 20:00:00,8.077474474906925,0.0,6.6980887949466705
2021-11-11 21:00:00,6.565745965639751,0.0,6.662254594266415
2021-11-11 22:00:00,4.923007504145304,0.0,6.626420393586159
2021-11-11 23:00:00,3.6025012969970707,0.0,6.590586192905903
2021-11-12 00:00:00,3.0526519338289893,0.0,6.554751992225647
2021-11-12 01:00:00,2.8400035460789996,0.0,6.525374408811331
2021-11-12 02:00:00,2.844686162471772,0.0,6.495996825397015
2021-11-12 03:00:00,2.761565252145132,0.303,6.466619241982698
2021-11-12 04:00:00,4.852515427271525,8.386,6.437241658568382
2021-11-12 05:00:00,7.066942274570464,24.07,6.407864075154066
2021-11-12 06:00:00,6.9684339602788326,40.237,6.37848649173975
2021-11-12 07:00:00,6.219921815395354,57.424,6.349108908325434
2021-11-12 08:00:00,5.655694301923116,70.178,6.3197313249111176
2021-11-12 09:00:00,5.8609791318575555,76.382,6.290353741496801
2021-11-12 10:00:00,5.2963910301526385,76.849,6.260976158082485
2021-11-12 11:00:00,3.786121257146199,72.299,6.231598574668169
2021-11-12 12:00:00,6.430860499540965,63.191,6.202220991253853
2021-11-12 13:00:00,8.563193992773693,50.689,6.172843407839537
2021-11-12 14:00:00,5.671354973316193,33.537,6.1434658244252205
2021-11-12 15:00:00,5.575863818327587,12.621,6.114088241010904
2021-11-12 16:00:00,4.749538592497507,2.092,6.084710657596588
2021-11-12 17:00:00,10.841723823547367,0.0,6.055333074182272
2021-11-12 18:00:00,11.734961144129436,0.0,6.025955490767956
2021-11-12 19:00:00,12.72147568066915,0.0,5.99657790735364
2021-11-12 20:00:00,7.568926080067952,0.0,5.967200323939323
2021-11-12 21:00:00,6.440568987528484,0.0,5.937822740525007
2021-11-12 22:00:00,4.967423979441324,0.0,5.908445157110691
2021-11-12 23:00:00,5.128350400924683,0.0,5.879067573696375
2021-11-13 00:00:00,4.868680874506633,0.0,5.849689990282059
2021-11-13 01:00:00,3.7276775240898137,0.0,5.831611473113298
2021-11-13 02:00:00,3.1957835078239447,0.0,5.813532955944538
2021-11-13 03:00:00,3.128133185704548,0.28,5.795454438775778
2021-11-13 04:00:00,2.8018725236256916,8.553,5.7773759216070175
2021-11-13 05:00:00,5.658514241377514,27.957,5.759297404438257
2021-11-13 06:00:00,7.527249916394553,47.125,5.741218887269497
2021-11-13 07:00:00,8.089401817321777,61.565,5.723140370100737
2021-11-13 08:00:00,9.01045976479848,71.144,5.705061852931976
2021-11-13 09:00:00,10.787877694765736,76.184,5.686983335763216
2021-11-13 10:00:00,8.74121750195821,76.112,5.668904818594456
2021-11-13 11:00:00,9.827571821212768,71.46,5.650826301425695
2021-11-13 12:00:00,10.41085770924886,64.199,5.632747784256935
2021-11-13 13:00:00,7.578710190455117,50.279,5.614669267088175
2021-11-13 14:00:00,6.0117921392122895,32.337,5.5965907499194145
2021-11-13 15:00:00,7.59898890654246,12.306,5.578512232750654
2021-11-13 16:00:00,8.65815918445587,2.124,5.560433715581894
2021-11-13 17:00:00,10.215756885210675,0.0,5.542355198413134
2021-11-13 18:00:00,7.14786518414815,0.0,5.524276681244373
2021-11-13 19:00:00,11.835594065984091,0.0,5.506198164075613
2021-11-13 20:00:00,11.567692534128833,0.0,5.488119646906853
2021-11-13 21:00:00,8.643369698524477,0.0,5.470041129738092
2021-11-13 22:00:00,7.757725509007773,0.0,5.451962612569332
2021-11-13 23:00:00,4.433829708894095,0.0,5.433884095400572
2021-11-14 00:00:00,3.6444344997406,0.0,5.4158055782318115
2021-11-14 01:00:00,3.861843725045522,0.0,5.704093277454376
2021-11-14 02:00:00,3.4743250608444205,0.0,5.992380976676941
2021-11-14 03:00:00,3.53864308198293,0.315,6.280668675899506
2021-11-14 04:00:00,3.5151567618052164,8.517,6.56895637512207
2021-11-14 05:00:00,5.922872813542684,27.953,6.857244074344635
2021-11-14 06:00:00,7.277326448758442,45.941,7.1455317735672
2021-11-14 07:00:00,10.39521470864614,60.248,7.433819472789764
2021-11-14 08:00:00,10.811343073844906,71.218,7.722107172012328
2021-11-14 09:00:00,9.606630929311116,75.583,8.010394871234894
2021-11-14 10:00:00,11.75400400956472,74.682,8.298682570457458
2021-11-14 11:00:00,9.163956522941588,68.222,8.586970269680023
2021-11-14 12:00:00,11.03053324222565,58.007,8.875257968902588
2021-11-14 13:00:00,7.740785892804465,42.488,9.163545668125153
2021-11-14 14:00:00,7.634424360593159,24.652,9.451833367347717
2021-11-14 15:00:00,7.72301437854767,11.469,9.740121066570282
2021-11-14 16:00:00,5.54093201160431,2.748,10.028408765792845
2021-11-14 17:00:00,8.089930129051208,0.0,10.316696465015411
2021-11-14 18:00:00,10.17928795019786,0.0,10.604984164237976
2021-11-14 19:00:00,13.658365345001222,0.0,10.893271863460539
2021-11-14 20:00:00,9.51946345170339,0.0,11.181559562683105
2021-11-14 21:00:00,7.550397864977517,0.0,11.46984726190567
2021-11-14 22:00:00,6.3603764851888,0.0,11.758134961128233
2021-11-14 23:00:00,4.262982285022735,0.0,12.0464226603508
2021-11-15 00:00:00,3.8424453854560863,0.0,12.334710359573364
2021-11-15 01:00:00,4.011073589324951,0.0,13.4917351603508
2021-11-15 02:00:00,3.723177643616994,0.0,14.648759961128235
2021-11-15 03:00:00,3.869193994998932,0.0,15.80578476190567
2021-11-15 04:00:00,5.130296750863393,2.158,16.962809562683105
2021-11-15 05:00:00,9.992371157805122,7.316,18.11983436346054
2021-11-15 06:00:00,5.257966077327729,13.348,19.276859164237976
2021-11-15 07:00:00,6.942210141817729,19.793,20.43388396501541
2021-11-15 08:00:00,8.190846832593282,27.199,21.590908765792843
2021-11-15 09:00:00,6.9775470693906145,29.686,22.747933566570282
2021-11-15 10:00:00,4.907251369953157,31.829,23.904958367347717
2021-11-15 11:00:00,5.512167938550312,33.715,25.06198316812515
2021-11-15 12:00:00,5.9971694588661215,34.009,26.219007968902588
2021-11-15 13:00:00,7.133280845483143,22.193,27.376032769680023
2021-11-15 14:00:00,6.819976607958477,15.846,28.533057570457455
2021-11-15 15:00:00,5.296533815066021,8.455,29.690082371234894
2021-11-15 16:00:00,6.3063575506210325,1.621,30.847107172012326
2021-11-15 17:00:00,6.873656384150184,0.0,32.004131972789764
2021-11-15 18:00:00,10.207338039080303,0.0,33.1611567735672
2021-11-15 19:00:00,14.5665477514267,0.0,34.31818157434463
2021-11-15 20:00:00,12.54587314923604,0.0,35.47520637512207
2021-11-15 21:00:00,10.789002609252934,0.0,36.632231175899506
2021-11-15 22:00:00,5.544415163993836,0.0,37.789255976676934
2021-11-15 23:00:00,4.009844072659812,0.0,38.946280777454376
2021-11-16 00:00:00,3.875638826688131,0.0,40.10330557823181
2021-11-16 01:00:00,3.7945723176002497,0.0,41.829480677843094
2021-11-16 02:00:00,3.732207584381103,0.0,43.555655777454376
2021-11-16 03:00:00,3.6447634657224017,0.445,45.28183087706566
2021-11-16 04:00:00,5.749488298098246,9.186,47.00800597667694
2021-11-16 05:00:00,3.878973108530045,24.417,48.73418107628822
2021-11-16 06:00:00,3.980729548136394,37.436,50.460356175899506
2021-11-16 07:00:00,7.623348772525787,53.575,52.18653127551079
2021-11-16 08:00:00,6.973822887738545,55.193,53.91270637512207
2021-11-16 09:00:00,6.893818028767905,47.565,55.63888147473335
2021-11-16 10:00:00,6.861308077971143,40.147,57.365056574344635
2021-11-16 11:00:00,7.372272348403934,28.058,59.09123167395592
2021-11-16 12:00:00,5.114095667997993,28.717,60.8174067735672
2021-11-16 13:00:00,6.900414681434631,24.261,62.54358187317849
2021-11-16 14:00:00,7.554630859692892,19.444,64.26975697278976
2021-11-16 15:00:00,4.75640564362208,10.789,65.99593207240105
2021-11-16 16:00:00,6.964770372708639,3.193,67.72210717201233
2021-11-16 17:00:00,8.54063732624054,0.0,69.44828227162361
2021-11-16 18:00:00,7.608385173479718,0.0,71.1744573712349
2021-11-16 19:00:00,12.820433163642884,0.0,72.90063247084618
2021-11-16 20:00:00,10.459029650688173,0.0,74.62680757045746
2021-11-16 21:00:00,7.802690227826435,0.0,76.35298267006874
2021-11-16 22:00:00,5.397809080282847,0.0,78.07915776968002
2021-11-16 23:00:00,3.933279462655385,0.0,79.8053328692913
2021-11-17 00:00:00,3.8444048007329306,0.0,81.53150796890259
2021-11-17 01:00:00,3.947117300828298,0.0,83.16277116537094
2021-11-17 02:00:00,3.915631107489268,0.0,84.7940343618393
2021-11-17 03:00:00,4.513858707745871,0.441,86.42529755830765
2021-11-17 04:00:00,6.5452103495597855,9.597,88.056560754776
2021-11-17 05:00:00,2.7727601130803428,30.388,89.68782395124435
2021-11-17 06:00:00,3.1413799623648333,49.839,91.31908714771271
2021-11-17 07:00:00,6.789590549468994,63.096,92.95035034418106
2021-11-17 08:00:00,7.866288733482363,68.611,94.58161354064941
2021-11-17 09:00:00,5.525432193279268,74.58,96.21287673711777
2021-11-17 10:00:00,9.461101198196417,76.356,97.84413993358612
2021-11-17 11:00:00,7.557095499833424,72.07,99.47540313005447
2021-11-17 12:00:00,5.773210867245992,58.795,101.10666632652283
2021-11-17 13:00:00,8.767018254597982,41.19,102.73792952299118
2021-11-17 14:00:00,7.607211319605509,25.289,104.36919271945953
2021-11-17 15:00:00,7.295628348986309,10.789,106.00045591592789
2021-11-17 16:00:00,5.9695087989171345,2.265,107.63171911239624
2021-11-17 17:00:00,7.043871307373046,0.0,109.2629823088646
2021-11-17 18:00:00,9.45232338110606,0.0,110.89424550533295
2021-11-17 19:00:00,9.591064953804011,0.0,112.5255087018013
2021-11-17 20:00:00,13.786402765909836,0.0,114.15677189826965
2021-11-17 21:00:00,13.964462709426876,0.0,115.788035094738
2021-11-17 22:00:00,5.251714777946472,0.0,117.41929829120636
2021-11-17 23:00:00,3.9894708156585694,0.0,119.05056148767471
2021-11-18 00:00:00,4.052269808451334,0.0,120.68182468414307
2021-11-18 01:00:00,4.091959174474081,0.0,120.48005521297453
2021-11-18 02:00:00,3.9015219330787656,0.0,120.27828574180604
2021-11-18 03:00:00,3.943450593948364,0.223,120.07651627063751
2021-11-18 04:00:00,4.549018712838491,6.538,119.874746799469
2021-11-18 05:00:00,7.116537012656528,21.928,119.67297732830048
2021-11-18 06:00:00,1.5269908448060348,44.299,119.47120785713196
2021-11-18 07:00:00,5.393251889944078,59.74,119.26943838596344
2021-11-18 08:00:00,8.183033120632171,72.635,119.06766891479492
2021-11-18 09:00:00,6.892436969280241,80.069,118.8658994436264
2021-11-18 10:00:00,8.810467060407005,80.773,118.66412997245789
2021-11-18 11:00:00,6.462121542294821,76.341,118.46236050128937
2021-11-18 12:00:00,6.3647121866544065,67.808,118.26059103012085
2021-11-18 13:00:00,5.552096859614056,52.979,118.05882155895233
2021-11-18 14:00:00,3.261327044169108,34.042,117.85705208778381
2021-11-18 15:00:00,4.4168956200281775,13.328,117.6552826166153
2021-11-18 16:00:00,6.480605610211695,2.837,117.45351314544678
2021-11-18 17:00:00,6.377507666746775,0.0,117.25174367427826
2021-11-18 18:00:00,9.232143712043758,0.0,117.04997420310974
2021-11-18 19:00:00,11.057618927955629,0.0,116.84820473194122
2021-11-18 20:00:00,9.6187176545461,0.0,116.6464352607727
2021-11-18 21:00:00,7.867805941899618,0.0,116.44466578960419
2021-11-18 22:00:00,4.530119689305623,0.0,116.24289631843567
2021-11-18 23:00:00,3.422607684135438,0.0,116.04112684726715
2021-11-19 00:00:00,3.0646585782368976,0.0,115.83935737609863
2021-11-19 01:00:00,3.0586077690124513,0.0,114.43891853094101
2021-11-19 02:00:00,3.0518818775812786,0.0,113.03847968578339
2021-11-19 03:00:00,3.632108064492543,0.508,111.63804084062576
2021-11-19 04:00:00,3.713253128528595,8.971,110.23760199546814
2021-11-19 05:00:00,3.715452245871226,29.349,108.83716315031052
2021-11-19 06:00:00,3.6279078205426543,48.954,107.4367243051529
2021-11-19 07:00:00,8.610222669442495,63.487,106.03628545999527
2021-11-19 08:00:00,8.13893048365911,72.88,104.63584661483765
2021-11-19 09:00:00,6.142876887321473,77.626,103.23540776968002
2021-11-19 10:00:00,5.269559494654337,77.839,101.8349689245224
2021-11-19 11:00:00,9.96414792537689,73.704,100.43453007936478
2021-11-19 12:00:00,7.1912426193555214,64.944,99.03409123420715
2021-11-19 13:00:00,7.297137256463371,51.428,97.63365238904953
2021-11-19 14:00:00,7.712050580978393,33.353,96.2332135438919
2021-11-19 15:00:00,5.793222705523173,12.491,94.83277469873428
2021-11-19 16:00:00,6.891460982958477,2.607,93.43233585357666
2021-11-19 17:00:00,8.967160793145498,0.0,92.03189700841904
2021-11-19 18:00:00,9.719218118985491,0.0,90.63145816326141
2021-11-19 19:00:00,11.57401241461436,0.0,89.23101931810379
2021-11-19 20:00:00,11.564799960454309,0.0,87.83058047294617
2021-11-19 21:00:00,8.426374467213952,0.0,86.43014162778854
2021-11-19 22:00:00,7.396693094571431,0.0,85.02970278263092
2021-11-19 23:00:00,7.557973488171897,0.0,83.6292639374733
2021-11-20 00:00:00,5.8505620876948035,0.0,82.22882509231567
2021-11-20 01:00:00,5.124070739746093,0.0,81.03725731372833
2021-11-20 02:00:00,5.012745745976766,0.0,79.84568953514099
2021-11-20 03:00:00,4.993131812413534,0.349,78.65412175655365
2021-11-20 04:00:00,6.952332560221354,8.697,77.46255397796631
2021-11-20 05:00:00,5.511847162246704,25.387,76.27098619937897
2021-11-20 06:00:00,6.463771510124206,43.707,75.07941842079163
2021-11-20 07:00:00,6.989903970559437,54.516,73.88785064220428
2021-11-20 08:00:00,9.831760132312771,71.695,72.69628286361694
2021-11-20 09:00:00,8.461186401049295,80.924,71.5047150850296
2021-11-20 10:00:00,7.317238966623945,81.638,70.31314730644226
2021-11-20 11:00:00,5.325671668847402,76.736,69.12157952785492
2021-11-20 12:00:00,5.509532105922699,67.464,67.93001174926758
2021-11-20 13:00:00,3.735962923367818,52.694,66.73844397068024
2021-11-20 14:00:00,4.851403260231018,31.708,65.5468761920929
2021-11-20 15:00:00,7.413870565096536,13.231,64.35530841350555
2021-11-20 16:00:00,8.676978000005088,2.374,63.16374063491821
2021-11-20 17:00:00,7.482457407315571,0.0,61.97217285633087
2021-11-20 18:00:00,10.56021517117818,0.0,60.78060507774353
2021-11-20 19:00:00,11.958401449521382,0.0,59.58903729915619
2021-11-20 20:00:00,9.107686956723532,0.0,58.39746952056885
2021-11-20 21:00:00,8.152913022041322,0.0,57.205901741981506
2021-11-20 22:00:00,6.551537164052328,0.0,56.014333963394165
2021-11-20 23:00:00,5.530471897125244,0.0,54.822766184806824
2021-11-21 00:00:00,4.744487977027892,0.0,53.63119840621948
2021-11-21 01:00:00,4.5727630138397215,0.0,52.906120866537094
2021-11-21 02:00:00,4.677467091878254,0.0,52.181043326854706
2021-11-21 03:00:00,4.490525484085083,0.452,51.45596578717232
2021-11-21 04:00:00,4.428884736696879,9.226,50.73088824748993
2021-11-21 05:00:00,5.9866446216901155,27.934,50.00581070780754
2021-11-21 06:00:00,6.495568811893464,50.435,49.28073316812515
2021-11-21 07:00:00,7.016019634405769,67.487,48.555655628442764
2021-11-21 08:00:00,7.917186137040455,78.038,47.830578088760376
2021-11-21 09:00:00,7.962288947900138,83.18,47.10550054907799
2021-11-21 10:00:00,7.296887044111889,83.356,46.3804230093956
2021-11-21 11:00:00,6.713948833942413,78.817,45.65534546971321
2021-11-21 12:00:00,6.107030944029491,69.407,44.93026793003082
2021-11-21 13:00:00,8.531173841158546,55.047,44.205190390348434
2021-11-21 14:00:00,11.103088219960531,35.725,43.480112850666046
2021-11-21 15:00:00,9.373230322202046,13.079,42.75503531098366
2021-11-21 16:00:00,10.49142054716746,2.028,42.02995777130127
2021-11-21 17:00:00,10.765314420064293,0.0,41.30488023161888
2021-11-21 18:00:00,9.632127332687377,0.0,40.57980269193649
2021-11-21 19:00:00,8.876305977503456,0.0,39.854725152254105
2021-11-21 20:00:00,10.384947570164996,0.0,39.129647612571716
2021-11-21 21:00:00,7.747502573331196,0.0,38.40457007288933
2021-11-21 22:00:00,6.997108570734659,0.0,37.67949253320694
2021-11-21 23:00:00,4.6187965432802836,0.0,36.95441499352455
2021-11-22 00:00:00,3.612835001945496,0.0,36.22933745384216
2021-11-22 01:00:00,3.3966980934143067,0.0,35.82095682621002
2021-11-22 02:00:00,3.3041171312332156,0.0,35.41257619857788
2021-11-22 03:00:00,3.714328320821126,0.569,35.00419557094574
2021-11-22 04:00:00,3.907012442747752,9.163,34.5958149433136
2021-11-22 05:00:00,3.486249717076619,29.233,34.18743431568146
2021-11-22 06:00:00,3.809408402442932,48.305,33.779053688049316
2021-11-22 07:00:00,4.976877776781718,62.961,33.370673060417175
2021-11-22 08:00:00,8.437773756186168,72.566,32.962292432785034
2021-11-22 09:00:00,4.566839953263601,77.314,32.55391180515289
2021-11-22 10:00:00,6.766004149119058,77.53,32.14553117752075
2021-11-22 11:00:00,9.2595933675766,73.006,31.73715054988861
2021-11-22 12:00:00,4.415813672542572,64.358,31.32876992225647
2021-11-22 13:00:00,4.801077294349669,50.162,30.92038929462433
2021-11-22 14:00:00,5.7028080224990845,30.422,30.512008666992188
2021-11-22 15:00:00,4.204217322667439,12.657,30.103628039360046
2021-11-22 16:00:00,5.201278654734294,2.586,29.695247411727905
2021-11-22 17:00:00,8.683630096912383,0.0,29.286866784095764
2021-11-22 18:00:00,9.490035347143811,0.0,28.878486156463623
2021-11-22 19:00:00,8.954368996620179,0.0,28.470105528831482
2021-11-22 20:00:00,9.549113456408184,0.0,28.06172490119934
2021-11-22 21:00:00,6.852748584747313,0.0,27.6533442735672
2021-11-22 22:00:00,4.666110956668854,0.0,27.24496364593506
2021-11-22 23:00:00,4.24597724278768,0.0,26.836583018302917
2021-11-23 00:00:00,4.231922399997711,0.0,26.428202390670776
2021-11-23 01:00:00,4.176244350274404,0.0,26.175103187561035
2021-11-23 02:00:00,4.169478193918864,0.0,25.922003984451294
2021-11-23 03:00:00,4.208324921131133,0.645,25.668904781341553
2021-11-23 04:00:00,5.536542503039042,9.311,25.41580557823181
2021-11-23 05:00:00,5.424626847108204,29.154,25.16270637512207
2021-11-23 06:00:00,4.563560624917348,48.031,24.90960717201233
2021-11-23 07:00:00,8.397564812501274,61.116,24.656507968902588
2021-11-23 08:00:00,8.143637915452322,69.626,24.403408765792847
2021-11-23 09:00:00,7.074971679846445,74.392,24.150309562683105
2021-11-23 10:00:00,7.268347589174906,74.285,23.897210359573364
2021-11-23 11:00:00,9.083398834864296,65.977,23.644111156463623
2021-11-23 12:00:00,8.94182019233704,57.235,23.391011953353882
2021-11-23 13:00:00,7.915788531303408,48.615,23.13791275024414
2021-11-23 14:00:00,7.005844561258953,33.619,22.8848135471344
2021-11-23 15:00:00,6.615390189488729,13.433,22.631714344024658
2021-11-23 16:00:00,7.366541747252146,3.287,22.378615140914917
2021-11-23 17:00:00,7.737501565615338,0.0,22.125515937805176
2021-11-23 18:00:00,8.60102282365163,0.0,21.872416734695435
2021-11-23 19:00:00,9.809149861335756,0.0,21.619317531585693
2021-11-23 20:00:00,11.046889559427893,0.0,21.366218328475952
2021-11-23 21:00:00,6.874810942014059,0.0,21.11311912536621
2021-11-23 22:00:00,3.3467840234438575,0.0,20.86001992225647
2021-11-23 23:00:00,2.497229540348053,0.0,20.60692071914673
2021-11-24 00:00:00,2.4775288820266725,0.0,20.353821516036987
2021-11-24 01:00:00,2.287822854518891,0.0,20.170453786849976
2021-11-24 02:00:00,2.2273627201716115,0.0,19.987086057662964
2021-11-24 03:00:00,2.7138898611068725,0.68,19.803718328475952
2021-11-24 04:00:00,4.544520972172419,9.02,19.62035059928894
2021-11-24 05:00:00,4.824721378087997,27.473,19.43698287010193
2021-11-24 06:00:00,4.020342977841695,49.02,19.253615140914917
2021-11-24 07:00:00,4.577686683336894,64.823,19.070247411727905
2021-11-24 08:00:00,7.721514393885934,74.763,18.886879682540894
2021-11-24 09:00:00,4.961501316229503,79.243,18.703511953353882
2021-11-24 10:00:00,5.11863138079643,79.358,18.52014422416687
2021-11-24 11:00:00,2.3045018970966344,75.125,18.33677649497986
2021-11-24 12:00:00,4.905327236652375,66.333,18.153408765792847
2021-11-24 13:00:00,8.1227598130703,52.757,17.970041036605835
2021-11-24 14:00:00,5.883747400840123,34.448,17.786673307418823
2021-11-24 15:00:00,6.854807877540588,12.864,17.60330557823181
2021-11-24 16:00:00,7.27269293864568,2.414,17.4199378490448
2021-11-24 17:00:00,9.379960147539776,0.0,17.236570119857788
2021-11-24 18:00:00,11.781290165583291,0.0,17.053202390670776
2021-11-24 19:00:00,10.88524133364359,0.0,16.869834661483765
2021-11-24 20:00:00,7.924469200770061,0.0,16.686466932296753
2021-11-24 21:00:00,6.932657297452289,0.0,16.50309920310974
2021-11-24 22:00:00,4.119362823168436,0.0,16.31973147392273
2021-11-24 23:00:00,3.682393431663513,0.0,16.136363744735718
2021-11-25 00:00:00,3.735311639308929,0.0,15.952996015548706
2021-11-25 01:00:00,3.559149285157522,0.0,15.829674713313578
2021-11-25 02:00:00,3.3829929033915205,0.0,15.706353411078455
2021-11-25 03:00:00,3.5344509363174437,0.621,15.583032108843327
2021-11-25 04:00:00,6.628947826226552,8.943,15.459710806608198
2021-11-25 05:00:00,9.108299668629964,28.356,15.336389504373075
2021-11-25 06:00:00,8.426986285050711,46.63,15.213068202137947
2021-11-25 07:00:00,7.384310936927794,60.63,15.089746899902819
2021-11-25 08:00:00,4.751264588038126,70.045,14.966425597667694
2021-11-25 09:00:00,5.836419030030569,74.725,14.843104295432568
2021-11-25 10:00:00,5.381226050853731,74.576,14.719782993197441
2021-11-25 11:00:00,6.43831733465195,68.067,14.596461690962315
2021-11-25 12:00:00,7.590437229474386,60.111,14.473140388727188
2021-11-25 13:00:00,3.9441579341888424,44.313,14.349819086492062
2021-11-25 14:00:00,7.705083147684731,29.29,14.226497784256935
2021-11-25 15:00:00,6.557456882794701,12.978,14.103176482021809
2021-11-25 16:00:00,5.230116673310596,3.33,13.979855179786682
2021-11-25 17:00:00,9.41513200203578,0.0,13.856533877551556
2021-11-25 18:00:00,9.874521430333454,0.0,13.73321257531643
2021-11-25 19:00:00,9.492436703046163,0.0,13.609891273081303
2021-11-25 20:00:00,9.368963630994164,0.0,13.486569970846176
2021-11-25 21:00:00,8.054782549540203,0.0,13.36324866861105
2021-11-25 22:00:00,4.121866611639659,0.0,13.239927366375923
2021-11-25 23:00:00,3.568655586242676,0.0,13.116606064140797
2021-11-26 00:00:00,3.29992083311081,0.0,12.99328476190567
2021-11-26 01:00:00,3.1193813125292453,0.0,12.958741895854473
2021-11-26 02:00:00,3.351206298669178,0.0,12.924199029803276
2021-11-26 03:00:00,3.4342064380645754,0.778,12.889656163752079
2021-11-26 04:00:00,7.02828464905421,9.311,12.855113297700882
2021-11-26 05:00:00,9.011114188035329,26.68,12.820570431649685
2021-11-26 06:00:00,6.95374872684479,45.224,12.786027565598488
2021-11-26 07:00:00,6.631043477853139,61.668,12.75148469954729
2021-11-26 08:00:00,6.817174641291302,71.414,12.716941833496094
2021-11-26 09:00:00,6.679894113540651,76.578,12.682398967444897
2021-11-26 10:00:00,7.681068146228791,77.058,12.6478561013937
2021-11-26 11:00:00,5.62408757607142,72.974,12.613313235342503
2021-11-26 12:00:00,5.360244623819986,61.662,12.578770369291306
2021-11-26 13:00:00,6.004252994060517,46.107,12.544227503240108
2021-11-26 14:00:00,6.813312820593516,29.537,12.509684637188911
2021-11-26 15:00:00,6.748583817481994,12.265,12.475141771137714
2021-11-26 16:00:00,6.452221830685933,2.276,12.440598905086517
2021-11-26 17:00:00,9.64106721083323,0.0,12.40605603903532
2021-11-26 18:00:00,7.500847578048704,0.0,12.371513172984123
2021-11-26 19:00:00,9.445596655209862,0.0,12.336970306932926
2021-11-26 20:00:00,9.207538715998332,0.0,12.30242744088173
2021-11-26 21:00:00,6.775591286023459,0.0,12.267884574830532
2021-11-26 22:00:00,6.309082706769307,0.0,12.233341708779335
2021-11-26 23:00:00,5.6194076140721645,0.0,12.198798842728138
2021-11-27 00:00:00,4.390919248263042,0.0,12.164255976676941
2021-11-27 01:00:00,4.110372873147329,0.0,12.163610309362411
2021-11-27 02:00:00,3.3979422450065617,0.0,12.162964642047882
2021-11-27 03:00:00,3.599669885635376,0.291,12.162318974733353
2021-11-27 04:00:00,4.530719113349915,4.505,12.161673307418823
2021-11-27 05:00:00,8.850467673937478,11.223,12.161027640104294
2021-11-27 06:00:00,7.806804092725118,19.186,12.160381972789764
2021-11-27 07:00:00,4.938050371408464,27.084,12.159736305475235
2021-11-27 08:00:00,6.761611382166548,36.904,12.159090638160706
2021-11-27 09:00:00,7.787403758366904,34.967,12.158444970846176
2021-11-27 10:00:00,7.228049906094868,32.277,12.157799303531647
2021-11-27 11:00:00,5.915560078620912,34.386,12.157153636217117
2021-11-27 12:00:00,4.392995580037435,33.864,12.156507968902588
2021-11-27 13:00:00,8.308150688807169,26.683,12.155862301588058
2021-11-27 14:00:00,4.759052546819052,19.185,12.155216634273529
2021-11-27 15:00:00,5.744430633385978,8.639,12.154570966959
2021-11-27 16:00:00,7.275639621416726,1.576,12.15392529964447
2021-11-27 17:00:00,6.1600485483805345,0.0,12.15327963232994
2021-11-27 18:00:00,6.737174558639527,0.0,12.152633965015411
2021-11-27 19:00:00,7.343835457166037,0.0,12.151988297700882
2021-11-27 20:00:00,10.265463113784788,0.0,12.151342630386353
2021-11-27 21:00:00,9.864474884668985,0.0,12.150696963071823
2021-11-27 22:00:00,6.634043248494466,0.0,12.150051295757294
2021-11-27 23:00:00,4.833845949172973,0.0,12.149405628442764
2021-11-28 00:00:00,4.015775096416473,0.0,12.148759961128235
2021-11-28 01:00:00,3.942111547787985,0.0,12.096784263849258
2021-11-28 02:00:00,3.8736820538838703,0.0,12.044808566570282
2021-11-28 03:00:00,3.7489158789316814,0.777,11.992832869291306
2021-11-28 04:00:00,3.5262488643328354,9.567,11.940857172012329
2021-11-28 05:00:00,4.307978399594625,29.204,11.888881474733353
2021-11-28 06:00:00,5.191951489448547,49.511,11.836905777454376
2021-11-28 07:00:00,8.504313906033834,64.6,11.7849300801754
2021-11-28 08:00:00,5.273982429504396,71.652,11.732954382896423
2021-11-28 09:00:00,5.978916184107463,71.491,11.680978685617447
2021-11-28 10:00:00,4.601915828386941,69.96,11.62900298833847
2021-11-28 11:00:00,7.380712151527403,63.861,11.577027291059494
2021-11-28 12:00:00,7.510117797056833,52.69,11.525051593780518
2021-11-28 13:00:00,8.650581312179566,44.374,11.473075896501541
2021-11-28 14:00:00,6.394246967633566,29.994,11.421100199222565
2021-11-28 15:00:00,6.330674735705058,14.364,11.369124501943588
2021-11-28 16:00:00,8.113902231057482,3.834,11.317148804664612
2021-11-28 17:00:00,6.140437312920889,0.0,11.265173107385635
2021-11-28 18:00:00,5.850275870164235,0.0,11.213197410106659
2021-11-28 19:00:00,8.86564374367396,0.0,11.161221712827682
2021-11-28 20:00:00,6.755783208211264,0.0,11.109246015548706
2021-11-28 21:00:00,5.568515038490295,0.0,11.05727031826973
2021-11-28 22:00:00,3.5381920218467715,0.0,11.005294620990753
2021-11-28 23:00:00,3.1278491775194803,0.0,10.953318923711777
2021-11-29 00:00:00,2.9595837235450744,0.0,10.9013432264328
2021-11-29 01:00:00,2.838973955313365,0.0,10.872288458049297
2021-11-29 02:00:00,2.738494193553925,0.0,10.843233689665794
2021-11-29 03:00:00,2.7947591463724777,0.793,10.814178921282291
2021-11-29 04:00:00,3.756905734539031,9.09,10.785124152898788
2021-11-29 05:00:00,7.110762929916381,29.612,10.756069384515285
2021-11-29 06:00:00,7.599651074409485,49.254,10.727014616131783
2021-11-29 07:00:00,5.409798177083332,64.342,10.69795984774828
2021-11-29 08:00:00,6.387261716524758,74.255,10.668905079364777
2021-11-29 09:00:00,6.037044696013132,79.088,10.639850310981274
2021-11-29 10:00:00,4.257496420542399,79.265,10.61079554259777
2021-11-29 11:00:00,5.1697290698687235,74.967,10.581740774214268
2021-11-29 12:00:00,6.6442403475443506,66.107,10.552686005830765
2021-11-29 13:00:00,6.523788221677147,52.555,10.523631237447262
2021-11-29 14:00:00,4.416699890295664,34.39,10.494576469063759
2021-11-29 15:00:00,4.975042871634165,13.093,10.465521700680256
2021-11-29 16:00:00,5.742150179545084,2.567,10.436466932296753
2021-11-29 17:00:00,5.919460463523864,0.0,10.40741216391325
2021-11-29 18:00:00,7.503448458512625,0.0,10.378357395529747
2021-11-29 19:00:00,9.626869209607442,0.0,10.349302627146244
2021-11-29 20:00:00,10.984445738792422,0.0,10.320247858762741
2021-11-29 21:00:00,7.588562766710914,0.0,10.291193090379238
2021-11-29 22:00:00,6.317167830467223,0.0,10.262138321995735
2021-11-29 23:00:00,4.919809917608896,0.0,10.233083553612232
2021-11-30 00:00:00,2.908356459935506,0.0,10.20402878522873
2021-11-30 01:00:00,2.905529324213664,0.0,10.184658952057362
2021-11-30 02:00:00,2.8857656359672545,0.0,10.165289118885994
2021-11-30 03:00:00,2.931014879544575,0.447,10.145919285714626
2021-11-30 04:00:00,4.3141467571258545,5.369,10.126549452543259
2021-11-30 05:00:00,4.66772012313207,20.218,10.107179619371891
2021-11-30 06:00:00,7.242462571461994,41.801,10.087809786200523
2021-11-30 07:00:00,6.583856773376465,59.928,10.068439953029156
2021-11-30 08:00:00,4.88525550365448,68.69,10.049070119857788
2021-11-30 09:00:00,6.786864757537841,73.659,10.02970028668642
2021-11-30 10:00:00,8.984398261706035,73.217,10.010330453515053
2021-11-30 11:00:00,10.774270574251812,66.677,9.990960620343685
2021-11-30 12:00:00,7.287425390879315,57.639,9.971590787172318
2021-11-30 13:00:00,4.139641197522481,44.308,9.95222095400095
2021-11-30 14:00:00,5.329483747482301,24.046,9.932851120829582
2021-11-30 15:00:00,5.25443342924118,10.12,9.913481287658215
2021-11-30 16:00:00,5.319658907254537,2.969,9.894111454486847
2021-11-30 17:00:00,6.344540588061014,0.0,9.87474162131548
2021-11-30 18:00:00,7.290663969516751,0.0,9.855371788144112
2021-11-30 19:00:00,8.881293479601542,0.0,9.836001954972744
2021-11-30 20:00:00,8.504296565055848,0.0,9.816632121801376
2021-11-30 21:00:00,5.91177400747935,0.0,9.797262288630009
2021-11-30 22:00:00,5.262925652662914,0.0,9.777892455458641
2021-11-30 23:00:00,4.32935620546341,0.0,9.758522622287273
2021-12-01 00:00:00,2.745492243766785,0.0,9.739152789115906
2021-12-01 01:00:00,2.647046633561452,0.0,9.693310856819153
2021-12-01 02:00:00,2.63768074909846,0.0,9.6474689245224
2021-12-01 03:00:00,2.599423428376516,0.385,9.601626992225647
2021-12-01 04:00:00,4.22250000635783,7.128,9.555785059928894
2021-12-01 05:00:00,8.885766816139226,20.647,9.509943127632141
2021-12-01 06:00:00,6.0603790163993825,37.209,9.464101195335388
2021-12-01 07:00:00,5.2738765041033435,55.078,9.418259263038635
2021-12-01 08:00:00,4.801050806045532,66.579,9.372417330741882
2021-12-01 09:00:00,3.6656700293223063,72.903,9.32657539844513
2021-12-01 10:00:00,2.8806577761967977,74.305,9.280733466148376
2021-12-01 11:00:00,2.789546883106232,74.338,9.234891533851624
2021-12-01 12:00:00,3.755614689985911,66.621,9.18904960155487
2021-12-01 13:00:00,4.918458239237467,53.072,9.143207669258118
2021-12-01 14:00:00,5.616506409645081,34.728,9.097365736961365
2021-12-01 15:00:00,3.282567036151886,14.248,9.051523804664612
2021-12-01 16:00:00,4.408015306790671,3.712,9.005681872367859
2021-12-01 17:00:00,4.752846781412762,0.0,8.959839940071106
2021-12-01 18:00:00,5.384873259067536,0.0,8.913998007774353
2021-12-01 19:00:00,9.553455221652989,0.0,8.8681560754776
2021-12-01 20:00:00,14.152386212348937,0.0,8.822314143180847
2021-12-01 21:00:00,7.677276794115702,0.0,8.776472210884094
2021-12-01 22:00:00,5.342734718322754,0.0,8.730630278587341
2021-12-01 23:00:00,3.985619560877483,0.0,8.684788346290588
2021-12-02 00:00:00,3.894338711102803,0.0,8.638946413993835
2021-12-02 01:00:00,3.632053852081299,0.0,8.841038346290588
2021-12-02 02:00:00,3.618580603599548,0.0,9.043130278587341
2021-12-02 03:00:00,3.6378943840662634,0.688,9.245222210884094
2021-12-02 04:00:00,4.0646028558413185,6.055,9.447314143180847
2021-12-02 05:00:00,6.155563151836395,19.273,9.6494060754776
2021-12-02 06:00:00,5.341188349326452,40.301,9.851498007774353
2021-12-02 07:00:00,4.582063865661623,50.192,10.053589940071106
2021-12-02 08:00:00,5.722987635930381,48.493,10.255681872367859
2021-12-02 09:00:00,6.139628760019937,46.159,10.457773804664612
2021-12-02 10:00:00,6.293118830521902,47.293,10.659865736961365
2021-12-02 11:00:00,3.809919095039368,43.495,10.861957669258118
2021-12-02 12:00:00,4.8149792234102895,32.492,11.06404960155487
2021-12-02 13:00:00,7.915473453203835,18.646,11.266141533851624
2021-12-02 14:00:00,8.29133805433909,9.754,11.468233466148376
2021-12-02 15:00:00,8.131563790639241,5.74,11.67032539844513
2021-12-02 16:00:00,4.068181153138479,1.676,11.872417330741882
2021-12-02 17:00:00,5.594440555572507,0.0,12.074509263038635
2021-12-02 18:00:00,5.787002535661062,0.0,12.276601195335388
2021-12-02 19:00:00,8.030928317705786,0.0,12.478693127632141
2021-12-02 20:00:00,7.081904864311219,0.0,12.680785059928894
2021-12-02 21:00:00,5.486305598417917,0.0,12.882876992225647
2021-12-02 22:00:00,2.2129836479822793,0.0,13.0849689245224
2021-12-02 23:00:00,1.441576260328291,0.0,13.287060856819153
2021-12-03 00:00:00,1.438829602797827,0.0,13.489152789115906
2021-12-03 01:00:00,1.3993652989466978,0.0,13.598592355847359
2021-12-03 02:00:00,1.4098268469174706,0.0,13.708031922578812
2021-12-03 03:00:00,1.3829880356788633,0.075,13.817471489310265
2021-12-03 04:00:00,1.7385533094406138,4.46,13.926911056041718
2021-12-03 05:00:00,0.9176199982563656,17.952,14.03635062277317
2021-12-03 06:00:00,1.0715623289346696,33.213,14.145790189504623
2021-12-03 07:00:00,4.003164326151212,54.831,14.255229756236076
2021-12-03 08:00:00,5.150872216622036,66.539,14.36466932296753
2021-12-03 09:00:00,5.2176915168762195,78.661,14.474108889698982
2021-12-03 10:00:00,3.533425418535869,79.14,14.583548456430435
2021-12-03 11:00:00,3.175892738501231,74.475,14.692988023161888
2021-12-03 12:00:00,5.970204834143321,61.356,14.802427589893341
2021-12-03 13:00:00,6.2594732681910195,43.619,14.911867156624794
2021-12-03 14:00:00,4.002115348974864,24.518,15.021306723356249
2021-12-03 15:00:00,6.120629374186198,13.931,15.1307462900877
2021-12-03 16:00:00,10.244602815310165,3.614,15.240185856819151
2021-12-03 17:00:00,8.588533496856687,0.0,15.349625423550608
2021-12-03 18:00:00,8.104118065039318,0.0,15.459064990282059
2021-12-03 19:00:00,8.692156680425004,0.0,15.56850455701351
2021-12-03 20:00:00,10.6846709728241,0.0,15.677944123744966
2021-12-03 21:00:00,8.061401343345644,0.0,15.787383690476418
2021-12-03 22:00:00,6.264084180196126,0.0,15.896823257207869
2021-12-03 23:00:00,3.908631122112274,0.0,16.006262823939323
2021-12-04 00:00:00,3.3564207752545676,0.0,16.115702390670776
2021-12-04 01:00:00,2.8371777256329858,0.0,15.998192057013513
2021-12-04 02:00:00,2.7080554167429605,0.0,15.880681723356245
2021-12-04 03:00:00,2.639491923650105,0.961,15.763171389698982
2021-12-04 04:00:00,2.7244984348615016,9.026,15.64566105604172
2021-12-04 05:00:00,3.382315802574157,28.329,15.528150722384451
2021-12-04 06:00:00,5.029549622535706,44.482,15.410640388727188
2021-12-04 07:00:00,5.6195963104565925,62.499,15.293130055069925
2021-12-04 08:00:00,5.986753507455189,74.345,15.175619721412657
2021-12-04 09:00:00,10.18867857058843,79.871,15.058109387755394
2021-12-04 10:00:00,11.998240375518805,80.368,14.94059905409813
2021-12-04 11:00:00,6.147382966677347,76.373,14.823088720440865
2021-12-04 12:00:00,10.49253493944804,67.705,14.7055783867836
2021-12-04 13:00:00,8.027888572216035,54.178,14.588068053126335
2021-12-04 14:00:00,8.321618680159249,35.759,14.47055771946907
2021-12-04 15:00:00,9.677812759081522,13.956,14.353047385811806
2021-12-04 16:00:00,8.654960461457568,2.743,14.235537052154541
2021-12-04 17:00:00,8.470053291320802,0.0,14.118026718497276
2021-12-04 18:00:00,7.3756607969601955,0.0,14.000516384840012
2021-12-04 19:00:00,8.166654332478844,0.0,13.883006051182747
2021-12-04 20:00:00,9.121648637453712,0.0,13.765495717525482
2021-12-04 21:00:00,5.200418702761331,0.0,13.647985383868217
2021-12-04 22:00:00,2.7590460340181986,0.0,13.530475050210953
2021-12-04 23:00:00,2.0749730686346695,0.0,13.412964716553688
2021-12-05 00:00:00,2.097751766443253,0.0,13.295454382896423
2021-12-05 01:00:00,2.13841857512792,0.0,13.197313882410526
2021-12-05 02:00:00,2.0539866964022315,0.0,13.09917338192463
2021-12-05 03:00:00,2.079214125871659,0.647,13.001032881438732
2021-12-05 04:00:00,2.150147251288096,8.99,12.902892380952835
2021-12-05 05:00:00,1.8067224264144897,22.957,12.804751880466938
2021-12-05 06:00:00,1.1469216088453928,43.352,12.706611379981041
2021-12-05 07:00:00,1.8502554754416136,65.435,12.608470879495144
2021-12-05 08:00:00,7.157794197400412,76.847,12.510330379009247
2021-12-05 09:00:00,10.284085237979887,81.636,12.41218987852335
2021-12-05 10:00:00,11.626576145490008,81.685,12.314049378037453
2021-12-05 11:00:00,5.079549964269003,77.345,12.215908877551556
2021-12-05 12:00:00,7.728180060952399,68.422,12.117768377065659
2021-12-05 13:00:00,11.27776305675507,53.225,12.019627876579762
2021-12-05 14:00:00,9.066677856445317,33.131,11.921487376093864
2021-12-05 15:00:00,9.910381817817688,14.214,11.823346875607967
2021-12-05 16:00:00,9.501547479629515,2.877,11.72520637512207
2021-12-05 17:00:00,7.632834712664283,0.0,11.627065874636173
2021-12-05 18:00:00,7.0935227235158305,0.0,11.528925374150276
2021-12-05 19:00:00,9.621738584836324,0.0,11.43078487366438
2021-12-05 20:00:00,11.368574364980068,0.0,11.332644373178482
2021-12-05 21:00:00,6.870347396532694,0.0,11.234503872692585
2021-12-05 22:00:00,4.486501348018646,0.0,11.136363372206688
2021-12-05 23:00:00,4.046858727931976,0.0,11.03822287172079
2021-12-06 00:00:00,4.056296527385711,0.0,10.940082371234894
2021-12-06 01:00:00,4.136383350690206,0.0,10.877776071429253
2021-12-06 02:00:00,4.047525266806285,0.0,10.815469771623611
2021-12-06 03:00:00,3.086929045120875,1.079,10.75316347181797
2021-12-06 04:00:00,2.028415211041768,9.485,10.690857172012329
2021-12-06 05:00:00,1.6064654638369875,29.43,10.628550872206688
2021-12-06 06:00:00,3.050039927164714,49.958,10.566244572401047
2021-12-06 07:00:00,5.892239687840143,65.415,10.503938272595406
2021-12-06 08:00:00,7.597113247712453,75.556,10.441631972789764
2021-12-06 09:00:00,5.554626572132111,80.59,10.379325672984123
2021-12-06 10:00:00,5.947254943847658,80.374,10.317019373178482
2021-12-06 11:00:00,10.61576231320699,76.238,10.25471307337284
2021-12-06 12:00:00,8.99213009675344,64.989,10.1924067735672
2021-12-06 13:00:00,8.597765453656516,47.393,10.130100473761559
2021-12-06 14:00:00,9.588268780708315,28.748,10.067794173955917
2021-12-06 15:00:00,9.67761073112488,14.001,10.005487874150276
2021-12-06 16:00:00,9.438481235504153,3.631,9.943181574344635
2021-12-06 17:00:00,8.142888474464419,0.0,9.880875274538994
2021-12-06 18:00:00,11.521381950378416,0.0,9.818568974733353
2021-12-06 19:00:00,9.968879580497742,0.0,9.756262674927711
2021-12-06 20:00:00,11.707154695192967,0.0,9.69395637512207
2021-12-06 21:00:00,8.228485854466756,0.0,9.63165007531643
2021-12-06 22:00:00,4.77046631971995,0.0,9.569343775510788
2021-12-06 23:00:00,3.2406285166740414,0.0,9.507037475705147
2021-12-07 00:00:00,3.1019152879714964,0.0,9.444731175899506
2021-12-07 01:00:00,3.1647037545839947,0.0,9.407928511500359
2021-12-07 02:00:00,3.171469314893087,0.0,9.371125847101212
2021-12-07 03:00:00,3.100350856781006,0.823,9.334323182702065
2021-12-07 04:00:00,2.9167992750803635,9.154,9.297520518302917
2021-12-07 05:00:00,3.0741763770580293,25.523,9.26071785390377
2021-12-07 06:00:00,1.0988833983739217,48.386,9.223915189504623
2021-12-07 07:00:00,5.487614839275679,65.1,9.187112525105476
2021-12-07 08:00:00,6.058262077967326,75.059,9.15030986070633
2021-12-07 09:00:00,7.844163874785106,79.941,9.113507196307182
2021-12-07 10:00:00,8.635751438140867,80.102,9.076704531908035
2021-12-07 11:00:00,7.703308141231536,76.074,9.039901867508888
2021-12-07 12:00:00,5.481812508900959,67.413,9.003099203109741
2021-12-07 13:00:00,6.139402198791505,53.86,8.966296538710594
2021-12-07 14:00:00,4.371302807331086,35.589,8.929493874311447
2021-12-07 15:00:00,5.380153294404349,14.147,8.8926912099123
2021-12-07 16:00:00,9.123210648695627,3.214,8.855888545513153
2021-12-07 17:00:00,10.641553163528448,0.0,8.819085881114006
2021-12-07 18:00:00,14.113797005017595,0.0,8.782283216714859
2021-12-07 19:00:00,15.473069206873577,0.0,8.745480552315712
2021-12-07 20:00:00,9.96209530035655,0.0,8.708677887916565
2021-12-07 21:00:00,6.020548741022745,0.0,8.671875223517418
2021-12-07 22:00:00,4.672177338600159,0.0,8.63507255911827
2021-12-07 23:00:00,4.623692842324575,0.0,8.598269894719124
2021-12-08 00:00:00,3.3509657899538676,0.0,8.561467230319977
2021-12-08 01:00:00,3.0938927213350937,0.0,8.671229630708694
2021-12-08 02:00:00,3.1968424399693807,0.0,8.780992031097412
2021-12-08 03:00:00,1.7865030884742734,1.11,8.89075443148613
2021-12-08 04:00:00,1.4865227520465856,9.896,9.000516831874847
2021-12-08 05:00:00,0.8962229003508886,26.793,9.110279232263565
2021-12-08 06:00:00,0.8536596973737081,45.992,9.220041632652283
2021-12-08 07:00:00,5.242333785692851,61.196,9.329804033041
2021-12-08 08:00:00,6.4614887793858875,69.004,9.439566433429718
2021-12-08 09:00:00,7.168753357728322,70.357,9.549328833818436
2021-12-08 10:00:00,7.162378398577373,72.128,9.659091234207153
2021-12-08 11:00:00,10.354161989688874,66.662,9.768853634595871
2021-12-08 12:00:00,12.28764247099559,49.938,9.878616034984589
2021-12-08 13:00:00,10.68645582596461,25.57,9.988378435373306
2021-12-08 14:00:00,5.836979977289835,12.349,10.098140835762024
2021-12-08 15:00:00,4.573805936177573,5.888,10.207903236150742
2021-12-08 16:00:00,9.555035249392189,1.4,10.31766563653946
2021-12-08 17:00:00,10.319817042350769,0.0,10.427428036928177
2021-12-08 18:00:00,7.803146517276764,0.0,10.537190437316895
2021-12-08 19:00:00,10.833907890319823,0.0,10.646952837705612
2021-12-08 20:00:00,8.820926666259767,0.0,10.75671523809433
2021-12-08 21:00:00,6.342599030335745,0.0,10.866477638483047
2021-12-08 22:00:00,4.548483824729919,0.0,10.976240038871765
2021-12-08 23:00:00,4.072346154848734,0.0,11.086002439260483
2021-12-09 00:00:00,3.4615602135658263,0.0,11.1957648396492
2021-12-09 01:00:00,3.1191773056983942,0.0,12.093879468739033
2021-12-09 02:00:00,2.470013686021169,0.0,12.991994097828865
2021-12-09 03:00:00,2.5254866600036623,0.394,13.890108726918697
2021-12-09 04:00:00,3.158200820287069,6.589,14.78822335600853
2021-12-09 05:00:00,2.769102758169174,18.35,15.686337985098364
2021-12-09 06:00:00,3.023816194136938,31.17,16.584452614188194
2021-12-09 07:00:00,6.4479223489761335,44.613,17.482567243278027
2021-12-09 08:00:00,6.681027285257973,59.01,18.38068187236786
2021-12-09 09:00:00,9.572918494542444,64.605,19.27879650145769
2021-12-09 10:00:00,6.54505305290222,67.043,20.176911130547523
2021-12-09 11:00:00,5.401253779729209,63.409,21.075025759637356
2021-12-09 12:00:00,7.3483584801356,52.671,21.973140388727188
2021-12-09 13:00:00,5.962414570649465,40.509,22.87125501781702
2021-12-09 14:00:00,5.575735044479371,24.631,23.769369646906853
2021-12-09 15:00:00,6.7440449873606365,12.049,24.667484275996685
2021-12-09 16:00:00,9.597124326229096,2.87,25.56559890508652
2021-12-09 17:00:00,11.171789022286736,0.0,26.46371353417635
2021-12-09 18:00:00,16.483409611384072,0.0,27.361828163266182
2021-12-09 19:00:00,14.095767370859788,0.0,28.259942792356018
2021-12-09 20:00:00,13.393366988499958,0.0,29.158057421445847
2021-12-09 21:00:00,8.892878707249961,0.0,30.05617205053568
2021-12-09 22:00:00,7.186436462402345,0.0,30.954286679625515
2021-12-09 23:00:00,4.920908530553182,0.0,31.85240130871534
2021-12-10 00:00:00,4.309736235936483,0.0,32.750515937805176
2021-12-10 01:00:00,3.827382818857828,0.0,33.846202939748764
2021-12-10 02:00:00,1.502253802617391,0.0,34.94188994169235
2021-12-10 03:00:00,1.4285433351993562,0.251,36.03757694363594
2021-12-10 04:00:00,2.0877974251906077,5.198,37.13326394557953
2021-12-10 05:00:00,2.7232286870479583,16.052,38.22895094752312
2021-12-10 06:00:00,1.2771978030602145,31.829,39.324637949466705
2021-12-10 07:00:00,3.690350659688316,43.747,40.420324951410294
2021-12-10 08:00:00,8.869310863812768,50.184,41.51601195335388
2021-12-10 09:00:00,10.54799075921376,52.446,42.61169895529747
2021-12-10 10:00:00,7.248550693194068,51.922,43.70738595724106
2021-12-10 11:00:00,9.256956521670023,41.164,44.80307295918465
2021-12-10 12:00:00,10.699307123819986,31.078,45.898759961128235
2021-12-10 13:00:00,15.827940146128334,24.172,46.99444696307182
2021-12-10 14:00:00,12.018395169576012,15.613,48.09013396501541
2021-12-10 15:00:00,7.061854767799376,8.332,49.185820966959
2021-12-10 16:00:00,8.560491069157917,2.313,50.281507968902595
2021-12-10 17:00:00,6.0254824241002405,0.0,51.377194970846176
2021-12-10 18:00:00,8.273621471722919,0.0,52.472881972789764
2021-12-10 19:00:00,13.735824791590373,0.0,53.56856897473336
2021-12-10 20:00:00,11.24442760149637,0.0,54.66425597667694
2021-12-10 21:00:00,11.244610246022544,0.0,55.75994297862053
2021-12-10 22:00:00,3.659393918514252,0.0,56.855629980564125
2021-12-10 23:00:00,3.0021028319994607,0.0,57.951316982507706
2021-12-11 00:00:00,2.8069168806076052,0.0,59.047003984451294
2021-12-11 01:00:00,2.959730406602224,0.0,59.44828227162361
2021-12-11 02:00:00,2.708984371026357,0.0,59.84956055879593
2021-12-11 03:00:00,2.8680451552073167,0.516,60.25083884596825
2021-12-11 04:00:00,2.5528670072555553,5.483,60.65211713314057
2021-12-11 05:00:00,1.0195044408241911,13.832,61.053395420312874
2021-12-11 06:00:00,4.930288074413937,23.753,61.4546737074852
2021-12-11 07:00:00,6.561377664407098,33.873,61.855951994657524
2021-12-11 08:00:00,9.186982099215188,34.919,62.25723028182983
2021-12-11 09:00:00,8.844987233479818,33.864,62.65850856900215
2021-12-11 10:00:00,7.069330255190532,31.815,63.059786856174476
2021-12-11 11:00:00,7.320728365580241,29.934,63.46106514334678
2021-12-11 12:00:00,7.674809010823568,29.497,63.862343430519104
2021-12-11 13:00:00,12.952886644999188,23.961,64.26362171769142
2021-12-11 14:00:00,8.697054378191632,15.937,64.66490000486374
2021-12-11 15:00:00,11.250562111536668,7.413,65.06617829203606
2021-12-11 16:00:00,9.682569249471024,1.826,65.46745657920837
2021-12-11 17:00:00,13.519025341669725,0.0,65.86873486638069
2021-12-11 18:00:00,16.893641201655072,0.0,66.27001315355301
2021-12-11 19:00:00,16.556527233123777,0.0,66.67129144072533
2021-12-11 20:00:00,12.13979821999868,0.0,67.07256972789764
2021-12-11 21:00:00,7.07382021745046,0.0,67.47384801506996
2021-12-11 22:00:00,5.751112532615662,0.0,67.87512630224228
2021-12-11 23:00:00,3.93185643752416,0.0,68.2764045894146
2021-12-12 00:00:00,3.754353789488475,0.0,68.67768287658691
2021-12-12 01:00:00,3.616632707913716,0.0,68.33193153142929
2021-12-12 02:00:00,2.182817442218463,0.0,67.98618018627167
2021-12-12 03:00:00,0.9296005030473072,0.76,67.64042884111404
2021-12-12 04:00:00,0.8913112809260685,8.409,67.29467749595642
2021-12-12 05:00:00,1.0009589135646817,24.632,66.9489261507988
2021-12-12 06:00:00,1.148675163586934,43.876,66.60317480564117
2021-12-12 07:00:00,2.0284713417291647,61.311,66.25742346048355
2021-12-12 08:00:00,5.20115275979042,71.441,65.91167211532593
2021-12-12 09:00:00,8.42562301158905,74.231,65.5659207701683
2021-12-12 10:00:00,11.25010046958923,71.884,65.22016942501068
2021-12-12 11:00:00,9.461828629175823,64.788,64.87441807985306
2021-12-12 12:00:00,8.448722767829898,58.589,64.52866673469543
2021-12-12 13:00:00,10.801774303118387,43.893,64.18291538953781
2021-12-12 14:00:00,8.141499070326487,27.747,63.83716404438018
2021-12-12 15:00:00,8.921989492575324,14.985,63.491412699222565
2021-12-12 16:00:00,9.357074817021688,4.448,63.14566135406495
2021-12-12 17:00:00,6.1292031367619835,0.0,62.79991000890731
2021-12-12 18:00:00,6.364799308776855,0.0,62.454158663749695
2021-12-12 19:00:00,7.445190413792928,0.0,62.10840731859208
2021-12-12 20:00:00,7.613153600692753,0.0,61.76265597343444
2021-12-12 21:00:00,4.525298265616099,0.0,61.416904628276825
2021-12-12 22:00:00,4.36944247086843,0.0,61.07115328311921
2021-12-12 23:00:00,4.302092250188193,0.0,60.72540193796157
2021-12-13 00:00:00,3.809984199206035,0.0,60.379650592803955
2021-12-13 01:00:00,3.917327388127646,0.0,59.89540457725525
2021-12-13 02:00:00,3.761324401696523,0.0,59.41115856170654
2021-12-13 03:00:00,3.830547058582306,1.255,58.92691254615784
2021-12-13 04:00:00,4.878186786174774,8.753,58.44266653060913
2021-12-13 05:00:00,5.255595640341441,25.275,57.958420515060425
2021-12-13 06:00:00,7.840767836570739,46.753,57.47417449951172
2021-12-13 07:00:00,5.5447564125061035,58.938,56.98992848396301
2021-12-13 08:00:00,6.66849672794342,62.986,56.50568246841431
2021-12-13 09:00:00,6.722491109371186,61.904,56.0214364528656
2021-12-13 10:00:00,6.06172896226247,59.007,55.537190437316895
2021-12-13 11:00:00,3.74162206252416,67.716,55.05294442176819
2021-12-13 12:00:00,3.848284725348155,63.747,54.56869840621948
2021-12-13 13:00:00,5.833668156464896,43.205,54.084452390670776
2021-12-13 14:00:00,5.7115244229634605,27.79,53.60020637512207
2021-12-13 15:00:00,7.220022022724153,15.445,53.115960359573364
2021-12-13 16:00:00,9.366184401512148,4.377,52.63171434402466
2021-12-13 17:00:00,11.42463726997376,0.0,52.14746832847595
2021-12-13 18:00:00,9.960626920064287,0.0,51.663222312927246
2021-12-13 19:00:00,12.100372290611263,0.0,51.17897629737854
2021-12-13 20:00:00,6.789027802149458,0.0,50.694730281829834
2021-12-13 21:00:00,5.709904233614604,0.0,50.21048426628113
2021-12-13 22:00:00,4.488431557019551,0.0,49.72623825073242
2021-12-13 23:00:00,4.0584915518760685,0.0,49.241992235183716
2021-12-14 00:00:00,3.714581334590912,0.0,48.75774621963501
2021-12-14 01:00:00,3.5872141400973008,0.0,48.32967296242714
2021-12-14 02:00:00,3.634535773595174,0.0,47.90159970521927
2021-12-14 03:00:00,4.008519840240479,1.195,47.4735264480114
2021-12-14 04:00:00,4.247556654612223,9.691,47.04545319080353
2021-12-14 05:00:00,1.364335779349009,24.258,46.61737993359566
2021-12-14 06:00:00,3.422521987557411,36.035,46.18930667638779
2021-12-14 07:00:00,6.395431411266326,47.62,45.761233419179916
2021-12-14 08:00:00,9.858708520730334,41.28,45.333160161972046
2021-12-14 09:00:00,8.198023962974549,34.94,44.905086904764175
2021-12-14 10:00:00,6.195588703950244,66.419,44.477013647556305
2021-12-14 11:00:00,4.455283800760905,74.167,44.048940390348434
2021-12-14 12:00:00,8.776920488902501,65.111,43.620867133140564
2021-12-14 13:00:00,6.458797355003545,51.342,43.19279387593269
2021-12-14 14:00:00,4.140674221104589,33.953,42.76472061872482
2021-12-14 15:00:00,3.6237278826096464,15.319,42.33664736151695
2021-12-14 16:00:00,3.0351490974426265,3.994,41.90857410430908
2021-12-14 17:00:00,7.359873986244204,0.0,41.48050084710121
2021-12-14 18:00:00,8.489156953493755,0.0,41.05242758989334
2021-12-14 19:00:00,10.364684208234154,0.0,40.62435433268547
2021-12-14 20:00:00,9.85636953512828,0.0,40.1962810754776
2021-12-14 21:00:00,6.485135889053344,0.0,39.76820781826973
2021-12-14 22:00:00,5.45049835840861,0.0,39.34013456106186
2021-12-14 23:00:00,3.930091301600138,0.0,38.91206130385399
2021-12-15 00:00:00,3.626321303844452,0.0,38.48398804664612
2021-12-15 01:00:00,3.643713700771331,0.0,38.224109411239624
2021-12-15 02:00:00,3.5266456762949625,0.0,37.96423077583313
2021-12-15 03:00:00,3.482989152272543,0.988,37.704352140426636
2021-12-15 04:00:00,4.520644311110178,9.133,37.44447350502014
2021-12-15 05:00:00,9.33565014600754,23.968,37.18459486961365
2021-12-15 06:00:00,6.638144258658091,41.51,36.92471623420715
2021-12-15 07:00:00,9.457791364192964,54.268,36.66483759880066
2021-12-15 08:00:00,11.291972533861792,64.987,36.404958963394165
2021-12-15 09:00:00,6.442857758204141,63.672,36.14508032798767
2021-12-15 10:00:00,6.853349165121717,61.03,35.88520169258118
2021-12-15 11:00:00,5.716703454653422,57.372,35.62532305717468
2021-12-15 12:00:00,6.205691512425741,48.374,35.36544442176819
2021-12-15 13:00:00,9.24963688850403,39.131,35.105565786361694
2021-12-15 14:00:00,8.87987064398252,28.558,34.8456871509552
2021-12-15 15:00:00,7.825209601720173,14.228,34.585808515548706
2021-12-15 16:00:00,11.072587021191916,3.586,34.32592988014221
2021-12-15 17:00:00,9.95867508252462,0.0,34.06605124473572
2021-12-15 18:00:00,7.245091223716736,0.0,33.806172609329224
2021-12-15 19:00:00,12.97321050961812,0.0,33.54629397392273
2021-12-15 20:00:00,9.203446300824483,0.0,33.286415338516235
2021-12-15 21:00:00,7.552361210187277,0.0,33.02653670310974
2021-12-15 22:00:00,6.96431715488434,0.0,32.76665806770325
2021-12-15 23:00:00,4.993119963010153,0.0,32.50677943229675
2021-12-16 00:00:00,4.410397442181905,0.0,32.24690079689026
2021-12-16 01:00:00,4.376385196050008,0.0,32.036738097667694
2021-12-16 02:00:00,4.395179851849873,0.0,31.82657539844513
2021-12-16 03:00:00,3.029449890057246,1.119,31.616412699222565
2021-12-16 04:00:00,1.34426747361819,8.128,31.40625
2021-12-16 05:00:00,1.2113421181837718,16.903,31.196087300777435
2021-12-16 06:00:00,1.2397570461034777,37.909,30.98592460155487
2021-12-16 07:00:00,2.5858211239178974,54.525,30.775761902332306
2021-12-16 08:00:00,3.4913614928722376,69.917,30.56559920310974
2021-12-16 09:00:00,8.575140142440794,74.958,30.355436503887177
2021-12-16 10:00:00,8.66879756450653,75.422,30.145273804664612
2021-12-16 11:00:00,6.17355665365855,71.912,29.935111105442047
2021-12-16 12:00:00,6.021121883392339,64.033,29.724948406219482
2021-12-16 13:00:00,5.659541273117066,48.443,29.514785706996918
2021-12-16 14:00:00,7.307146310806274,33.445,29.304623007774353
2021-12-16 15:00:00,9.268131979306538,14.801,29.09446030855179
2021-12-16 16:00:00,8.283309352397918,3.413,28.884297609329224
2021-12-16 17:00:00,8.21513713200887,0.0,28.67413491010666
2021-12-16 18:00:00,8.457767526308691,0.0,28.463972210884094
2021-12-16 19:00:00,8.499471680323284,0.0,28.25380951166153
2021-12-16 20:00:00,13.245904326438898,0.0,28.043646812438965
2021-12-16 21:00:00,9.241466959317522,0.0,27.8334841132164
2021-12-16 22:00:00,5.733828719456991,0.0,27.623321413993835
2021-12-16 23:00:00,4.243769037723541,0.0,27.41315871477127
2021-12-17 00:00:00,4.3260137796401965,0.0,27.202996015548706
2021-12-17 01:00:00,4.08746612071991,0.0,26.976691782474518
2021-12-17 02:00:00,3.6114972194035864,0.0,26.75038754940033
2021-12-17 03:00:00,3.757456644376119,0.769,26.52408331632614
2021-12-17 04:00:00,4.633077637354533,8.392,26.297779083251953
2021-12-17 05:00:00,5.87448320388794,24.602,26.071474850177765
2021-12-17 06:00:00,9.045717390378318,40.029,25.845170617103577
2021-12-17 07:00:00,8.175233602523804,60.399,25.61886638402939
2021-12-17 08:00:00,9.859693352381388,71.274,25.3925621509552
2021-12-17 09:00:00,9.60552434921265,76.245,25.166257917881012
2021-12-17 10:00:00,8.565271131197614,76.386,24.939953684806824
2021-12-17 11:00:00,7.93875544071197,73.504,24.713649451732635
2021-12-17 12:00:00,9.660450077056886,61.638,24.487345218658447
2021-12-17 13:00:00,7.212391606966659,45.768,24.26104098558426
2021-12-17 14:00:00,9.37506317297618,31.459,24.03473675251007
2021-12-17 15:00:00,8.093412470817567,15.072,23.808432519435883
2021-12-17 16:00:00,8.2093386888504,4.49,23.582128286361694
2021-12-17 17:00:00,9.431961011886594,0.0,23.355824053287506
2021-12-17 18:00:00,8.901049550374351,0.0,23.129519820213318
2021-12-17 19:00:00,8.57004244327545,0.0,22.90321558713913
2021-12-17 20:00:00,8.930004922548932,0.0,22.67691135406494
2021-12-17 21:00:00,11.85086085001627,0.0,22.450607120990753
2021-12-17 22:00:00,10.58229381243388,0.0,22.224302887916565
2021-12-17 23:00:00,7.80803595383962,0.0,21.997998654842377
2021-12-18 00:00:00,7.027008485794068,0.0,21.77169442176819
2021-12-18 01:00:00,7.011499484380086,0.0,21.572507917881012
2021-12-18 02:00:00,6.04620475769043,0.0,21.373321413993835
2021-12-18 03:00:00,6.153090341885885,1.184,21.17413491010666
2021-12-18 04:00:00,6.853370682398478,8.577,20.974948406219482
2021-12-18 05:00:00,6.788632933298745,29.103,20.775761902332306
2021-12-18 06:00:00,8.975713149706525,49.517,20.57657539844513
2021-12-18 07:00:00,10.68090005715688,65.097,20.377388894557953
2021-12-18 08:00:00,9.236286377906795,75.321,20.178202390670776
2021-12-18 09:00:00,9.52069119612376,80.464,19.9790158867836
2021-12-18 10:00:00,8.063115660349528,80.954,19.779829382896423
2021-12-18 11:00:00,9.585203671455384,76.874,19.580642879009247
2021-12-18 12:00:00,6.954170028368634,68.1,19.38145637512207
2021-12-18 13:00:00,6.859349970022837,54.486,19.182269871234894
2021-12-18 14:00:00,4.889973151683807,36.213,18.983083367347717
2021-12-18 15:00:00,12.09642186164856,15.221,18.78389686346054
2021-12-18 16:00:00,10.601410126686094,3.31,18.584710359573364
2021-12-18 17:00:00,4.851647329330444,0.0,18.385523855686188
2021-12-18 18:00:00,7.975792654355367,0.0,18.18633735179901
2021-12-18 19:00:00,8.746162931124369,0.0,17.987150847911835
2021-12-18 20:00:00,12.292182151476544,0.0,17.787964344024658
2021-12-18 21:00:00,9.383520674705506,0.0,17.58877784013748
2021-12-18 22:00:00,6.264097849527994,0.0,17.389591336250305
2021-12-18 23:00:00,7.037997039159138,0.0,17.19040483236313
2021-12-19 00:00:00,7.160634700457255,0.0,16.991218328475952
2021-12-19 01:00:00,6.240571069717407,0.0,16.844007596373558
2021-12-19 02:00:00,5.737153474489848,0.0,16.696796864271164
2021-12-19 03:00:00,5.451078200340271,1.003,16.54958613216877
2021-12-19 04:00:00,5.268395304679871,7.382,16.402375400066376
2021-12-19 05:00:00,7.991528542836507,28.625,16.25516466796398
2021-12-19 06:00:00,9.82869468530019,48.329,16.107953935861588
2021-12-19 07:00:00,8.817798137664795,63.49,15.960743203759192
2021-12-19 08:00:00,9.551085551579794,73.56,15.813532471656801
2021-12-19 09:00:00,9.406818167368572,78.676,15.666321739554405
2021-12-19 10:00:00,12.265934022267665,79.212,15.51911100745201
2021-12-19 11:00:00,7.069735153516134,75.334,15.371900275349619
2021-12-19 12:00:00,8.554134901364645,66.846,15.224689543247223
2021-12-19 13:00:00,11.5644825776418,53.66,15.077478811144827
2021-12-19 14:00:00,7.488418650627134,35.852,14.930268079042435
2021-12-19 15:00:00,8.117192975680037,14.991,14.78305734694004
2021-12-19 16:00:00,11.948578071594236,2.554,14.635846614837646
2021-12-19 17:00:00,9.60739823182424,0.0,14.488635882735252
2021-12-19 18:00:00,7.095016233126325,0.0,14.341425150632858
2021-12-19 19:00:00,10.222157923380536,0.0,14.194214418530464
2021-12-19 20:00:00,10.502697960535682,0.0,14.04700368642807
2021-12-19 21:00:00,9.342964879671731,0.0,13.899792954325676
2021-12-19 22:00:00,5.048418815930685,0.0,13.752582222223282
2021-12-19 23:00:00,5.028345974286398,0.0,13.605371490120888
2021-12-20 00:00:00,3.967715036869048,0.0,13.458160758018494
2021-12-20 01:00:00,3.903613281250001,0.0,13.36098875850439
2021-12-20 02:00:00,3.892478529612222,0.0,13.263816758990288
2021-12-20 03:00:00,3.775014519691467,1.045,13.166644759476185
2021-12-20 04:00:00,5.497024440765382,7.542,13.069472759962082
2021-12-20 05:00:00,9.450356809298198,27.685,12.972300760447979
2021-12-20 06:00:00,7.738859764734904,46.431,12.875128760933876
2021-12-20 07:00:00,9.625649070739746,60.786,12.777956761419773
2021-12-20 08:00:00,10.618882377942406,70.218,12.68078476190567
2021-12-20 09:00:00,12.61827569802602,74.891,12.583612762391567
2021-12-20 10:00:00,10.129626186688736,75.204,12.486440762877464
2021-12-20 11:00:00,10.071766551335651,69.993,12.389268763363361
2021-12-20 12:00:00,6.954961649576822,58.337,12.292096763849258
2021-12-20 13:00:00,8.952764399846396,43.849,12.194924764335155
2021-12-20 14:00:00,8.922184213002522,27.807,12.097752764821053
2021-12-20 15:00:00,6.781142735481259,13.344,12.00058076530695
2021-12-20 16:00:00,7.907564163208009,3.741,11.903408765792847
2021-12-20 17:00:00,7.639376409848532,0.0,11.806236766278744
2021-12-20 18:00:00,9.756678827603658,0.0,11.70906476676464
2021-12-20 19:00:00,15.684776592254638,0.0,11.611892767250538
2021-12-20 20:00:00,16.013743750254317,0.0,11.514720767736435
2021-12-20 21:00:00,11.135350910822556,0.0,11.417548768222332
2021-12-20 22:00:00,9.435408894220991,0.0,11.320376768708229
2021-12-20 23:00:00,7.863582889238993,0.0,11.223204769194126
2021-12-21 00:00:00,7.20782573223114,0.0,11.126032769680023
2021-12-21 01:00:00,5.419499508539837,0.0,11.06566347181797
2021-12-21 02:00:00,5.39106117884318,0.0,11.005294173955917
2021-12-21 03:00:00,5.091572078069051,1.098,10.944924876093864
2021-12-21 04:00:00,5.120590945084889,7.499,10.884555578231812
2021-12-21 05:00:00,8.460485076904295,26.78,10.824186280369759
2021-12-21 06:00:00,12.92961328029633,45.123,10.763816982507706
2021-12-21 07:00:00,11.009755698839824,59.449,10.703447684645653
2021-12-21 08:00:00,8.083991114298502,69.093,10.6430783867836
2021-12-21 09:00:00,7.606970071792601,74.151,10.582709088921547
2021-12-21 10:00:00,8.481139453252155,72.912,10.522339791059494
2021-12-21 11:00:00,6.150112533569337,67.995,10.461970493197441
2021-12-21 12:00:00,6.348885826269784,53.656,10.401601195335388
2021-12-21 13:00:00,5.4015147606531775,41.839,10.341231897473335
2021-12-21 14:00:00,9.595527466138204,29.913,10.280862599611282
2021-12-21 15:00:00,10.899979702631631,15.175,10.22049330174923
2021-12-21 16:00:00,7.491971389452616,4.044,10.160124003887177
2021-12-21 17:00:00,7.950561086336774,0.0,10.099754706025124
2021-12-21 18:00:00,10.031095170974734,0.0,10.03938540816307
2021-12-21 19:00:00,14.17908697128296,0.0,9.979016110301018
2021-12-21 20:00:00,13.548048337300616,0.0,9.918646812438965
2021-12-21 21:00:00,10.157242981592816,0.0,9.858277514576912
2021-12-21 22:00:00,8.955101275444035,0.0,9.797908216714859
2021-12-21 23:00:00,5.189636739095052,0.0,9.737538918852806
2021-12-22 00:00:00,4.35415449142456,0.0,9.677169620990753
2021-12-22 01:00:00,4.424055687586466,0.0,10.006779618561268
2021-12-22 02:00:00,4.375015505154928,0.0,10.336389616131783
2021-12-22 03:00:00,4.87136932214101,1.233,10.665999613702297
2021-12-22 04:00:00,4.340524991353352,8.766,10.995609611272812
2021-12-22 05:00:00,5.9510234991709385,25.536,11.325219608843327
2021-12-22 06:00:00,5.882553021113077,44.252,11.654829606413841
2021-12-22 07:00:00,8.713098581631982,58.68,11.984439603984356
2021-12-22 08:00:00,6.94429420630137,68.014,12.31404960155487
2021-12-22 09:00:00,8.057808907826738,73.233,12.643659599125385
2021-12-22 10:00:00,7.60600465138753,73.59,12.9732695966959
2021-12-22 11:00:00,8.730198748906451,69.585,13.302879594266415
2021-12-22 12:00:00,4.860329031944276,60.213,13.63248959183693
2021-12-22 13:00:00,7.904673631985985,48.835,13.962099589407444
2021-12-22 14:00:00,12.67566548983256,31.931,14.291709586977959
2021-12-22 15:00:00,7.962363878885906,14.95,14.621319584548473
2021-12-22 16:00:00,10.529063479105634,4.258,14.95092958211899
2021-12-22 17:00:00,10.711654893557228,0.0,15.280539579689501
2021-12-22 18:00:00,10.768116021156311,0.0,15.610149577260017
2021-12-22 19:00:00,11.45326120853424,0.0,15.939759574830534
2021-12-22 20:00:00,9.352259715398157,0.0,16.269369572401047
2021-12-22 21:00:00,6.27434898217519,0.0,16.59897956997156
2021-12-22 22:00:00,5.6510199745496115,0.0,16.928589567542076
2021-12-22 23:00:00,3.715012423197429,0.0,17.25819956511259
2021-12-23 00:00:00,3.28864601055781,0.0,17.587809562683105
2021-12-23 01:00:00,3.395832745234171,0.0,17.830578163266182
2021-12-23 02:00:00,3.1776548306147254,0.0,18.07334676384926
2021-12-23 03:00:00,3.2178966442743944,0.89,18.316115364432335
2021-12-23 04:00:00,3.348345212141673,7.159,18.55888396501541
2021-12-23 05:00:00,3.011113893985749,14.725,18.801652565598488
2021-12-23 06:00:00,1.7933575332164762,20.402,19.044421166181564
2021-12-23 07:00:00,5.491665122906371,22.994,19.28718976676464
2021-12-23 08:00:00,5.644529680411022,18.365,19.529958367347717
2021-12-23 09:00:00,6.964202813307446,18.047,19.772726967930794
2021-12-23 10:00:00,6.914240813255311,18.331,20.01549556851387
2021-12-23 11:00:00,6.171349481741591,20.918,20.258264169096947
2021-12-23 12:00:00,9.905761599540714,19.058,20.501032769680023
2021-12-23 13:00:00,6.051159099737803,17.637,20.7438013702631
2021-12-23 14:00:00,6.303192536036175,12.38,20.986569970846176
2021-12-23 15:00:00,7.0324010848999015,6.358,21.229338571429253
2021-12-23 16:00:00,7.563876024882002,1.866,21.47210717201233
2021-12-23 17:00:00,6.383304087320964,0.0,21.714875772595406
2021-12-23 18:00:00,9.363899302482604,0.0,21.957644373178482
2021-12-23 19:00:00,11.129330913225813,0.0,22.20041297376156
2021-12-23 20:00:00,12.345218300819395,0.0,22.443181574344635
2021-12-23 21:00:00,9.021440172195437,0.0,22.68595017492771
2021-12-23 22:00:00,9.905001338322958,0.0,22.928718775510788
2021-12-23 23:00:00,8.923698957761127,0.0,23.171487376093864
2021-12-24 00:00:00,6.69256457487742,0.0,23.41425597667694
2021-12-24 01:00:00,6.777599398295085,0.0,23.447507545351982
2021-12-24 02:00:00,5.159964458147685,0.0,23.480759114027023
2021-12-24 03:00:00,2.2760072569052383,1.283,23.514010682702065
2021-12-24 04:00:00,1.4364748875300095,8.667,23.547262251377106
2021-12-24 05:00:00,1.2631436864535013,26.483,23.580513820052147
2021-12-24 06:00:00,1.751008095343909,45.679,23.613765388727188
2021-12-24 07:00:00,9.484542973836264,60.633,23.64701695740223
2021-12-24 08:00:00,8.493111872673035,69.908,23.68026852607727
2021-12-24 09:00:00,7.337437474727634,72.19,23.71352009475231
2021-12-24 10:00:00,7.687818650404608,69.788,23.746771663427353
2021-12-24 11:00:00,8.65271226565043,65.48,23.780023232102394
2021-12-24 12:00:00,7.636161180337267,55.326,23.813274800777435
2021-12-24 13:00:00,7.353675619761149,42.116,23.846526369452477
2021-12-24 14:00:00,7.372379453976951,29.545,23.879777938127518
2021-12-24 15:00:00,6.500909924507141,15.292,23.91302950680256
2021-12-24 16:00:00,8.347578040758764,4.224,23.9462810754776
2021-12-24 17:00:00,9.571366206804909,0.0,23.97953264415264
2021-12-24 18:00:00,11.131784542401627,0.0,24.012784212827682
2021-12-24 19:00:00,12.073852793375648,0.0,24.046035781502724
2021-12-24 20:00:00,12.578021335601806,0.0,24.079287350177765
2021-12-24 21:00:00,9.842628510793048,0.0,24.112538918852806
2021-12-24 22:00:00,8.631140804290773,0.0,24.145790487527847
2021-12-24 23:00:00,9.136705533663433,0.0,24.17904205620289
2021-12-25 00:00:00,7.857495896021526,0.0,24.21229362487793
2021-12-25 01:00:00,7.025049328804016,0.0,24.282670691609383
2021-12-25 02:00:00,7.039251518249512,0.0,24.353047758340836
2021-12-25 03:00:00,5.714679479598999,1.134,24.42342482507229
2021-12-25 04:00:00,2.0423770328362783,8.878,24.49380189180374
2021-12-25 05:00:00,1.4305077890555054,22.326,24.564178958535194
2021-12-25 06:00:00,1.6339284718036653,38.052,24.634556025266647
2021-12-25 07:00:00,7.817485562960309,52.26,24.7049330919981
2021-12-25 08:00:00,6.470977965990704,61.606,24.775310158729553
2021-12-25 09:00:00,11.001626650492348,67.699,24.845687225461006
2021-12-25 10:00:00,7.969482429822286,70.214,24.91606429219246
2021-12-25 11:00:00,10.035969392458597,68.317,24.986441358923912
2021-12-25 12:00:00,10.128300984700529,61.596,25.056818425655365
2021-12-25 13:00:00,7.452598683039346,48.449,25.127195492386818
2021-12-25 14:00:00,8.053436660766604,33.259,25.19757255911827
2021-12-25 15:00:00,9.56846390565236,15.117,25.267949625849724
2021-12-25 16:00:00,11.318184185028077,4.243,25.338326692581177
2021-12-25 17:00:00,14.56013048489888,0.0,25.40870375931263
2021-12-25 18:00:00,9.3679092168808,0.0,25.479080826044083
2021-12-25 19:00:00,9.618623805046084,0.0,25.549457892775536
2021-12-25 20:00:00,7.866945131619771,0.0,25.61983495950699
2021-12-25 21:00:00,7.988877121607463,0.0,25.69021202623844
2021-12-25 22:00:00,7.1838897625605265,0.0,25.760589092969894
2021-12-25 23:00:00,6.822705539067586,0.0,25.830966159701347
2021-12-26 00:00:00,6.034199500083924,0.0,25.9013432264328
2021-12-26 01:00:00,5.374432341257731,0.0,25.884556025266647
2021-12-26 02:00:00,5.691399037837982,0.0,25.867768824100494
2021-12-26 03:00:00,4.931101107597352,1.126,25.85098162293434
2021-12-26 04:00:00,4.3970635255177815,9.033,25.83419442176819
2021-12-26 05:00:00,1.8200771927833548,22.333,25.817407220602036
2021-12-26 06:00:00,4.393256100018818,42.509,25.800620019435883
2021-12-26 07:00:00,8.653312420845033,56.843,25.78383281826973
2021-12-26 08:00:00,9.52840405305227,64.404,25.767045617103577
2021-12-26 09:00:00,11.47143465677897,67.883,25.750258415937424
2021-12-26 10:00:00,10.18297653992971,65.002,25.73347121477127
2021-12-26 11:00:00,9.059742085138955,58.031,25.716684013605118
2021-12-26 12:00:00,9.295331072807311,47.06,25.699896812438965
2021-12-26 13:00:00,7.8394719998041795,33.886,25.683109611272812
2021-12-26 14:00:00,7.846423188845315,22.483,25.66632241010666
2021-12-26 15:00:00,8.75197387536367,9.898,25.649535208940506
2021-12-26 16:00:00,8.171455256144206,2.148,25.632748007774353
2021-12-26 17:00:00,8.587887040774035,0.0,25.6159608066082
2021-12-26 18:00:00,9.602549052238462,0.0,25.599173605442047
2021-12-26 19:00:00,8.441908621788023,0.0,25.582386404275894
2021-12-26 20:00:00,9.658452391624452,0.0,25.56559920310974
2021-12-26 21:00:00,8.260922567049663,0.0,25.54881200194359
2021-12-26 22:00:00,8.111359524726868,0.0,25.532024800777435
2021-12-26 23:00:00,6.087708512941996,0.0,25.515237599611282
2021-12-27 00:00:00,5.746023480097453,0.0,25.49845039844513
2021-12-27 01:00:00,5.501979144414267,0.0,25.462616235017776
2021-12-27 02:00:00,5.583129413922629,0.0,25.426782071590424
2021-12-27 03:00:00,3.1149858852227528,1.219,25.39094790816307
2021-12-27 04:00:00,1.3658808946609495,8.475,25.355113744735718
2021-12-27 05:00:00,1.0890656898419062,26.115,25.319279581308365
2021-12-27 06:00:00,1.6638076722621913,45.61,25.283445417881012
2021-12-27 07:00:00,6.205793873469035,59.531,25.24761125445366
2021-12-27 08:00:00,7.494416729609175,68.496,25.211777091026306
2021-12-27 09:00:00,8.822217718760173,73.782,25.175942927598953
2021-12-27 10:00:00,8.316407918930057,74.515,25.1401087641716
2021-12-27 11:00:00,5.248168468475339,69.61,25.104274600744247
2021-12-27 12:00:00,7.2539124647776285,58.212,25.068440437316895
2021-12-27 13:00:00,10.188191938400276,45.13,25.03260627388954
2021-12-27 14:00:00,8.074286707242333,29.168,24.99677211046219
2021-12-27 15:00:00,9.579615712165836,14.791,24.960937947034836
2021-12-27 16:00:00,6.185656054814654,4.103,24.925103783607483
2021-12-27 17:00:00,9.908409802118936,0.0,24.88926962018013
2021-12-27 18:00:00,9.503532576560971,0.0,24.853435456752777
2021-12-27 19:00:00,10.563679329554244,0.0,24.817601293325424
2021-12-27 20:00:00,7.766497532526652,0.0,24.78176712989807
2021-12-27 21:00:00,7.558258612950642,0.0,24.74593296647072
2021-12-27 22:00:00,6.175156021118165,0.0,24.710098803043365
2021-12-27 23:00:00,4.651010060310365,0.0,24.674264639616013
2021-12-28 00:00:00,4.914988243579865,0.0,24.63843047618866
2021-12-28 01:00:00,4.072749706109366,0.0,24.54836070537567
2021-12-28 02:00:00,3.8416693965593978,0.0,24.458290934562683
2021-12-28 03:00:00,3.631119902928669,1.209,24.368221163749695
2021-12-28 04:00:00,3.646314680576325,7.876,24.278151392936707
2021-12-28 05:00:00,4.506129658222198,26.726,24.18808162212372
2021-12-28 06:00:00,2.459712051351865,45.389,24.09801185131073
2021-12-28 07:00:00,4.5260291616121915,60.839,24.00794208049774
2021-12-28 08:00:00,6.30793325106303,71.2,23.917872309684753
2021-12-28 09:00:00,5.820045638084411,76.252,23.827802538871765
2021-12-28 10:00:00,7.729838657379148,76.914,23.737732768058777
2021-12-28 11:00:00,7.691911550362905,71.851,23.64766299724579
2021-12-28 12:00:00,4.405701279640199,60.09,23.5575932264328
2021-12-28 13:00:00,5.7558776934941625,48.724,23.467523455619812
2021-12-28 14:00:00,7.474166405200957,31.788,23.377453684806824
2021-12-28 15:00:00,6.299234505494436,15.349,23.287383913993835
2021-12-28 16:00:00,6.009642827510834,3.546,23.197314143180847
2021-12-28 17:00:00,5.8537830511728925,0.0,23.10724437236786
2021-12-28 18:00:00,6.358222301801045,0.0,23.01717460155487
2021-12-28 19:00:00,6.305357058842975,0.0,22.927104830741882
2021-12-28 20:00:00,8.130479645729064,0.0,22.837035059928894
2021-12-28 21:00:00,7.184573674201963,0.0,22.746965289115906
2021-12-28 22:00:00,6.239369106292725,0.0,22.656895518302917
2021-12-28 23:00:00,4.400235664844513,0.0,22.56682574748993
2021-12-29 00:00:00,3.956140633424124,0.0,22.47675597667694
2021-12-29 01:00:00,3.568456157048543,0.0,22.355371713638306
2021-12-29 02:00:00,3.6142529249191298,0.0,22.23398745059967
2021-12-29 03:00:00,3.4582546154658003,1.096,22.112603187561035
2021-12-29 04:00:00,3.860987250010173,9.044,21.9912189245224
2021-12-29 05:00:00,4.505905250708262,20.876,21.869834661483765
2021-12-29 06:00:00,5.1817972421646115,40.612,21.74845039844513
2021-12-29 07:00:00,6.307975864410399,57.596,21.627066135406494
2021-12-29 08:00:00,6.918478361765545,63.451,21.50568187236786
2021-12-29 09:00:00,8.083151793479919,61.653,21.384297609329224
2021-12-29 10:00:00,8.831321700414025,63.205,21.26291334629059
2021-12-29 11:00:00,8.662887279192603,55.599,21.141529083251953
2021-12-29 12:00:00,6.432389322916664,48.361,21.020144820213318
2021-12-29 13:00:00,7.538567121823629,38.196,20.898760557174683
2021-12-29 14:00:00,8.529634908835096,27.599,20.777376294136047
2021-12-29 15:00:00,12.216068991025292,15.131,20.655992031097412
2021-12-29 16:00:00,7.170349864164991,4.444,20.534607768058777
2021-12-29 17:00:00,6.22768646478653,0.0,20.41322350502014
2021-12-29 18:00:00,6.221929915746054,0.0,20.291839241981506
2021-12-29 19:00:00,7.983562843004864,0.0,20.17045497894287
2021-12-29 20:00:00,10.639371371269226,0.0,20.049070715904236
2021-12-29 21:00:00,7.831325284639992,0.0,19.9276864528656
2021-12-29 22:00:00,8.393188667297363,0.0,19.806302189826965
2021-12-29 23:00:00,4.949402570724486,0.0,19.68491792678833
2021-12-30 00:00:00,4.0952509562174475,0.0,19.563533663749695
2021-12-30 01:00:00,3.679581920305888,0.0,19.460873529314995
2021-12-30 02:00:00,2.5251144011815394,0.0,19.358213394880295
2021-12-30 03:00:00,2.6211718599001568,1.061,19.255553260445595
2021-12-30 04:00:00,2.484892161687215,6.561,19.152893126010895
2021-12-30 05:00:00,2.9752783656120303,26.484,19.050232991576195
2021-12-30 06:00:00,4.197877116998037,45.677,18.947572857141495
2021-12-30 07:00:00,6.75613751411438,60.608,18.844912722706795
2021-12-30 08:00:00,5.064668730894724,70.544,18.742252588272095
2021-12-30 09:00:00,8.831383887926732,75.645,18.639592453837395
2021-12-30 10:00:00,8.160614744822185,76.067,18.536932319402695
2021-12-30 11:00:00,7.11477989355723,69.082,18.434272184967995
2021-12-30 12:00:00,5.440279213587443,60.932,18.331612050533295
2021-12-30 13:00:00,7.049677395820617,47.605,18.228951916098595
2021-12-30 14:00:00,6.815213282903036,31.873,18.126291781663895
2021-12-30 15:00:00,6.763016072909037,15.245,18.023631647229195
2021-12-30 16:00:00,6.733786741892497,3.717,17.920971512794495
2021-12-30 17:00:00,5.852380553881328,0.0,17.818311378359795
2021-12-30 18:00:00,6.606565451622009,0.0,17.715651243925095
2021-12-30 19:00:00,7.21161020596822,0.0,17.612991109490395
2021-12-30 20:00:00,9.930267906188966,0.0,17.510330975055695
2021-12-30 21:00:00,6.931424307823183,0.0,17.407670840620995
2021-12-30 22:00:00,5.42399431069692,0.0,17.305010706186295
2021-12-30 23:00:00,4.540065117677053,0.0,17.202350571751595
2021-12-31 00:00:00,3.4057589848836263,0.0,17.099690437316895
